txn_id,sender,receiver,amount,timestamp,channel,fraud_label,fraud_type
TXN-0000000,ACC-00153,ACC-00498,62849.03,2025-12-12T05:00:06,NEFT,0,
TXN-0000001,ACC-00422,ACC-00164,5586.06,2025-10-27T03:47:38,IMPS,0,
TXN-0000002,ACC-00309,ACC-00330,140198.16,2025-10-09T16:03:12,UPI,0,
TXN-0000003,ACC-00108,ACC-00467,197405.74,2025-12-19T23:59:16,NEFT,0,
TXN-0000004,ACC-00248,ACC-00388,1083.7,2025-11-20T03:32:07,RTGS,0,
TXN-0000005,ACC-00420,ACC-00028,3484.49,2025-11-20T00:39:55,IMPS,0,
TXN-0000006,ACC-00033,ACC-00159,45711.84,2025-12-08T21:24:59,NEFT,0,
TXN-0000007,ACC-00069,ACC-00399,20553.02,2025-12-22T15:39:42,NEFT,0,
TXN-0000008,ACC-00291,ACC-00014,35233.69,2025-10-17T20:50:14,UPI,0,
TXN-0000009,ACC-00426,ACC-00102,7820.63,2025-12-21T06:17:49,UPI,0,
TXN-0000010,ACC-00016,ACC-00233,176825.09,2025-10-05T21:48:41,RTGS,0,
TXN-0000011,ACC-00360,ACC-00101,147270.38,2025-10-27T14:24:49,UPI,0,
TXN-0000012,ACC-00237,ACC-00258,40898.77,2025-11-08T12:56:33,NEFT,0,
TXN-0000013,ACC-00063,ACC-00348,276242.44,2025-10-03T23:13:02,UPI,0,
TXN-0000014,ACC-00250,ACC-00304,84247.72,2025-11-13T07:29:46,UPI,0,
TXN-0000015,ACC-00445,ACC-00242,7733.17,2025-11-26T23:31:48,NEFT,0,
TXN-0000016,ACC-00176,ACC-00083,70527.04,2025-12-21T07:52:29,RTGS,0,
TXN-0000017,ACC-00383,ACC-00425,6464.05,2025-12-06T21:08:17,UPI,0,
TXN-0000018,ACC-00014,ACC-00197,176523.72,2025-10-05T19:41:43,UPI,0,
TXN-0000019,ACC-00292,ACC-00399,33194.3,2025-10-21T19:23:54,RTGS,0,
TXN-0000020,ACC-00331,ACC-00115,26036.32,2025-12-05T19:08:39,UPI,0,
TXN-0000021,ACC-00333,ACC-00209,10660.78,2025-11-19T20:01:55,UPI,0,
TXN-0000022,ACC-00399,ACC-00495,327936.22,2025-12-14T12:34:26,IMPS,0,
TXN-0000023,ACC-00242,ACC-00466,27497.41,2025-10-13T20:18:51,NEFT,0,
TXN-0000024,ACC-00307,ACC-00410,16797.91,2025-10-01T19:43:18,UPI,0,
TXN-0000025,ACC-00311,ACC-00412,19267.2,2025-10-30T15:46:21,IMPS,0,
TXN-0000026,ACC-00363,ACC-00329,94670.39,2025-10-27T17:40:42,NEFT,0,
TXN-0000027,ACC-00192,ACC-00436,70108.5,2025-11-03T20:33:04,NEFT,0,
TXN-0000028,ACC-00111,ACC-00238,76337.43,2025-10-30T08:02:56,IMPS,0,
TXN-0000029,ACC-00422,ACC-00319,78863.82,2025-11-08T13:25:56,NEFT,0,
TXN-0000030,ACC-00003,ACC-00261,1715072.11,2025-12-04T07:24:00,ATM,0,
TXN-0000031,ACC-00429,ACC-00191,17473.71,2025-11-24T12:17:23,NEFT,0,
TXN-0000032,ACC-00311,ACC-00144,14442.97,2025-10-29T23:29:57,IMPS,0,
TXN-0000033,ACC-00246,ACC-00032,8393.47,2025-11-02T15:35:51,ATM,0,
TXN-0000034,ACC-00327,ACC-00166,110058.02,2025-12-23T15:25:15,UPI,0,
TXN-0000035,ACC-00335,ACC-00364,277104.54,2025-12-26T15:22:53,IMPS,0,
TXN-0000036,ACC-00096,ACC-00076,29581.21,2025-11-20T05:22:53,IMPS,0,
TXN-0000037,ACC-00460,ACC-00029,8004.17,2025-12-18T04:47:15,RTGS,0,
TXN-0000038,ACC-00414,ACC-00307,8233.23,2025-11-09T05:37:03,IMPS,0,
TXN-0000039,ACC-00348,ACC-00071,117133.2,2025-12-10T00:42:42,UPI,0,
TXN-0000040,ACC-00254,ACC-00151,138393.66,2025-10-26T04:30:25,RTGS,0,
TXN-0000041,ACC-00207,ACC-00198,96536.62,2025-12-11T12:42:36,UPI,0,
TXN-0000042,ACC-00362,ACC-00292,10960.82,2025-12-19T05:27:07,UPI,0,
TXN-0000043,ACC-00371,ACC-00365,55154.32,2025-10-22T14:08:37,IMPS,0,
TXN-0000044,ACC-00326,ACC-00401,44803.18,2025-11-16T04:32:36,RTGS,0,
TXN-0000045,ACC-00343,ACC-00183,53832.87,2025-11-19T06:07:45,UPI,0,
TXN-0000046,ACC-00087,ACC-00430,174306.72,2025-12-03T20:21:11,RTGS,0,
TXN-0000047,ACC-00092,ACC-00150,54310.45,2025-10-10T11:25:53,NEFT,0,
TXN-0000048,ACC-00379,ACC-00132,123259.16,2025-12-10T09:48:26,IMPS,0,
TXN-0000049,ACC-00390,ACC-00467,41012.92,2025-10-18T18:34:48,RTGS,0,
TXN-0000050,ACC-00460,ACC-00171,61109.03,2025-12-03T12:56:35,UPI,0,
TXN-0000051,ACC-00181,ACC-00114,113132.93,2025-12-12T06:08:05,RTGS,0,
TXN-0000052,ACC-00215,ACC-00403,2636.27,2025-12-26T02:29:42,UPI,0,
TXN-0000053,ACC-00133,ACC-00299,20426.57,2025-10-29T13:11:19,NEFT,0,
TXN-0000054,ACC-00060,ACC-00240,15573.55,2025-10-06T05:04:34,RTGS,0,
TXN-0000055,ACC-00298,ACC-00297,11499.05,2025-11-30T06:13:48,UPI,0,
TXN-0000056,ACC-00455,ACC-00099,22131.21,2025-11-18T14:11:48,UPI,0,
TXN-0000057,ACC-00348,ACC-00195,535466.9,2025-11-21T10:36:47,UPI,0,
TXN-0000058,ACC-00027,ACC-00445,7642.68,2025-12-22T22:31:22,UPI,0,
TXN-0000059,ACC-00102,ACC-00175,207502.99,2025-11-09T17:29:09,ATM,0,
TXN-0000060,ACC-00457,ACC-00464,1756.07,2025-11-14T10:13:07,UPI,0,
TXN-0000061,ACC-00441,ACC-00366,19874.78,2025-10-18T12:15:42,IMPS,0,
TXN-0000062,ACC-00249,ACC-00170,48676.69,2025-12-01T06:24:46,ATM,0,
TXN-0000063,ACC-00160,ACC-00324,104318.1,2025-10-06T15:10:53,UPI,0,
TXN-0000064,ACC-00140,ACC-00107,130640.93,2025-12-13T21:42:32,IMPS,0,
TXN-0000065,ACC-00295,ACC-00391,151452.15,2025-10-16T09:10:50,NEFT,0,
TXN-0000066,ACC-00390,ACC-00399,19385.78,2025-10-09T13:09:04,UPI,0,
TXN-0000067,ACC-00222,ACC-00324,15800.02,2025-11-11T16:35:49,NEFT,0,
TXN-0000068,ACC-00494,ACC-00244,170136.54,2025-11-07T05:11:31,UPI,0,
TXN-0000069,ACC-00273,ACC-00102,25736.16,2025-12-10T22:33:32,UPI,0,
TXN-0000070,ACC-00007,ACC-00456,3654.68,2025-11-01T06:48:39,IMPS,0,
TXN-0000071,ACC-00271,ACC-00097,4722.45,2025-10-02T17:44:51,IMPS,0,
TXN-0000072,ACC-00320,ACC-00375,6939.51,2025-10-25T03:47:59,UPI,0,
TXN-0000073,ACC-00449,ACC-00176,88866.39,2025-10-31T07:13:39,UPI,0,
TXN-0000074,ACC-00196,ACC-00257,46927.84,2025-11-27T03:42:07,UPI,0,
TXN-0000075,ACC-00033,ACC-00421,125853.48,2025-10-05T10:31:53,UPI,0,
TXN-0000076,ACC-00148,ACC-00233,16830.45,2025-12-10T15:58:16,NEFT,0,
TXN-0000077,ACC-00268,ACC-00172,48308.92,2025-11-12T02:30:47,RTGS,0,
TXN-0000078,ACC-00068,ACC-00175,111978.56,2025-12-27T12:22:35,NEFT,0,
TXN-0000079,ACC-00384,ACC-00096,20809.74,2025-10-17T00:12:23,RTGS,0,
TXN-0000080,ACC-00470,ACC-00415,82635.56,2025-11-09T03:58:14,UPI,0,
TXN-0000081,ACC-00114,ACC-00372,11031.76,2025-10-13T17:43:53,UPI,0,
TXN-0000082,ACC-00011,ACC-00301,18892.17,2025-11-18T23:52:53,UPI,0,
TXN-0000083,ACC-00187,ACC-00364,18267.37,2025-12-03T03:52:08,IMPS,0,
TXN-0000084,ACC-00192,ACC-00448,4219.57,2025-12-02T04:03:22,UPI,0,
TXN-0000085,ACC-00273,ACC-00319,87251.54,2025-10-05T17:12:56,NEFT,0,
TXN-0000086,ACC-00024,ACC-00338,15600.77,2025-10-11T11:55:21,IMPS,0,
TXN-0000087,ACC-00010,ACC-00024,37141.47,2025-12-06T23:14:00,UPI,0,
TXN-0000088,ACC-00227,ACC-00194,86279.21,2025-10-12T23:59:50,NEFT,0,
TXN-0000089,ACC-00242,ACC-00359,81125.78,2025-10-15T20:48:43,UPI,0,
TXN-0000090,ACC-00351,ACC-00322,120293.9,2025-10-01T21:40:52,UPI,0,
TXN-0000091,ACC-00338,ACC-00051,30416.06,2025-12-04T07:41:49,NEFT,0,
TXN-0000092,ACC-00318,ACC-00310,16950.68,2025-12-08T00:48:38,UPI,0,
TXN-0000093,ACC-00425,ACC-00460,31461.1,2025-10-11T04:28:04,NEFT,0,
TXN-0000094,ACC-00316,ACC-00060,1742.02,2025-10-28T10:45:16,UPI,0,
TXN-0000095,ACC-00054,ACC-00254,2684.36,2025-10-20T06:52:48,NEFT,0,
TXN-0000096,ACC-00398,ACC-00134,3358.13,2025-12-20T17:31:57,NEFT,0,
TXN-0000097,ACC-00103,ACC-00183,6032.73,2025-12-08T07:07:35,NEFT,0,
TXN-0000098,ACC-00082,ACC-00020,74577.46,2025-11-23T05:15:21,NEFT,0,
TXN-0000099,ACC-00106,ACC-00352,7116.26,2025-11-16T16:01:41,UPI,0,
TXN-0000100,ACC-00001,ACC-00006,18385.31,2025-12-05T05:01:07,UPI,0,
TXN-0000101,ACC-00056,ACC-00427,376476.51,2025-11-25T17:52:22,IMPS,0,
TXN-0000102,ACC-00076,ACC-00486,19124.49,2025-10-09T17:54:28,IMPS,0,
TXN-0000103,ACC-00038,ACC-00370,136971.48,2025-12-10T06:03:17,UPI,0,
TXN-0000104,ACC-00131,ACC-00329,6764.8,2025-10-23T10:38:33,NEFT,0,
TXN-0000105,ACC-00151,ACC-00135,25089.69,2025-11-15T01:50:40,UPI,0,
TXN-0000106,ACC-00416,ACC-00089,6567.97,2025-12-24T20:53:41,UPI,0,
TXN-0000107,ACC-00148,ACC-00184,19726.94,2025-12-17T19:51:15,IMPS,0,
TXN-0000108,ACC-00218,ACC-00378,164811.0,2025-10-12T06:04:08,UPI,0,
TXN-0000109,ACC-00388,ACC-00455,1621.04,2025-10-05T10:55:45,UPI,0,
TXN-0000110,ACC-00070,ACC-00339,79376.89,2025-12-02T20:04:55,UPI,0,
TXN-0000111,ACC-00183,ACC-00457,55710.51,2025-11-12T11:56:55,ATM,0,
TXN-0000112,ACC-00137,ACC-00449,12463.13,2025-12-11T04:10:19,UPI,0,
TXN-0000113,ACC-00417,ACC-00175,2689.46,2025-10-18T18:06:59,UPI,0,
TXN-0000114,ACC-00204,ACC-00492,41350.22,2025-11-14T07:48:44,UPI,0,
TXN-0000115,ACC-00197,ACC-00353,14001.41,2025-12-22T14:12:30,NEFT,0,
TXN-0000116,ACC-00215,ACC-00332,55205.46,2025-12-26T00:49:05,IMPS,0,
TXN-0000117,ACC-00057,ACC-00067,37772.4,2025-12-07T14:11:36,IMPS,0,
TXN-0000118,ACC-00482,ACC-00432,649009.09,2025-10-16T11:25:05,UPI,0,
TXN-0000119,ACC-00466,ACC-00302,23603.73,2025-11-16T20:42:50,IMPS,0,
TXN-0000120,ACC-00347,ACC-00224,5754.31,2025-10-18T14:22:03,NEFT,0,
TXN-0000121,ACC-00398,ACC-00183,50146.11,2025-11-29T08:34:06,UPI,0,
TXN-0000122,ACC-00350,ACC-00450,53959.77,2025-12-21T09:55:53,IMPS,0,
TXN-0000123,ACC-00456,ACC-00066,419382.07,2025-11-16T21:39:25,RTGS,0,
TXN-0000124,ACC-00057,ACC-00454,163276.48,2025-11-09T22:21:42,NEFT,0,
TXN-0000125,ACC-00032,ACC-00133,69034.93,2025-12-03T14:11:56,UPI,0,
TXN-0000126,ACC-00360,ACC-00444,505824.58,2025-12-05T19:41:19,NEFT,0,
TXN-0000127,ACC-00380,ACC-00295,4273.66,2025-12-10T06:30:52,NEFT,0,
TXN-0000128,ACC-00489,ACC-00342,11480.98,2025-12-24T18:34:19,UPI,0,
TXN-0000129,ACC-00267,ACC-00352,6851.09,2025-12-08T00:28:12,NEFT,0,
TXN-0000130,ACC-00221,ACC-00338,18003.88,2025-12-10T13:13:18,UPI,0,
TXN-0000131,ACC-00177,ACC-00339,3047.16,2025-12-05T15:52:58,NEFT,0,
TXN-0000132,ACC-00076,ACC-00429,113922.28,2025-12-20T05:44:22,NEFT,0,
TXN-0000133,ACC-00313,ACC-00027,24342.99,2025-10-02T03:08:04,NEFT,0,
TXN-0000134,ACC-00080,ACC-00258,2572.28,2025-12-22T09:57:12,NEFT,0,
TXN-0000135,ACC-00253,ACC-00445,5836.91,2025-10-17T01:25:08,UPI,0,
TXN-0000136,ACC-00251,ACC-00164,63852.11,2025-10-24T09:19:07,UPI,0,
TXN-0000137,ACC-00142,ACC-00025,164165.09,2025-11-19T05:13:51,UPI,0,
TXN-0000138,ACC-00329,ACC-00193,1321285.4,2025-11-09T03:42:12,IMPS,0,
TXN-0000139,ACC-00040,ACC-00235,6885666.15,2025-11-13T03:02:06,IMPS,0,
TXN-0000140,ACC-00229,ACC-00045,76568.19,2025-12-23T03:59:51,NEFT,0,
TXN-0000141,ACC-00161,ACC-00060,6117.03,2025-11-18T06:57:50,IMPS,0,
TXN-0000142,ACC-00009,ACC-00052,782.36,2025-11-09T04:04:57,NEFT,0,
TXN-0000143,ACC-00285,ACC-00281,58799.03,2025-10-01T00:23:43,IMPS,0,
TXN-0000144,ACC-00405,ACC-00309,8406.04,2025-11-30T02:31:43,NEFT,0,
TXN-0000145,ACC-00455,ACC-00260,17194.71,2025-11-24T14:19:47,UPI,0,
TXN-0000146,ACC-00343,ACC-00233,12066.95,2025-11-03T02:14:52,UPI,0,
TXN-0000147,ACC-00027,ACC-00418,28185.88,2025-10-22T15:26:12,IMPS,0,
TXN-0000148,ACC-00169,ACC-00286,247400.66,2025-12-14T12:12:35,NEFT,0,
TXN-0000149,ACC-00242,ACC-00366,48179.43,2025-12-03T19:18:38,UPI,0,
TXN-0000150,ACC-00231,ACC-00058,27294.96,2025-10-10T11:02:40,IMPS,0,
TXN-0000151,ACC-00113,ACC-00001,5629.77,2025-11-03T03:25:11,UPI,0,
TXN-0000152,ACC-00324,ACC-00493,1782.14,2025-12-17T15:55:54,UPI,0,
TXN-0000153,ACC-00267,ACC-00191,15133.19,2025-12-08T04:00:08,UPI,0,
TXN-0000154,ACC-00459,ACC-00084,32964.66,2025-11-17T19:25:36,UPI,0,
TXN-0000155,ACC-00367,ACC-00380,875257.88,2025-12-10T01:21:16,NEFT,0,
TXN-0000156,ACC-00130,ACC-00312,45912.57,2025-10-20T00:31:48,UPI,0,
TXN-0000157,ACC-00476,ACC-00436,212975.22,2025-11-08T03:30:54,UPI,0,
TXN-0000158,ACC-00422,ACC-00400,14783.51,2025-10-19T12:04:50,IMPS,0,
TXN-0000159,ACC-00055,ACC-00387,4303.14,2025-11-10T05:47:09,UPI,0,
TXN-0000160,ACC-00324,ACC-00428,6391.92,2025-12-05T06:12:13,NEFT,0,
TXN-0000161,ACC-00395,ACC-00456,9843.76,2025-11-13T17:45:06,NEFT,0,
TXN-0000162,ACC-00301,ACC-00489,1674869.01,2025-11-18T22:51:55,UPI,0,
TXN-0000163,ACC-00255,ACC-00002,8279.22,2025-11-21T11:50:18,IMPS,0,
TXN-0000164,ACC-00283,ACC-00478,164272.28,2025-11-12T00:31:16,IMPS,0,
TXN-0000165,ACC-00247,ACC-00473,7149.02,2025-11-19T08:30:05,IMPS,0,
TXN-0000166,ACC-00466,ACC-00090,194236.43,2025-12-07T04:03:07,NEFT,0,
TXN-0000167,ACC-00374,ACC-00417,72613.91,2025-10-13T11:09:04,UPI,0,
TXN-0000168,ACC-00336,ACC-00307,27393.25,2025-11-28T20:27:25,RTGS,0,
TXN-0000169,ACC-00258,ACC-00451,33746.35,2025-11-07T08:19:44,NEFT,0,
TXN-0000170,ACC-00311,ACC-00468,11174.42,2025-12-07T05:40:41,IMPS,0,
TXN-0000171,ACC-00140,ACC-00203,81058.79,2025-11-03T06:55:08,ATM,0,
TXN-0000172,ACC-00231,ACC-00412,16010.98,2025-10-13T22:46:44,UPI,0,
TXN-0000173,ACC-00308,ACC-00358,3999.44,2025-12-26T01:32:51,IMPS,0,
TXN-0000174,ACC-00153,ACC-00431,3639.9,2025-12-08T02:36:00,NEFT,0,
TXN-0000175,ACC-00160,ACC-00364,49546.07,2025-12-11T12:54:42,RTGS,0,
TXN-0000176,ACC-00323,ACC-00111,623038.92,2025-10-20T12:06:19,UPI,0,
TXN-0000177,ACC-00365,ACC-00148,48435.34,2025-12-06T15:55:13,UPI,0,
TXN-0000178,ACC-00344,ACC-00067,29332.49,2025-12-08T23:20:37,IMPS,0,
TXN-0000179,ACC-00490,ACC-00091,60747.85,2025-11-18T22:09:24,NEFT,0,
TXN-0000180,ACC-00326,ACC-00165,381094.68,2025-12-08T23:14:30,UPI,0,
TXN-0000181,ACC-00180,ACC-00287,53900.15,2025-11-16T15:20:34,NEFT,0,
TXN-0000182,ACC-00482,ACC-00341,17332.37,2025-12-08T22:42:28,NEFT,0,
TXN-0000183,ACC-00382,ACC-00457,266018.11,2025-12-21T16:34:45,NEFT,0,
TXN-0000184,ACC-00449,ACC-00433,78571.29,2025-11-11T00:13:53,IMPS,0,
TXN-0000185,ACC-00267,ACC-00054,576286.83,2025-10-03T10:53:18,UPI,0,
TXN-0000186,ACC-00027,ACC-00343,50504.72,2025-10-06T11:53:55,UPI,0,
TXN-0000187,ACC-00384,ACC-00402,4007.63,2025-10-16T15:00:23,ATM,0,
TXN-0000188,ACC-00349,ACC-00128,3094.29,2025-10-15T05:12:10,IMPS,0,
TXN-0000189,ACC-00353,ACC-00401,709042.17,2025-10-29T15:43:38,UPI,0,
TXN-0000190,ACC-00277,ACC-00016,808227.05,2025-11-04T19:47:26,IMPS,0,
TXN-0000191,ACC-00052,ACC-00315,26287.94,2025-12-24T06:40:08,IMPS,0,
TXN-0000192,ACC-00287,ACC-00442,18219.78,2025-10-22T18:40:26,IMPS,0,
TXN-0000193,ACC-00287,ACC-00199,504135.18,2025-10-24T01:38:15,NEFT,0,
TXN-0000194,ACC-00407,ACC-00408,4950.87,2025-12-07T14:05:49,UPI,0,
TXN-0000195,ACC-00340,ACC-00024,7255.33,2025-12-29T22:51:57,UPI,0,
TXN-0000196,ACC-00213,ACC-00489,115611.21,2025-12-16T12:25:58,ATM,0,
TXN-0000197,ACC-00160,ACC-00494,17849.14,2025-11-23T14:32:36,UPI,0,
TXN-0000198,ACC-00380,ACC-00128,35982.24,2025-10-20T17:13:39,NEFT,0,
TXN-0000199,ACC-00399,ACC-00440,27059.75,2025-12-24T11:31:19,NEFT,0,
TXN-0000200,ACC-00115,ACC-00466,66678.26,2025-12-01T12:50:03,IMPS,0,
TXN-0000201,ACC-00331,ACC-00188,457470.35,2025-12-13T07:31:42,NEFT,0,
TXN-0000202,ACC-00378,ACC-00308,42746.94,2025-10-20T01:48:22,IMPS,0,
TXN-0000203,ACC-00493,ACC-00099,115738.64,2025-10-29T13:29:01,NEFT,0,
TXN-0000204,ACC-00349,ACC-00038,906.59,2025-10-19T03:41:13,ATM,0,
TXN-0000205,ACC-00376,ACC-00263,33266.52,2025-10-12T14:06:52,UPI,0,
TXN-0000206,ACC-00219,ACC-00142,7960.01,2025-11-24T00:58:07,UPI,0,
TXN-0000207,ACC-00082,ACC-00299,4048.64,2025-12-22T03:21:21,UPI,0,
TXN-0000208,ACC-00169,ACC-00238,7475.05,2025-12-08T21:41:45,RTGS,0,
TXN-0000209,ACC-00020,ACC-00078,19902.05,2025-11-01T07:46:56,NEFT,0,
TXN-0000210,ACC-00396,ACC-00477,188834.18,2025-11-30T17:12:35,NEFT,0,
TXN-0000211,ACC-00338,ACC-00154,3335.88,2025-11-17T15:03:59,IMPS,0,
TXN-0000212,ACC-00281,ACC-00183,38374.05,2025-10-08T01:49:28,IMPS,0,
TXN-0000213,ACC-00162,ACC-00269,15191.56,2025-10-22T08:32:55,ATM,0,
TXN-0000214,ACC-00266,ACC-00034,20134.47,2025-12-16T08:06:52,NEFT,0,
TXN-0000215,ACC-00212,ACC-00278,220789.29,2025-11-22T03:23:04,NEFT,0,
TXN-0000216,ACC-00178,ACC-00113,95665.0,2025-12-25T18:27:48,UPI,0,
TXN-0000217,ACC-00169,ACC-00184,403251.85,2025-10-29T12:04:40,UPI,0,
TXN-0000218,ACC-00385,ACC-00316,27498.58,2025-11-21T12:09:07,NEFT,0,
TXN-0000219,ACC-00287,ACC-00421,10376.55,2025-12-13T00:35:55,ATM,0,
TXN-0000220,ACC-00004,ACC-00058,24271.4,2025-12-04T22:44:22,UPI,0,
TXN-0000221,ACC-00123,ACC-00463,56190.01,2025-12-02T08:35:03,NEFT,0,
TXN-0000222,ACC-00318,ACC-00124,49902.78,2025-10-04T20:55:14,IMPS,0,
TXN-0000223,ACC-00164,ACC-00195,5156.95,2025-12-28T22:16:38,IMPS,0,
TXN-0000224,ACC-00058,ACC-00197,42739.62,2025-10-25T21:53:57,NEFT,0,
TXN-0000225,ACC-00144,ACC-00012,54765.24,2025-12-28T11:33:59,NEFT,0,
TXN-0000226,ACC-00394,ACC-00191,3373472.77,2025-11-19T22:25:37,IMPS,0,
TXN-0000227,ACC-00228,ACC-00249,1064824.23,2025-10-05T06:10:54,UPI,0,
TXN-0000228,ACC-00333,ACC-00098,7817.83,2025-11-01T02:22:58,NEFT,0,
TXN-0000229,ACC-00485,ACC-00049,21648.9,2025-10-17T06:03:29,ATM,0,
TXN-0000230,ACC-00395,ACC-00275,2606.61,2025-11-21T18:27:34,UPI,0,
TXN-0000231,ACC-00033,ACC-00107,12540.61,2025-12-05T01:59:38,NEFT,0,
TXN-0000232,ACC-00109,ACC-00442,64092.91,2025-12-06T13:06:35,NEFT,0,
TXN-0000233,ACC-00053,ACC-00105,318232.18,2025-11-22T05:03:29,IMPS,0,
TXN-0000234,ACC-00449,ACC-00499,9775.64,2025-12-11T23:31:44,IMPS,0,
TXN-0000235,ACC-00331,ACC-00418,11187.32,2025-10-08T00:03:10,IMPS,0,
TXN-0000236,ACC-00078,ACC-00012,761.19,2025-11-14T14:04:20,IMPS,0,
TXN-0000237,ACC-00019,ACC-00044,27097.62,2025-10-08T02:40:49,UPI,0,
TXN-0000238,ACC-00406,ACC-00128,5365.01,2025-11-24T04:25:49,UPI,0,
TXN-0000239,ACC-00420,ACC-00116,14002.75,2025-12-28T10:45:09,UPI,0,
TXN-0000240,ACC-00198,ACC-00230,7492.45,2025-12-01T04:30:45,NEFT,0,
TXN-0000241,ACC-00161,ACC-00008,30648.14,2025-11-07T19:36:18,IMPS,0,
TXN-0000242,ACC-00273,ACC-00003,1534.7,2025-12-02T06:37:23,IMPS,0,
TXN-0000243,ACC-00032,ACC-00387,2589.76,2025-12-12T10:11:30,NEFT,0,
TXN-0000244,ACC-00358,ACC-00434,1677214.27,2025-10-08T01:08:44,UPI,0,
TXN-0000245,ACC-00257,ACC-00054,3578.29,2025-10-29T03:22:05,IMPS,0,
TXN-0000246,ACC-00154,ACC-00310,5043.15,2025-10-09T09:34:18,UPI,0,
TXN-0000247,ACC-00474,ACC-00224,990974.77,2025-11-07T00:45:28,UPI,0,
TXN-0000248,ACC-00338,ACC-00015,6777513.86,2025-11-16T00:28:16,UPI,0,
TXN-0000249,ACC-00112,ACC-00069,4408.02,2025-12-12T12:03:45,UPI,0,
TXN-0000250,ACC-00408,ACC-00434,18716.33,2025-11-22T23:37:48,UPI,0,
TXN-0000251,ACC-00324,ACC-00073,67157.78,2025-10-29T22:31:19,IMPS,0,
TXN-0000252,ACC-00468,ACC-00494,815580.79,2025-12-17T04:31:26,RTGS,0,
TXN-0000253,ACC-00331,ACC-00191,6146.62,2025-10-02T01:58:54,NEFT,0,
TXN-0000254,ACC-00284,ACC-00072,23353.45,2025-10-12T23:09:31,UPI,0,
TXN-0000255,ACC-00293,ACC-00305,147149.98,2025-11-08T06:16:36,NEFT,0,
TXN-0000256,ACC-00484,ACC-00043,79425.83,2025-10-30T13:58:54,UPI,0,
TXN-0000257,ACC-00379,ACC-00462,18451.83,2025-12-10T11:33:23,UPI,0,
TXN-0000258,ACC-00211,ACC-00463,28541.62,2025-12-02T17:07:46,RTGS,0,
TXN-0000259,ACC-00072,ACC-00082,3056.99,2025-10-18T20:44:02,UPI,0,
TXN-0000260,ACC-00427,ACC-00129,23653.99,2025-10-19T20:48:46,UPI,0,
TXN-0000261,ACC-00343,ACC-00409,22482.73,2025-11-25T01:53:15,RTGS,0,
TXN-0000262,ACC-00435,ACC-00384,55155.17,2025-11-23T06:54:56,NEFT,0,
TXN-0000263,ACC-00281,ACC-00037,13365.22,2025-10-29T05:16:11,IMPS,0,
TXN-0000264,ACC-00128,ACC-00050,84860.95,2025-10-20T04:00:58,IMPS,0,
TXN-0000265,ACC-00249,ACC-00487,224782.48,2025-11-02T02:56:18,UPI,0,
TXN-0000266,ACC-00343,ACC-00335,48039.21,2025-10-23T18:30:04,UPI,0,
TXN-0000267,ACC-00317,ACC-00035,68402.29,2025-12-27T09:25:42,UPI,0,
TXN-0000268,ACC-00248,ACC-00230,39961.81,2025-11-01T21:06:06,NEFT,0,
TXN-0000269,ACC-00156,ACC-00355,36321.02,2025-11-26T17:12:52,UPI,0,
TXN-0000270,ACC-00290,ACC-00186,9908.97,2025-12-18T10:04:36,UPI,0,
TXN-0000271,ACC-00219,ACC-00086,64195.58,2025-10-01T11:15:32,UPI,0,
TXN-0000272,ACC-00402,ACC-00113,30481.77,2025-12-09T03:32:39,IMPS,0,
TXN-0000273,ACC-00223,ACC-00141,1571754.32,2025-12-21T13:35:53,UPI,0,
TXN-0000274,ACC-00347,ACC-00375,616638.87,2025-11-02T04:35:51,RTGS,0,
TXN-0000275,ACC-00236,ACC-00228,72731.06,2025-11-04T19:55:42,IMPS,0,
TXN-0000276,ACC-00249,ACC-00282,9195.75,2025-10-11T13:35:54,UPI,0,
TXN-0000277,ACC-00310,ACC-00041,4903.28,2025-12-21T17:31:11,UPI,0,
TXN-0000278,ACC-00423,ACC-00071,309916.23,2025-12-26T12:52:21,NEFT,0,
TXN-0000279,ACC-00134,ACC-00375,58276.17,2025-12-26T01:18:43,NEFT,0,
TXN-0000280,ACC-00372,ACC-00038,86185.58,2025-12-26T14:45:20,UPI,0,
TXN-0000281,ACC-00259,ACC-00323,1571.44,2025-10-04T00:41:16,IMPS,0,
TXN-0000282,ACC-00296,ACC-00207,192796.26,2025-12-14T16:21:59,NEFT,0,
TXN-0000283,ACC-00464,ACC-00018,82286.03,2025-11-23T13:18:25,UPI,0,
TXN-0000284,ACC-00457,ACC-00276,4920.79,2025-11-15T20:04:54,IMPS,0,
TXN-0000285,ACC-00076,ACC-00187,15541.29,2025-11-08T02:35:14,UPI,0,
TXN-0000286,ACC-00395,ACC-00301,58377.8,2025-12-11T04:32:32,RTGS,0,
TXN-0000287,ACC-00068,ACC-00237,39912.32,2025-11-18T15:42:05,NEFT,0,
TXN-0000288,ACC-00203,ACC-00186,21463.13,2025-11-18T18:08:04,UPI,0,
TXN-0000289,ACC-00122,ACC-00434,30143.4,2025-12-18T07:22:28,ATM,0,
TXN-0000290,ACC-00350,ACC-00084,23073.52,2025-12-13T12:25:04,NEFT,0,
TXN-0000291,ACC-00228,ACC-00081,47791.95,2025-10-18T09:26:18,NEFT,0,
TXN-0000292,ACC-00289,ACC-00337,513335.83,2025-12-24T16:21:43,ATM,0,
TXN-0000293,ACC-00376,ACC-00374,357.81,2025-11-16T22:38:40,RTGS,0,
TXN-0000294,ACC-00020,ACC-00112,23710.41,2025-12-13T22:21:33,NEFT,0,
TXN-0000295,ACC-00032,ACC-00135,49897.31,2025-11-05T20:50:46,UPI,0,
TXN-0000296,ACC-00342,ACC-00105,61869.91,2025-11-20T06:45:36,RTGS,0,
TXN-0000297,ACC-00184,ACC-00198,18593.25,2025-11-15T14:25:12,RTGS,0,
TXN-0000298,ACC-00451,ACC-00023,1537.48,2025-10-04T20:59:04,ATM,0,
TXN-0000299,ACC-00165,ACC-00052,65538.42,2025-12-08T07:49:27,ATM,0,
TXN-0000300,ACC-00324,ACC-00424,813605.09,2025-10-27T13:17:24,IMPS,0,
TXN-0000301,ACC-00134,ACC-00296,2296.29,2025-11-22T20:25:39,NEFT,0,
TXN-0000302,ACC-00192,ACC-00334,171938.21,2025-11-06T18:00:43,UPI,0,
TXN-0000303,ACC-00334,ACC-00459,20103.61,2025-12-21T02:47:02,UPI,0,
TXN-0000304,ACC-00128,ACC-00192,32520.18,2025-12-28T02:01:41,UPI,0,
TXN-0000305,ACC-00207,ACC-00180,5457.7,2025-12-19T08:17:58,RTGS,0,
TXN-0000306,ACC-00249,ACC-00405,19890.13,2025-11-16T19:23:52,RTGS,0,
TXN-0000307,ACC-00003,ACC-00256,377030.09,2025-12-25T15:17:19,UPI,0,
TXN-0000308,ACC-00084,ACC-00117,103650.45,2025-10-08T11:37:42,NEFT,0,
TXN-0000309,ACC-00143,ACC-00108,820903.54,2025-10-15T14:05:07,UPI,0,
TXN-0000310,ACC-00185,ACC-00308,302350.25,2025-12-09T15:26:11,IMPS,0,
TXN-0000311,ACC-00338,ACC-00117,80045.94,2025-11-10T06:07:11,IMPS,0,
TXN-0000312,ACC-00368,ACC-00058,838258.79,2025-11-16T18:00:54,IMPS,0,
TXN-0000313,ACC-00245,ACC-00107,80032.47,2025-11-27T08:38:33,UPI,0,
TXN-0000314,ACC-00426,ACC-00210,161196.39,2025-10-03T04:18:11,UPI,0,
TXN-0000315,ACC-00065,ACC-00293,21293.82,2025-11-27T12:16:12,UPI,0,
TXN-0000316,ACC-00322,ACC-00262,40936.71,2025-10-04T19:19:16,RTGS,0,
TXN-0000317,ACC-00075,ACC-00028,10348.92,2025-10-17T03:36:12,UPI,0,
TXN-0000318,ACC-00092,ACC-00264,215615.3,2025-11-09T08:46:54,NEFT,0,
TXN-0000319,ACC-00288,ACC-00326,4354.88,2025-10-02T19:23:16,RTGS,0,
TXN-0000320,ACC-00372,ACC-00338,148483.72,2025-12-19T17:46:31,UPI,0,
TXN-0000321,ACC-00043,ACC-00110,25766.44,2025-11-13T14:43:10,NEFT,0,
TXN-0000322,ACC-00241,ACC-00444,299013.73,2025-11-16T18:22:07,UPI,0,
TXN-0000323,ACC-00425,ACC-00210,140303.64,2025-11-28T08:03:20,UPI,0,
TXN-0000324,ACC-00298,ACC-00420,962378.48,2025-12-14T12:22:53,UPI,0,
TXN-0000325,ACC-00337,ACC-00261,135319.57,2025-10-26T16:22:40,UPI,0,
TXN-0000326,ACC-00351,ACC-00175,2143.78,2025-12-29T13:14:08,NEFT,0,
TXN-0000327,ACC-00302,ACC-00035,32192.36,2025-10-23T07:30:17,UPI,0,
TXN-0000328,ACC-00067,ACC-00055,4404.52,2025-10-02T14:35:37,UPI,0,
TXN-0000329,ACC-00440,ACC-00465,14286.87,2025-11-18T23:14:34,IMPS,0,
TXN-0000330,ACC-00423,ACC-00076,551397.46,2025-11-28T18:56:34,UPI,0,
TXN-0000331,ACC-00243,ACC-00461,114411.96,2025-11-29T16:28:01,NEFT,0,
TXN-0000332,ACC-00449,ACC-00401,10320.89,2025-11-21T14:19:17,NEFT,0,
TXN-0000333,ACC-00060,ACC-00047,5856.51,2025-11-16T19:42:10,IMPS,0,
TXN-0000334,ACC-00461,ACC-00308,38522.89,2025-11-22T08:37:38,IMPS,0,
TXN-0000335,ACC-00459,ACC-00480,4065.09,2025-12-15T05:34:44,IMPS,0,
TXN-0000336,ACC-00220,ACC-00267,10850.29,2025-11-10T20:15:53,UPI,0,
TXN-0000337,ACC-00022,ACC-00357,63679.44,2025-11-21T10:33:43,NEFT,0,
TXN-0000338,ACC-00480,ACC-00410,290558.92,2025-11-16T19:25:44,IMPS,0,
TXN-0000339,ACC-00195,ACC-00179,108637.36,2025-11-27T04:34:53,IMPS,0,
TXN-0000340,ACC-00464,ACC-00389,587.38,2025-12-21T06:47:43,IMPS,0,
TXN-0000341,ACC-00050,ACC-00217,62809.41,2025-10-13T23:58:12,UPI,0,
TXN-0000342,ACC-00392,ACC-00119,41343.08,2025-12-28T08:39:09,RTGS,0,
TXN-0000343,ACC-00145,ACC-00306,76496.67,2025-12-25T03:00:48,NEFT,0,
TXN-0000344,ACC-00131,ACC-00096,666088.24,2025-10-01T12:44:41,IMPS,0,
TXN-0000345,ACC-00404,ACC-00003,885.52,2025-11-26T02:48:27,NEFT,0,
TXN-0000346,ACC-00266,ACC-00003,12531.66,2025-11-06T09:52:58,IMPS,0,
TXN-0000347,ACC-00352,ACC-00411,105201.35,2025-10-31T16:06:15,NEFT,0,
TXN-0000348,ACC-00054,ACC-00079,2107.23,2025-11-11T08:49:07,IMPS,0,
TXN-0000349,ACC-00129,ACC-00133,517470.75,2025-12-23T00:14:26,NEFT,0,
TXN-0000350,ACC-00289,ACC-00187,70477.01,2025-11-29T09:47:07,UPI,0,
TXN-0000351,ACC-00348,ACC-00203,166683.35,2025-12-13T07:12:43,UPI,0,
TXN-0000352,ACC-00282,ACC-00401,12994.76,2025-11-24T03:12:54,NEFT,0,
TXN-0000353,ACC-00189,ACC-00286,157121.5,2025-11-23T21:02:13,NEFT,0,
TXN-0000354,ACC-00157,ACC-00295,248512.59,2025-11-03T10:24:30,IMPS,0,
TXN-0000355,ACC-00203,ACC-00376,55225.52,2025-10-14T09:43:22,RTGS,0,
TXN-0000356,ACC-00337,ACC-00060,55377.11,2025-12-12T14:32:00,UPI,0,
TXN-0000357,ACC-00400,ACC-00358,59078.23,2025-10-16T17:00:35,UPI,0,
TXN-0000358,ACC-00260,ACC-00205,7676.96,2025-12-16T07:42:06,UPI,0,
TXN-0000359,ACC-00281,ACC-00314,27846.1,2025-12-07T16:15:41,IMPS,0,
TXN-0000360,ACC-00026,ACC-00082,27596.92,2025-11-07T18:40:38,ATM,0,
TXN-0000361,ACC-00002,ACC-00411,72410.67,2025-10-09T20:15:06,IMPS,0,
TXN-0000362,ACC-00241,ACC-00474,219626.5,2025-11-28T06:40:23,NEFT,0,
TXN-0000363,ACC-00032,ACC-00134,5402.6,2025-10-22T12:45:43,UPI,0,
TXN-0000364,ACC-00311,ACC-00019,28998.05,2025-12-10T08:11:42,UPI,0,
TXN-0000365,ACC-00205,ACC-00314,522625.27,2025-12-03T16:59:56,NEFT,0,
TXN-0000366,ACC-00364,ACC-00493,9523.72,2025-11-28T00:12:43,UPI,0,
TXN-0000367,ACC-00396,ACC-00419,8266.36,2025-10-18T00:24:40,NEFT,0,
TXN-0000368,ACC-00224,ACC-00005,52268.6,2025-10-20T14:00:42,RTGS,0,
TXN-0000369,ACC-00476,ACC-00411,166024.95,2025-11-20T07:23:04,UPI,0,
TXN-0000370,ACC-00017,ACC-00401,37070.13,2025-11-28T04:58:15,NEFT,0,
TXN-0000371,ACC-00357,ACC-00118,397173.73,2025-11-29T17:29:47,UPI,0,
TXN-0000372,ACC-00018,ACC-00184,169774.98,2025-10-24T05:30:30,IMPS,0,
TXN-0000373,ACC-00499,ACC-00080,165260.14,2025-10-09T10:21:30,ATM,0,
TXN-0000374,ACC-00399,ACC-00204,98460.4,2025-11-04T06:50:49,IMPS,0,
TXN-0000375,ACC-00207,ACC-00300,2397112.82,2025-10-20T10:45:25,NEFT,0,
TXN-0000376,ACC-00377,ACC-00360,25102.15,2025-10-07T15:53:22,RTGS,0,
TXN-0000377,ACC-00281,ACC-00145,986.0,2025-12-10T12:01:32,IMPS,0,
TXN-0000378,ACC-00468,ACC-00298,651907.43,2025-11-03T19:07:14,UPI,0,
TXN-0000379,ACC-00417,ACC-00141,15932.89,2025-10-22T23:18:24,NEFT,0,
TXN-0000380,ACC-00099,ACC-00232,44098.67,2025-11-09T05:17:12,NEFT,0,
TXN-0000381,ACC-00133,ACC-00089,383536.95,2025-11-09T12:41:32,NEFT,0,
TXN-0000382,ACC-00286,ACC-00037,2030.29,2025-11-18T20:28:08,UPI,0,
TXN-0000383,ACC-00484,ACC-00059,3816.29,2025-12-17T22:59:27,NEFT,0,
TXN-0000384,ACC-00131,ACC-00448,2033.88,2025-11-22T05:24:20,IMPS,0,
TXN-0000385,ACC-00294,ACC-00128,8695.45,2025-12-07T09:35:03,NEFT,0,
TXN-0000386,ACC-00193,ACC-00288,80125.22,2025-11-16T22:56:21,IMPS,0,
TXN-0000387,ACC-00387,ACC-00173,93296.52,2025-12-15T07:16:34,NEFT,0,
TXN-0000388,ACC-00235,ACC-00459,59712.31,2025-11-26T23:24:17,RTGS,0,
TXN-0000389,ACC-00246,ACC-00059,2855.55,2025-10-26T00:45:48,UPI,0,
TXN-0000390,ACC-00324,ACC-00403,567.83,2025-10-22T09:31:40,IMPS,0,
TXN-0000391,ACC-00117,ACC-00409,40048.1,2025-10-31T15:42:21,NEFT,0,
TXN-0000392,ACC-00180,ACC-00264,15534.26,2025-11-22T00:09:33,UPI,0,
TXN-0000393,ACC-00426,ACC-00134,83024.78,2025-10-25T02:28:55,UPI,0,
TXN-0000394,ACC-00204,ACC-00344,128478.46,2025-12-12T16:48:10,IMPS,0,
TXN-0000395,ACC-00038,ACC-00283,46575.72,2025-10-18T07:54:06,NEFT,0,
TXN-0000396,ACC-00181,ACC-00111,142662.87,2025-12-26T19:54:28,NEFT,0,
TXN-0000397,ACC-00093,ACC-00484,54862.23,2025-12-12T10:40:12,IMPS,0,
TXN-0000398,ACC-00465,ACC-00097,94288.68,2025-11-18T10:45:09,IMPS,0,
TXN-0000399,ACC-00120,ACC-00376,10214.75,2025-10-24T12:01:57,RTGS,0,
TXN-0000400,ACC-00105,ACC-00117,26283.57,2025-10-20T16:28:49,IMPS,0,
TXN-0000401,ACC-00428,ACC-00316,51750.89,2025-11-04T13:36:14,UPI,0,
TXN-0000402,ACC-00054,ACC-00061,159046.4,2025-12-29T08:11:37,UPI,0,
TXN-0000403,ACC-00489,ACC-00339,17876.92,2025-11-17T19:59:32,NEFT,0,
TXN-0000404,ACC-00391,ACC-00438,92790.64,2025-11-22T13:43:32,ATM,0,
TXN-0000405,ACC-00434,ACC-00246,22504.94,2025-11-06T00:57:02,NEFT,0,
TXN-0000406,ACC-00252,ACC-00459,29390.42,2025-12-25T12:50:56,RTGS,0,
TXN-0000407,ACC-00444,ACC-00140,161641.19,2025-11-17T15:39:33,UPI,0,
TXN-0000408,ACC-00391,ACC-00468,1004.75,2025-11-19T15:01:39,UPI,0,
TXN-0000409,ACC-00113,ACC-00384,3520.47,2025-11-25T23:43:38,UPI,0,
TXN-0000410,ACC-00269,ACC-00409,2520.13,2025-11-11T02:04:16,NEFT,0,
TXN-0000411,ACC-00276,ACC-00016,544.29,2025-11-18T18:51:07,UPI,0,
TXN-0000412,ACC-00440,ACC-00351,10712.04,2025-12-15T07:59:14,UPI,0,
TXN-0000413,ACC-00499,ACC-00061,139941.68,2025-12-07T19:01:39,NEFT,0,
TXN-0000414,ACC-00161,ACC-00352,21746.51,2025-10-01T19:37:00,UPI,0,
TXN-0000415,ACC-00107,ACC-00194,51845.43,2025-11-26T09:50:50,UPI,0,
TXN-0000416,ACC-00185,ACC-00313,257968.17,2025-12-23T16:14:14,UPI,0,
TXN-0000417,ACC-00280,ACC-00134,396263.64,2025-10-24T00:34:27,UPI,0,
TXN-0000418,ACC-00490,ACC-00313,32066.01,2025-11-03T07:28:21,UPI,0,
TXN-0000419,ACC-00255,ACC-00217,415174.67,2025-10-21T10:34:34,NEFT,0,
TXN-0000420,ACC-00385,ACC-00190,42865.73,2025-11-05T10:41:36,RTGS,0,
TXN-0000421,ACC-00143,ACC-00230,8044.01,2025-10-18T11:10:20,NEFT,0,
TXN-0000422,ACC-00294,ACC-00351,12457.52,2025-10-23T04:35:56,IMPS,0,
TXN-0000423,ACC-00369,ACC-00138,2527.62,2025-12-18T01:39:35,UPI,0,
TXN-0000424,ACC-00221,ACC-00438,7341.94,2025-11-06T23:31:21,UPI,0,
TXN-0000425,ACC-00409,ACC-00491,19064.25,2025-12-11T16:55:39,UPI,0,
TXN-0000426,ACC-00412,ACC-00004,154268.99,2025-10-18T03:31:29,NEFT,0,
TXN-0000427,ACC-00068,ACC-00457,804025.04,2025-12-22T11:13:19,NEFT,0,
TXN-0000428,ACC-00273,ACC-00368,3017.17,2025-10-31T15:41:52,IMPS,0,
TXN-0000429,ACC-00153,ACC-00128,73650.74,2025-11-24T13:52:39,RTGS,0,
TXN-0000430,ACC-00024,ACC-00203,5580.43,2025-10-10T14:37:40,IMPS,0,
TXN-0000431,ACC-00030,ACC-00110,85344.8,2025-12-19T00:20:00,UPI,0,
TXN-0000432,ACC-00429,ACC-00322,28682.55,2025-10-10T08:23:58,NEFT,0,
TXN-0000433,ACC-00171,ACC-00133,1345.3,2025-11-05T01:06:08,UPI,0,
TXN-0000434,ACC-00285,ACC-00477,193094.42,2025-12-18T15:28:25,UPI,0,
TXN-0000435,ACC-00010,ACC-00210,12222.07,2025-10-12T18:30:13,UPI,0,
TXN-0000436,ACC-00347,ACC-00493,13890.77,2025-11-28T19:05:39,UPI,0,
TXN-0000437,ACC-00294,ACC-00332,5294.62,2025-12-03T00:35:05,NEFT,0,
TXN-0000438,ACC-00399,ACC-00145,11184.57,2025-11-04T11:27:50,UPI,0,
TXN-0000439,ACC-00261,ACC-00249,78448.9,2025-12-15T05:17:06,IMPS,0,
TXN-0000440,ACC-00455,ACC-00040,25831.76,2025-11-06T23:57:35,NEFT,0,
TXN-0000441,ACC-00237,ACC-00323,65617.1,2025-10-15T01:31:15,RTGS,0,
TXN-0000442,ACC-00327,ACC-00413,69665.42,2025-11-02T18:10:18,NEFT,0,
TXN-0000443,ACC-00313,ACC-00292,391284.81,2025-11-09T07:11:19,IMPS,0,
TXN-0000444,ACC-00036,ACC-00040,19594.12,2025-10-16T17:29:10,UPI,0,
TXN-0000445,ACC-00160,ACC-00162,2544.41,2025-12-03T09:37:50,UPI,0,
TXN-0000446,ACC-00136,ACC-00309,247954.45,2025-12-02T14:07:48,UPI,0,
TXN-0000447,ACC-00454,ACC-00227,19996.68,2025-12-15T19:48:05,RTGS,0,
TXN-0000448,ACC-00185,ACC-00382,270024.07,2025-11-26T23:37:19,NEFT,0,
TXN-0000449,ACC-00230,ACC-00211,72408.49,2025-10-17T05:52:46,UPI,0,
TXN-0000450,ACC-00011,ACC-00064,28679.92,2025-12-10T15:49:57,UPI,0,
TXN-0000451,ACC-00128,ACC-00481,68036.3,2025-12-12T05:21:18,IMPS,0,
TXN-0000452,ACC-00040,ACC-00107,1216906.58,2025-10-17T04:55:46,UPI,0,
TXN-0000453,ACC-00048,ACC-00032,1526617.33,2025-12-25T07:29:54,NEFT,0,
TXN-0000454,ACC-00027,ACC-00013,41146.17,2025-12-14T20:24:20,UPI,0,
TXN-0000455,ACC-00391,ACC-00042,48452.69,2025-10-11T02:10:14,UPI,0,
TXN-0000456,ACC-00079,ACC-00043,252012.08,2025-12-03T13:52:14,RTGS,0,
TXN-0000457,ACC-00199,ACC-00158,7925.26,2025-10-23T06:26:17,UPI,0,
TXN-0000458,ACC-00145,ACC-00226,66139.85,2025-11-30T19:48:20,UPI,0,
TXN-0000459,ACC-00269,ACC-00429,34663.65,2025-10-17T13:32:43,UPI,0,
TXN-0000460,ACC-00339,ACC-00182,63897.45,2025-12-23T12:48:16,RTGS,0,
TXN-0000461,ACC-00442,ACC-00243,8102.57,2025-11-15T08:38:22,ATM,0,
TXN-0000462,ACC-00276,ACC-00478,2077.2,2025-10-27T10:46:17,NEFT,0,
TXN-0000463,ACC-00069,ACC-00496,870.12,2025-12-07T17:34:44,NEFT,0,
TXN-0000464,ACC-00302,ACC-00305,4859.59,2025-11-14T07:49:23,NEFT,0,
TXN-0000465,ACC-00325,ACC-00449,15904.93,2025-11-24T18:10:44,NEFT,0,
TXN-0000466,ACC-00327,ACC-00273,21423.74,2025-10-31T01:33:47,RTGS,0,
TXN-0000467,ACC-00246,ACC-00276,1187090.71,2025-10-23T01:14:51,IMPS,0,
TXN-0000468,ACC-00226,ACC-00157,265876.73,2025-11-05T12:20:12,NEFT,0,
TXN-0000469,ACC-00079,ACC-00155,6426.83,2025-10-02T00:35:48,UPI,0,
TXN-0000470,ACC-00417,ACC-00388,67905.7,2025-12-22T07:51:30,UPI,0,
TXN-0000471,ACC-00146,ACC-00240,17452.87,2025-11-21T22:52:14,UPI,0,
TXN-0000472,ACC-00472,ACC-00251,21766.89,2025-12-13T08:22:44,NEFT,0,
TXN-0000473,ACC-00004,ACC-00392,50695.18,2025-11-11T18:59:13,IMPS,0,
TXN-0000474,ACC-00305,ACC-00118,110692.13,2025-12-17T08:36:09,UPI,0,
TXN-0000475,ACC-00191,ACC-00096,19718.94,2025-11-09T23:24:50,RTGS,0,
TXN-0000476,ACC-00223,ACC-00202,246454.52,2025-10-25T06:18:00,UPI,0,
TXN-0000477,ACC-00377,ACC-00330,4649.48,2025-11-07T20:07:15,IMPS,0,
TXN-0000478,ACC-00112,ACC-00134,36732.25,2025-10-08T16:34:19,NEFT,0,
TXN-0000479,ACC-00122,ACC-00264,3897370.71,2025-12-14T05:30:12,IMPS,0,
TXN-0000480,ACC-00313,ACC-00413,54260.05,2025-12-07T08:57:41,IMPS,0,
TXN-0000481,ACC-00145,ACC-00332,479158.21,2025-12-12T03:08:42,NEFT,0,
TXN-0000482,ACC-00137,ACC-00211,42818.96,2025-10-19T06:04:23,RTGS,0,
TXN-0000483,ACC-00093,ACC-00069,103300.63,2025-10-29T02:48:21,UPI,0,
TXN-0000484,ACC-00233,ACC-00316,32787.09,2025-11-13T23:01:26,UPI,0,
TXN-0000485,ACC-00318,ACC-00251,26722.64,2025-10-19T05:34:52,UPI,0,
TXN-0000486,ACC-00077,ACC-00025,8927.86,2025-11-21T22:34:19,UPI,0,
TXN-0000487,ACC-00497,ACC-00052,78790.09,2025-10-28T09:22:28,UPI,0,
TXN-0000488,ACC-00366,ACC-00224,7841.87,2025-12-10T14:16:56,UPI,0,
TXN-0000489,ACC-00046,ACC-00077,120337.24,2025-10-02T10:18:40,NEFT,0,
TXN-0000490,ACC-00175,ACC-00215,256149.52,2025-10-31T06:01:34,IMPS,0,
TXN-0000491,ACC-00255,ACC-00190,70245.85,2025-11-15T00:27:47,IMPS,0,
TXN-0000492,ACC-00016,ACC-00169,21693.16,2025-10-08T18:56:00,IMPS,0,
TXN-0000493,ACC-00487,ACC-00074,82218.7,2025-10-06T10:34:43,UPI,0,
TXN-0000494,ACC-00200,ACC-00036,20834.98,2025-11-22T17:43:44,NEFT,0,
TXN-0000495,ACC-00098,ACC-00458,195630.87,2025-12-21T16:55:43,UPI,0,
TXN-0000496,ACC-00195,ACC-00424,1344.09,2025-10-02T05:23:46,UPI,0,
TXN-0000497,ACC-00393,ACC-00365,19848.96,2025-10-25T04:07:27,UPI,0,
TXN-0000498,ACC-00499,ACC-00226,1008.82,2025-10-24T23:55:46,IMPS,0,
TXN-0000499,ACC-00017,ACC-00101,2462.4,2025-11-14T17:49:21,IMPS,0,
TXN-0000500,ACC-00048,ACC-00266,422925.79,2025-12-04T15:54:39,ATM,0,
TXN-0000501,ACC-00242,ACC-00199,181921.94,2025-12-06T03:52:32,ATM,0,
TXN-0000502,ACC-00479,ACC-00165,9946.1,2025-10-16T09:35:29,NEFT,0,
TXN-0000503,ACC-00021,ACC-00381,2429.63,2025-11-23T08:36:50,NEFT,0,
TXN-0000504,ACC-00129,ACC-00246,174.84,2025-12-01T23:51:34,UPI,0,
TXN-0000505,ACC-00184,ACC-00454,13652.91,2025-10-06T01:22:21,RTGS,0,
TXN-0000506,ACC-00111,ACC-00498,2832717.4,2025-10-11T23:08:32,UPI,0,
TXN-0000507,ACC-00222,ACC-00166,79442.73,2025-10-02T11:06:37,UPI,0,
TXN-0000508,ACC-00141,ACC-00299,13263.48,2025-10-12T14:48:13,UPI,0,
TXN-0000509,ACC-00124,ACC-00004,83880.16,2025-10-05T01:51:05,NEFT,0,
TXN-0000510,ACC-00353,ACC-00243,2186.98,2025-12-06T20:06:12,NEFT,0,
TXN-0000511,ACC-00190,ACC-00394,21265.0,2025-10-09T16:30:11,UPI,0,
TXN-0000512,ACC-00255,ACC-00046,43436.68,2025-12-06T14:22:00,NEFT,0,
TXN-0000513,ACC-00476,ACC-00496,31101.73,2025-12-13T17:54:12,NEFT,0,
TXN-0000514,ACC-00030,ACC-00182,150760.99,2025-12-02T13:58:06,UPI,0,
TXN-0000515,ACC-00274,ACC-00405,67532.31,2025-10-11T10:14:26,UPI,0,
TXN-0000516,ACC-00119,ACC-00162,120932.38,2025-11-24T05:03:02,IMPS,0,
TXN-0000517,ACC-00387,ACC-00177,10518.91,2025-12-18T05:00:36,RTGS,0,
TXN-0000518,ACC-00375,ACC-00098,182785.34,2025-10-03T01:45:20,IMPS,0,
TXN-0000519,ACC-00183,ACC-00370,681523.84,2025-10-14T01:56:55,UPI,0,
TXN-0000520,ACC-00020,ACC-00248,6334.28,2025-12-08T14:33:28,NEFT,0,
TXN-0000521,ACC-00150,ACC-00277,7347.74,2025-12-07T16:12:56,NEFT,0,
TXN-0000522,ACC-00290,ACC-00095,402082.19,2025-11-22T18:43:39,UPI,0,
TXN-0000523,ACC-00374,ACC-00239,25734.32,2025-10-27T17:33:08,RTGS,0,
TXN-0000524,ACC-00306,ACC-00468,454466.06,2025-12-23T13:15:07,NEFT,0,
TXN-0000525,ACC-00035,ACC-00271,16373.77,2025-10-16T01:14:07,NEFT,0,
TXN-0000526,ACC-00419,ACC-00134,498362.02,2025-11-22T14:02:00,UPI,0,
TXN-0000527,ACC-00000,ACC-00397,46012.78,2025-12-01T22:42:30,NEFT,0,
TXN-0000528,ACC-00375,ACC-00094,57803.92,2025-12-25T17:22:53,UPI,0,
TXN-0000529,ACC-00438,ACC-00186,607126.49,2025-12-15T08:14:58,NEFT,0,
TXN-0000530,ACC-00164,ACC-00369,18935.87,2025-10-07T03:35:49,IMPS,0,
TXN-0000531,ACC-00275,ACC-00419,6674.04,2025-11-07T14:55:08,UPI,0,
TXN-0000532,ACC-00349,ACC-00254,16197.05,2025-12-14T08:17:23,NEFT,0,
TXN-0000533,ACC-00313,ACC-00144,81977.58,2025-11-01T07:42:45,NEFT,0,
TXN-0000534,ACC-00164,ACC-00056,2168.16,2025-10-10T08:17:36,NEFT,0,
TXN-0000535,ACC-00034,ACC-00022,114399.0,2025-12-21T02:08:29,RTGS,0,
TXN-0000536,ACC-00091,ACC-00447,13769.5,2025-10-04T00:52:23,UPI,0,
TXN-0000537,ACC-00248,ACC-00098,286663.06,2025-10-10T14:06:45,UPI,0,
TXN-0000538,ACC-00328,ACC-00428,488.01,2025-11-07T17:30:03,IMPS,0,
TXN-0000539,ACC-00269,ACC-00319,8814.75,2025-12-08T02:10:48,NEFT,0,
TXN-0000540,ACC-00025,ACC-00187,1744.73,2025-10-22T10:19:16,NEFT,0,
TXN-0000541,ACC-00036,ACC-00006,8207.36,2025-12-29T10:10:03,UPI,0,
TXN-0000542,ACC-00251,ACC-00475,56715.26,2025-12-26T09:18:29,IMPS,0,
TXN-0000543,ACC-00239,ACC-00410,26301.78,2025-12-02T00:47:01,UPI,0,
TXN-0000544,ACC-00285,ACC-00380,23015.44,2025-12-26T10:51:13,NEFT,0,
TXN-0000545,ACC-00188,ACC-00406,27267.95,2025-12-08T18:46:13,UPI,0,
TXN-0000546,ACC-00315,ACC-00136,52370.51,2025-11-21T08:42:28,UPI,0,
TXN-0000547,ACC-00036,ACC-00427,5911.38,2025-10-30T12:08:56,UPI,0,
TXN-0000548,ACC-00110,ACC-00491,129615.72,2025-11-20T10:29:18,UPI,0,
TXN-0000549,ACC-00371,ACC-00118,119706.57,2025-11-21T14:51:36,UPI,0,
TXN-0000550,ACC-00098,ACC-00269,72625.28,2025-12-03T18:37:59,UPI,0,
TXN-0000551,ACC-00320,ACC-00485,98889.68,2025-10-18T08:51:44,NEFT,0,
TXN-0000552,ACC-00285,ACC-00212,61917.15,2025-12-12T10:33:30,UPI,0,
TXN-0000553,ACC-00326,ACC-00295,1415696.15,2025-11-04T18:06:54,IMPS,0,
TXN-0000554,ACC-00359,ACC-00340,31046.16,2025-11-11T11:09:24,RTGS,0,
TXN-0000555,ACC-00085,ACC-00405,20894.69,2025-10-18T12:21:15,NEFT,0,
TXN-0000556,ACC-00258,ACC-00172,9354.85,2025-12-03T20:09:37,UPI,0,
TXN-0000557,ACC-00307,ACC-00226,5664.24,2025-11-04T04:58:28,RTGS,0,
TXN-0000558,ACC-00281,ACC-00166,3865.9,2025-12-22T00:39:09,UPI,0,
TXN-0000559,ACC-00391,ACC-00324,7333.18,2025-11-11T19:20:34,IMPS,0,
TXN-0000560,ACC-00165,ACC-00311,31977.1,2025-10-24T08:55:27,NEFT,0,
TXN-0000561,ACC-00109,ACC-00192,66285.82,2025-12-14T08:13:46,NEFT,0,
TXN-0000562,ACC-00381,ACC-00130,39817.26,2025-11-04T22:52:50,ATM,0,
TXN-0000563,ACC-00229,ACC-00491,9154.83,2025-11-08T13:17:17,UPI,0,
TXN-0000564,ACC-00017,ACC-00145,183566.49,2025-11-27T20:13:40,UPI,0,
TXN-0000565,ACC-00069,ACC-00455,137440.01,2025-10-30T07:20:31,UPI,0,
TXN-0000566,ACC-00113,ACC-00109,27245.21,2025-12-23T01:58:23,UPI,0,
TXN-0000567,ACC-00395,ACC-00420,11212.12,2025-12-06T23:09:43,IMPS,0,
TXN-0000568,ACC-00470,ACC-00283,97457.36,2025-11-19T15:20:56,NEFT,0,
TXN-0000569,ACC-00474,ACC-00292,50937.39,2025-10-16T00:30:41,UPI,0,
TXN-0000570,ACC-00235,ACC-00182,2679.46,2025-10-16T03:45:21,UPI,0,
TXN-0000571,ACC-00187,ACC-00455,32132.89,2025-11-26T12:31:16,UPI,0,
TXN-0000572,ACC-00131,ACC-00415,58201.39,2025-10-30T03:45:19,UPI,0,
TXN-0000573,ACC-00204,ACC-00291,7190.74,2025-12-29T02:49:10,UPI,0,
TXN-0000574,ACC-00039,ACC-00370,51109.11,2025-11-01T12:35:14,IMPS,0,
TXN-0000575,ACC-00088,ACC-00249,2647.36,2025-12-20T04:01:57,RTGS,0,
TXN-0000576,ACC-00359,ACC-00295,402373.07,2025-12-19T13:36:32,RTGS,0,
TXN-0000577,ACC-00304,ACC-00328,343282.83,2025-10-30T03:58:01,UPI,0,
TXN-0000578,ACC-00413,ACC-00295,23051.1,2025-11-07T01:04:00,UPI,0,
TXN-0000579,ACC-00028,ACC-00471,69857.85,2025-12-14T20:19:50,UPI,0,
TXN-0000580,ACC-00450,ACC-00418,474.44,2025-11-12T04:00:09,NEFT,0,
TXN-0000581,ACC-00444,ACC-00061,4530.44,2025-12-24T10:44:58,IMPS,0,
TXN-0000582,ACC-00382,ACC-00334,21401.11,2025-12-22T11:25:39,NEFT,0,
TXN-0000583,ACC-00005,ACC-00324,5271.98,2025-12-15T11:31:00,NEFT,0,
TXN-0000584,ACC-00027,ACC-00156,131388.47,2025-11-20T21:54:06,UPI,0,
TXN-0000585,ACC-00276,ACC-00289,1322631.35,2025-10-15T12:32:48,UPI,0,
TXN-0000586,ACC-00357,ACC-00113,4368.14,2025-10-15T20:58:33,UPI,0,
TXN-0000587,ACC-00374,ACC-00201,8043.07,2025-11-13T06:21:39,IMPS,0,
TXN-0000588,ACC-00294,ACC-00258,55481.62,2025-10-09T17:54:30,UPI,0,
TXN-0000589,ACC-00148,ACC-00402,660009.21,2025-11-08T06:50:16,UPI,0,
TXN-0000590,ACC-00172,ACC-00042,4022.77,2025-11-16T04:49:18,NEFT,0,
TXN-0000591,ACC-00025,ACC-00280,56855.32,2025-11-08T18:10:59,UPI,0,
TXN-0000592,ACC-00204,ACC-00256,963509.79,2025-11-12T04:26:15,IMPS,0,
TXN-0000593,ACC-00066,ACC-00390,1857.22,2025-10-14T02:16:17,NEFT,0,
TXN-0000594,ACC-00101,ACC-00249,3619.44,2025-11-08T09:09:34,IMPS,0,
TXN-0000595,ACC-00100,ACC-00287,16941.27,2025-11-29T19:22:35,ATM,0,
TXN-0000596,ACC-00268,ACC-00126,14227.63,2025-10-24T12:38:06,UPI,0,
TXN-0000597,ACC-00397,ACC-00220,156793.09,2025-11-01T09:36:13,IMPS,0,
TXN-0000598,ACC-00294,ACC-00045,56105.41,2025-10-11T22:12:48,IMPS,0,
TXN-0000599,ACC-00216,ACC-00187,1487.82,2025-11-03T19:36:58,UPI,0,
TXN-0000600,ACC-00176,ACC-00304,91834.08,2025-12-03T15:12:56,UPI,0,
TXN-0000601,ACC-00156,ACC-00086,12841.41,2025-11-03T22:53:53,NEFT,0,
TXN-0000602,ACC-00411,ACC-00226,360052.45,2025-11-30T12:07:10,UPI,0,
TXN-0000603,ACC-00022,ACC-00473,11735.13,2025-12-19T10:28:43,UPI,0,
TXN-0000604,ACC-00350,ACC-00191,11545.98,2025-10-16T03:29:09,IMPS,0,
TXN-0000605,ACC-00436,ACC-00043,96185.79,2025-10-11T21:50:42,IMPS,0,
TXN-0000606,ACC-00124,ACC-00485,143382.0,2025-11-30T07:02:26,RTGS,0,
TXN-0000607,ACC-00444,ACC-00426,81355.1,2025-12-19T15:03:02,UPI,0,
TXN-0000608,ACC-00175,ACC-00355,1747.47,2025-12-18T02:06:36,UPI,0,
TXN-0000609,ACC-00230,ACC-00241,95651.05,2025-10-03T05:00:25,UPI,0,
TXN-0000610,ACC-00378,ACC-00275,5643.42,2025-10-21T13:42:18,UPI,0,
TXN-0000611,ACC-00267,ACC-00384,55464.42,2025-10-26T02:43:00,NEFT,0,
TXN-0000612,ACC-00318,ACC-00373,2799.73,2025-10-14T17:21:48,IMPS,0,
TXN-0000613,ACC-00342,ACC-00009,81095.27,2025-11-06T13:33:25,NEFT,0,
TXN-0000614,ACC-00339,ACC-00269,8502.55,2025-10-05T05:19:13,UPI,0,
TXN-0000615,ACC-00030,ACC-00145,3609.26,2025-10-20T11:39:20,IMPS,0,
TXN-0000616,ACC-00316,ACC-00138,131252.24,2025-10-06T03:41:51,NEFT,0,
TXN-0000617,ACC-00483,ACC-00004,56103.87,2025-10-07T11:11:02,UPI,0,
TXN-0000618,ACC-00138,ACC-00339,12026.19,2025-12-22T17:29:49,RTGS,0,
TXN-0000619,ACC-00184,ACC-00442,494905.41,2025-10-11T11:24:18,UPI,0,
TXN-0000620,ACC-00444,ACC-00452,16429.37,2025-12-03T01:14:15,UPI,0,
TXN-0000621,ACC-00194,ACC-00260,38476.15,2025-12-08T21:41:41,UPI,0,
TXN-0000622,ACC-00161,ACC-00248,58926.38,2025-12-24T03:43:36,NEFT,0,
TXN-0000623,ACC-00045,ACC-00095,11903.66,2025-10-20T07:24:46,NEFT,0,
TXN-0000624,ACC-00234,ACC-00287,84799.53,2025-12-29T22:33:06,IMPS,0,
TXN-0000625,ACC-00020,ACC-00126,13901.97,2025-12-29T13:02:42,NEFT,0,
TXN-0000626,ACC-00170,ACC-00250,17310.2,2025-11-08T04:41:16,IMPS,0,
TXN-0000627,ACC-00009,ACC-00177,421998.38,2025-12-06T10:33:39,UPI,0,
TXN-0000628,ACC-00320,ACC-00154,5580.01,2025-10-23T22:23:49,ATM,0,
TXN-0000629,ACC-00256,ACC-00141,472.01,2025-12-18T19:50:50,UPI,0,
TXN-0000630,ACC-00131,ACC-00449,659796.41,2025-11-07T14:10:22,RTGS,0,
TXN-0000631,ACC-00417,ACC-00015,3572550.47,2025-11-23T21:06:08,RTGS,0,
TXN-0000632,ACC-00115,ACC-00077,17509.79,2025-11-03T04:25:10,RTGS,0,
TXN-0000633,ACC-00336,ACC-00070,1111.75,2025-10-09T12:34:37,IMPS,0,
TXN-0000634,ACC-00266,ACC-00491,20767.17,2025-12-05T19:50:33,NEFT,0,
TXN-0000635,ACC-00320,ACC-00351,21694.17,2025-10-23T01:56:44,NEFT,0,
TXN-0000636,ACC-00293,ACC-00078,25800.19,2025-11-11T09:44:07,ATM,0,
TXN-0000637,ACC-00465,ACC-00309,4894.67,2025-11-01T23:17:20,NEFT,0,
TXN-0000638,ACC-00067,ACC-00105,103074.78,2025-12-03T08:22:17,UPI,0,
TXN-0000639,ACC-00277,ACC-00350,93350.2,2025-12-17T16:22:47,UPI,0,
TXN-0000640,ACC-00070,ACC-00158,2465.3,2025-12-06T20:23:45,IMPS,0,
TXN-0000641,ACC-00268,ACC-00465,127842.47,2025-10-14T03:09:40,NEFT,0,
TXN-0000642,ACC-00465,ACC-00499,1461294.09,2025-12-14T18:20:47,UPI,0,
TXN-0000643,ACC-00477,ACC-00289,49490.13,2025-12-29T01:01:34,UPI,0,
TXN-0000644,ACC-00034,ACC-00285,19787.68,2025-11-21T17:53:25,RTGS,0,
TXN-0000645,ACC-00060,ACC-00094,28124.44,2025-10-31T20:03:21,IMPS,0,
TXN-0000646,ACC-00074,ACC-00372,109914.95,2025-10-03T20:42:04,IMPS,0,
TXN-0000647,ACC-00450,ACC-00498,1611.29,2025-11-10T04:47:00,ATM,0,
TXN-0000648,ACC-00155,ACC-00226,48820.39,2025-12-12T09:23:47,RTGS,0,
TXN-0000649,ACC-00457,ACC-00326,17982.69,2025-12-11T16:27:21,UPI,0,
TXN-0000650,ACC-00398,ACC-00096,1010630.57,2025-10-11T08:47:43,UPI,0,
TXN-0000651,ACC-00013,ACC-00390,26542.14,2025-11-29T10:01:13,NEFT,0,
TXN-0000652,ACC-00310,ACC-00290,731021.17,2025-11-29T10:54:24,UPI,0,
TXN-0000653,ACC-00118,ACC-00351,4980.41,2025-10-03T12:46:52,UPI,0,
TXN-0000654,ACC-00352,ACC-00399,104512.97,2025-11-16T06:33:49,UPI,0,
TXN-0000655,ACC-00433,ACC-00309,64532.26,2025-11-15T12:17:53,IMPS,0,
TXN-0000656,ACC-00191,ACC-00094,7598.57,2025-12-22T17:36:19,UPI,0,
TXN-0000657,ACC-00242,ACC-00070,49976.74,2025-10-16T21:38:59,UPI,0,
TXN-0000658,ACC-00016,ACC-00209,322073.13,2025-12-14T05:30:16,ATM,0,
TXN-0000659,ACC-00473,ACC-00138,20275.63,2025-11-10T02:27:44,UPI,0,
TXN-0000660,ACC-00343,ACC-00103,1727.56,2025-12-13T13:44:50,UPI,0,
TXN-0000661,ACC-00090,ACC-00474,35185.41,2025-11-12T15:36:31,RTGS,0,
TXN-0000662,ACC-00250,ACC-00352,7155.51,2025-11-01T13:03:42,RTGS,0,
TXN-0000663,ACC-00454,ACC-00126,19609.83,2025-11-11T12:16:37,NEFT,0,
TXN-0000664,ACC-00021,ACC-00311,31355.41,2025-12-11T09:26:50,IMPS,0,
TXN-0000665,ACC-00368,ACC-00160,1685.51,2025-11-08T06:26:15,NEFT,0,
TXN-0000666,ACC-00380,ACC-00292,1981.91,2025-11-27T15:40:04,NEFT,0,
TXN-0000667,ACC-00328,ACC-00448,86484.48,2025-12-08T08:42:04,IMPS,0,
TXN-0000668,ACC-00266,ACC-00055,14173.17,2025-11-13T20:19:35,NEFT,0,
TXN-0000669,ACC-00449,ACC-00021,359.05,2025-12-25T05:22:31,ATM,0,
TXN-0000670,ACC-00265,ACC-00275,149151.71,2025-11-08T09:50:27,ATM,0,
TXN-0000671,ACC-00020,ACC-00285,59294.13,2025-11-07T14:42:08,NEFT,0,
TXN-0000672,ACC-00322,ACC-00492,10046.96,2025-10-05T18:52:00,UPI,0,
TXN-0000673,ACC-00225,ACC-00203,3393.8,2025-12-25T20:47:44,UPI,0,
TXN-0000674,ACC-00423,ACC-00146,163481.35,2025-11-14T19:01:00,UPI,0,
TXN-0000675,ACC-00150,ACC-00313,68106.72,2025-12-29T05:30:06,UPI,0,
TXN-0000676,ACC-00264,ACC-00462,2646329.41,2025-10-14T19:26:32,NEFT,0,
TXN-0000677,ACC-00330,ACC-00231,77368.85,2025-10-09T18:44:32,IMPS,0,
TXN-0000678,ACC-00057,ACC-00092,72974.52,2025-12-15T14:34:30,NEFT,0,
TXN-0000679,ACC-00457,ACC-00356,26890.54,2025-11-23T01:13:15,UPI,0,
TXN-0000680,ACC-00211,ACC-00165,157975.71,2025-11-13T18:38:24,UPI,0,
TXN-0000681,ACC-00232,ACC-00302,111876.78,2025-12-27T01:16:12,IMPS,0,
TXN-0000682,ACC-00103,ACC-00451,345623.4,2025-11-14T03:29:19,UPI,0,
TXN-0000683,ACC-00165,ACC-00354,14208.83,2025-12-02T23:17:33,RTGS,0,
TXN-0000684,ACC-00407,ACC-00083,16585.21,2025-12-09T17:56:03,IMPS,0,
TXN-0000685,ACC-00046,ACC-00058,15330.73,2025-12-08T13:37:39,NEFT,0,
TXN-0000686,ACC-00185,ACC-00043,150759.8,2025-11-20T20:34:58,IMPS,0,
TXN-0000687,ACC-00372,ACC-00405,538786.14,2025-11-19T16:16:09,NEFT,0,
TXN-0000688,ACC-00081,ACC-00193,15900.2,2025-11-23T10:23:55,UPI,0,
TXN-0000689,ACC-00393,ACC-00087,16905.72,2025-12-28T13:42:10,UPI,0,
TXN-0000690,ACC-00446,ACC-00337,63916.9,2025-12-23T18:10:21,UPI,0,
TXN-0000691,ACC-00444,ACC-00074,23333.12,2025-10-18T08:47:23,IMPS,0,
TXN-0000692,ACC-00026,ACC-00214,201530.61,2025-10-30T21:50:13,UPI,0,
TXN-0000693,ACC-00393,ACC-00492,630.68,2025-11-13T07:51:25,UPI,0,
TXN-0000694,ACC-00092,ACC-00060,8200.34,2025-12-27T05:45:15,UPI,0,
TXN-0000695,ACC-00103,ACC-00001,8880.83,2025-11-30T10:40:14,IMPS,0,
TXN-0000696,ACC-00006,ACC-00234,557.44,2025-11-18T07:33:22,RTGS,0,
TXN-0000697,ACC-00278,ACC-00413,6408.95,2025-10-01T13:23:59,NEFT,0,
TXN-0000698,ACC-00252,ACC-00121,6993.38,2025-10-22T01:21:09,NEFT,0,
TXN-0000699,ACC-00243,ACC-00232,25286.14,2025-11-09T19:43:19,NEFT,0,
TXN-0000700,ACC-00307,ACC-00003,269234.66,2025-10-24T18:13:22,RTGS,0,
TXN-0000701,ACC-00142,ACC-00317,23362.58,2025-12-01T00:49:36,NEFT,0,
TXN-0000702,ACC-00422,ACC-00106,5679.03,2025-10-05T17:59:20,UPI,0,
TXN-0000703,ACC-00028,ACC-00334,32776.98,2025-11-03T21:16:30,UPI,0,
TXN-0000704,ACC-00437,ACC-00016,240028.4,2025-12-04T18:12:52,NEFT,0,
TXN-0000705,ACC-00308,ACC-00152,6268.39,2025-11-02T03:32:41,RTGS,0,
TXN-0000706,ACC-00025,ACC-00055,7051.29,2025-11-10T11:34:48,ATM,0,
TXN-0000707,ACC-00082,ACC-00344,99249.1,2025-10-28T14:39:16,NEFT,0,
TXN-0000708,ACC-00354,ACC-00358,24373.09,2025-11-27T18:22:41,NEFT,0,
TXN-0000709,ACC-00287,ACC-00090,116479.72,2025-11-14T05:00:50,IMPS,0,
TXN-0000710,ACC-00184,ACC-00476,35434.31,2025-10-04T11:30:48,UPI,0,
TXN-0000711,ACC-00153,ACC-00165,128411.41,2025-11-05T18:49:44,RTGS,0,
TXN-0000712,ACC-00419,ACC-00034,5635.6,2025-12-13T15:17:52,NEFT,0,
TXN-0000713,ACC-00281,ACC-00033,35534.08,2025-10-29T10:20:58,NEFT,0,
TXN-0000714,ACC-00062,ACC-00355,24853.6,2025-12-23T10:33:56,UPI,0,
TXN-0000715,ACC-00269,ACC-00211,4069.99,2025-11-20T22:30:51,UPI,0,
TXN-0000716,ACC-00107,ACC-00313,2177.08,2025-10-06T15:34:47,UPI,0,
TXN-0000717,ACC-00373,ACC-00322,124785.09,2025-11-21T08:32:05,ATM,0,
TXN-0000718,ACC-00247,ACC-00370,19308.21,2025-12-06T20:40:50,NEFT,0,
TXN-0000719,ACC-00403,ACC-00361,5766.93,2025-10-28T21:11:41,NEFT,0,
TXN-0000720,ACC-00434,ACC-00162,30542.61,2025-10-26T05:03:06,NEFT,0,
TXN-0000721,ACC-00319,ACC-00181,276629.39,2025-10-13T14:15:12,NEFT,0,
TXN-0000722,ACC-00254,ACC-00266,598.65,2025-12-10T19:07:24,NEFT,0,
TXN-0000723,ACC-00252,ACC-00413,2455.41,2025-10-18T11:12:51,RTGS,0,
TXN-0000724,ACC-00119,ACC-00362,6896.74,2025-10-29T04:53:10,ATM,0,
TXN-0000725,ACC-00000,ACC-00060,503894.38,2025-10-03T07:53:35,NEFT,0,
TXN-0000726,ACC-00407,ACC-00060,60394.7,2025-12-11T14:25:33,IMPS,0,
TXN-0000727,ACC-00409,ACC-00315,144519.69,2025-11-10T06:09:46,NEFT,0,
TXN-0000728,ACC-00170,ACC-00179,4664.38,2025-11-24T09:51:45,IMPS,0,
TXN-0000729,ACC-00108,ACC-00005,4840.8,2025-12-02T04:44:55,UPI,0,
TXN-0000730,ACC-00144,ACC-00130,81313.29,2025-12-16T17:17:20,UPI,0,
TXN-0000731,ACC-00153,ACC-00259,40331.73,2025-11-23T09:34:40,UPI,0,
TXN-0000732,ACC-00003,ACC-00058,97511.92,2025-12-06T14:06:47,UPI,0,
TXN-0000733,ACC-00202,ACC-00370,25905.02,2025-11-25T05:40:59,NEFT,0,
TXN-0000734,ACC-00014,ACC-00426,59913.59,2025-10-18T01:14:43,UPI,0,
TXN-0000735,ACC-00426,ACC-00173,48272.36,2025-12-29T13:04:03,IMPS,0,
TXN-0000736,ACC-00469,ACC-00242,147263.87,2025-12-17T09:44:14,UPI,0,
TXN-0000737,ACC-00069,ACC-00246,155222.51,2025-10-16T02:04:34,NEFT,0,
TXN-0000738,ACC-00456,ACC-00442,1966.93,2025-11-22T03:13:30,RTGS,0,
TXN-0000739,ACC-00236,ACC-00401,635.82,2025-12-19T01:08:44,NEFT,0,
TXN-0000740,ACC-00380,ACC-00028,220387.3,2025-12-21T01:56:14,NEFT,0,
TXN-0000741,ACC-00289,ACC-00371,308015.43,2025-12-05T20:18:54,UPI,0,
TXN-0000742,ACC-00274,ACC-00009,5784.16,2025-10-21T05:17:12,NEFT,0,
TXN-0000743,ACC-00169,ACC-00409,1277.04,2025-12-28T22:52:08,RTGS,0,
TXN-0000744,ACC-00181,ACC-00033,43402.08,2025-10-15T11:54:20,UPI,0,
TXN-0000745,ACC-00015,ACC-00173,193979.7,2025-11-06T10:22:27,NEFT,0,
TXN-0000746,ACC-00431,ACC-00084,923263.67,2025-11-25T10:29:01,NEFT,0,
TXN-0000747,ACC-00095,ACC-00304,91980.85,2025-10-12T08:16:03,RTGS,0,
TXN-0000748,ACC-00384,ACC-00157,18599.87,2025-12-08T11:23:21,RTGS,0,
TXN-0000749,ACC-00363,ACC-00016,7276.21,2025-10-27T08:38:05,NEFT,0,
TXN-0000750,ACC-00254,ACC-00449,37071.82,2025-10-24T01:44:47,UPI,0,
TXN-0000751,ACC-00424,ACC-00486,21190.82,2025-10-30T09:10:33,UPI,0,
TXN-0000752,ACC-00154,ACC-00089,5842.29,2025-10-11T21:31:04,UPI,0,
TXN-0000753,ACC-00019,ACC-00398,1450995.12,2025-10-20T14:55:24,RTGS,0,
TXN-0000754,ACC-00227,ACC-00259,902842.25,2025-10-03T10:06:08,IMPS,0,
TXN-0000755,ACC-00463,ACC-00256,280656.74,2025-10-15T23:01:38,UPI,0,
TXN-0000756,ACC-00472,ACC-00247,6922.06,2025-12-11T02:42:40,RTGS,0,
TXN-0000757,ACC-00158,ACC-00397,169233.51,2025-11-01T18:45:09,UPI,0,
TXN-0000758,ACC-00446,ACC-00050,114843.72,2025-12-19T19:43:17,ATM,0,
TXN-0000759,ACC-00264,ACC-00346,80545.87,2025-10-13T21:15:12,UPI,0,
TXN-0000760,ACC-00018,ACC-00235,344344.36,2025-11-07T15:08:45,IMPS,0,
TXN-0000761,ACC-00267,ACC-00059,113967.44,2025-10-01T09:34:36,UPI,0,
TXN-0000762,ACC-00022,ACC-00351,137588.91,2025-12-22T08:16:19,NEFT,0,
TXN-0000763,ACC-00044,ACC-00170,114282.79,2025-11-15T07:53:58,RTGS,0,
TXN-0000764,ACC-00052,ACC-00266,67065.47,2025-12-14T09:19:45,IMPS,0,
TXN-0000765,ACC-00159,ACC-00011,1464.84,2025-11-26T01:48:43,IMPS,0,
TXN-0000766,ACC-00327,ACC-00456,42214.45,2025-10-21T08:58:33,UPI,0,
TXN-0000767,ACC-00098,ACC-00146,13344.43,2025-10-27T20:38:24,NEFT,0,
TXN-0000768,ACC-00395,ACC-00225,3627.45,2025-12-05T03:49:56,UPI,0,
TXN-0000769,ACC-00076,ACC-00080,749581.19,2025-10-27T13:37:12,UPI,0,
TXN-0000770,ACC-00490,ACC-00318,816017.94,2025-11-24T08:01:21,NEFT,0,
TXN-0000771,ACC-00105,ACC-00277,419407.0,2025-11-04T00:18:01,NEFT,0,
TXN-0000772,ACC-00138,ACC-00072,57491.03,2025-12-08T09:15:47,IMPS,0,
TXN-0000773,ACC-00293,ACC-00125,412967.93,2025-10-17T15:05:58,UPI,0,
TXN-0000774,ACC-00313,ACC-00456,37112.0,2025-11-02T21:19:07,NEFT,0,
TXN-0000775,ACC-00025,ACC-00066,52314.83,2025-10-03T19:33:28,NEFT,0,
TXN-0000776,ACC-00345,ACC-00025,5073.32,2025-10-11T06:49:39,UPI,0,
TXN-0000777,ACC-00044,ACC-00218,74204.82,2025-11-08T01:13:56,UPI,0,
TXN-0000778,ACC-00305,ACC-00456,40485.32,2025-11-27T13:13:19,NEFT,0,
TXN-0000779,ACC-00353,ACC-00358,3481.53,2025-11-13T06:52:25,NEFT,0,
TXN-0000780,ACC-00159,ACC-00170,33118.43,2025-12-19T08:46:40,UPI,0,
TXN-0000781,ACC-00388,ACC-00343,31460.46,2025-12-18T13:48:18,NEFT,0,
TXN-0000782,ACC-00498,ACC-00472,923208.24,2025-12-13T09:00:31,IMPS,0,
TXN-0000783,ACC-00290,ACC-00067,181604.04,2025-10-10T00:30:37,IMPS,0,
TXN-0000784,ACC-00470,ACC-00357,37071.43,2025-11-15T11:09:43,UPI,0,
TXN-0000785,ACC-00158,ACC-00350,56829.86,2025-12-02T13:36:15,IMPS,0,
TXN-0000786,ACC-00238,ACC-00240,39323.68,2025-10-23T11:53:11,RTGS,0,
TXN-0000787,ACC-00073,ACC-00440,25203.92,2025-12-26T23:08:03,NEFT,0,
TXN-0000788,ACC-00467,ACC-00186,5175.19,2025-11-08T01:36:19,UPI,0,
TXN-0000789,ACC-00469,ACC-00340,27670.07,2025-11-02T01:43:11,IMPS,0,
TXN-0000790,ACC-00451,ACC-00166,9480.79,2025-11-14T00:13:33,NEFT,0,
TXN-0000791,ACC-00033,ACC-00243,3825.45,2025-10-11T23:02:45,UPI,0,
TXN-0000792,ACC-00236,ACC-00433,91144.3,2025-10-17T13:59:47,UPI,0,
TXN-0000793,ACC-00178,ACC-00309,73443.85,2025-11-25T19:05:50,UPI,0,
TXN-0000794,ACC-00052,ACC-00207,1456.7,2025-12-19T09:02:10,IMPS,0,
TXN-0000795,ACC-00054,ACC-00166,29119.63,2025-11-23T23:55:23,NEFT,0,
TXN-0000796,ACC-00405,ACC-00154,218002.65,2025-11-21T17:23:13,NEFT,0,
TXN-0000797,ACC-00302,ACC-00211,244410.08,2025-10-24T03:55:14,NEFT,0,
TXN-0000798,ACC-00280,ACC-00081,230154.55,2025-11-16T20:00:51,UPI,0,
TXN-0000799,ACC-00174,ACC-00106,38950.38,2025-12-19T00:33:39,IMPS,0,
TXN-0000800,ACC-00220,ACC-00401,7934.05,2025-11-12T06:26:51,NEFT,0,
TXN-0000801,ACC-00175,ACC-00278,5163.36,2025-12-07T09:26:50,UPI,0,
TXN-0000802,ACC-00339,ACC-00342,67527.41,2025-10-08T13:30:25,IMPS,0,
TXN-0000803,ACC-00364,ACC-00293,71876.46,2025-12-21T05:45:52,NEFT,0,
TXN-0000804,ACC-00303,ACC-00305,368500.0,2025-11-14T22:39:17,UPI,0,
TXN-0000805,ACC-00049,ACC-00420,263014.22,2025-11-13T05:25:44,UPI,0,
TXN-0000806,ACC-00489,ACC-00207,28623.65,2025-10-07T18:11:51,NEFT,0,
TXN-0000807,ACC-00350,ACC-00416,3867.75,2025-11-27T21:43:31,IMPS,0,
TXN-0000808,ACC-00194,ACC-00167,20447.34,2025-11-17T23:47:28,NEFT,0,
TXN-0000809,ACC-00031,ACC-00046,53691.83,2025-10-22T03:04:19,IMPS,0,
TXN-0000810,ACC-00454,ACC-00297,25241.64,2025-12-27T16:44:20,IMPS,0,
TXN-0000811,ACC-00414,ACC-00000,12833.2,2025-12-13T12:07:08,UPI,0,
TXN-0000812,ACC-00076,ACC-00231,57250.56,2025-11-21T13:54:56,UPI,0,
TXN-0000813,ACC-00315,ACC-00295,14659.97,2025-11-13T09:57:28,UPI,0,
TXN-0000814,ACC-00348,ACC-00449,11725.03,2025-10-31T17:43:34,UPI,0,
TXN-0000815,ACC-00406,ACC-00467,63615.67,2025-12-05T23:29:13,UPI,0,
TXN-0000816,ACC-00482,ACC-00479,17613.37,2025-11-12T04:59:14,IMPS,0,
TXN-0000817,ACC-00468,ACC-00176,56352.84,2025-10-09T16:03:17,NEFT,0,
TXN-0000818,ACC-00313,ACC-00261,59383.24,2025-11-09T05:50:53,IMPS,0,
TXN-0000819,ACC-00436,ACC-00150,4670.53,2025-10-07T01:25:37,UPI,0,
TXN-0000820,ACC-00281,ACC-00495,15271.84,2025-10-06T03:47:44,UPI,0,
TXN-0000821,ACC-00286,ACC-00420,483109.44,2025-11-04T21:06:02,UPI,0,
TXN-0000822,ACC-00144,ACC-00443,4483.94,2025-10-04T00:39:56,UPI,0,
TXN-0000823,ACC-00359,ACC-00302,804.34,2025-11-08T06:42:42,NEFT,0,
TXN-0000824,ACC-00364,ACC-00195,1272.42,2025-11-09T10:07:28,UPI,0,
TXN-0000825,ACC-00279,ACC-00108,38269.09,2025-12-04T07:42:28,UPI,0,
TXN-0000826,ACC-00071,ACC-00096,38393.79,2025-11-23T22:13:33,UPI,0,
TXN-0000827,ACC-00473,ACC-00184,29386.79,2025-12-21T13:15:17,NEFT,0,
TXN-0000828,ACC-00147,ACC-00446,323043.31,2025-12-05T01:22:01,UPI,0,
TXN-0000829,ACC-00005,ACC-00036,295.57,2025-12-02T22:51:23,UPI,0,
TXN-0000830,ACC-00369,ACC-00453,74063.71,2025-11-17T06:05:46,IMPS,0,
TXN-0000831,ACC-00499,ACC-00069,603552.77,2025-10-09T05:16:48,UPI,0,
TXN-0000832,ACC-00412,ACC-00212,4769.49,2025-12-23T12:18:04,NEFT,0,
TXN-0000833,ACC-00403,ACC-00356,18330.99,2025-11-28T16:25:22,RTGS,0,
TXN-0000834,ACC-00319,ACC-00092,9365.56,2025-11-14T02:48:56,NEFT,0,
TXN-0000835,ACC-00282,ACC-00419,7260.3,2025-11-13T16:40:57,UPI,0,
TXN-0000836,ACC-00115,ACC-00095,20185.67,2025-11-11T05:47:24,NEFT,0,
TXN-0000837,ACC-00295,ACC-00255,474242.23,2025-12-22T05:11:45,IMPS,0,
TXN-0000838,ACC-00364,ACC-00256,991819.11,2025-10-27T03:23:56,NEFT,0,
TXN-0000839,ACC-00279,ACC-00295,19837.1,2025-11-05T15:06:07,UPI,0,
TXN-0000840,ACC-00019,ACC-00290,1120301.48,2025-11-16T22:05:46,IMPS,0,
TXN-0000841,ACC-00057,ACC-00297,38717.14,2025-11-16T18:03:10,ATM,0,
TXN-0000842,ACC-00040,ACC-00072,853110.06,2025-12-10T21:27:19,IMPS,0,
TXN-0000843,ACC-00439,ACC-00384,30701.37,2025-12-15T14:53:53,UPI,0,
TXN-0000844,ACC-00264,ACC-00040,45977.35,2025-11-20T19:30:34,RTGS,0,
TXN-0000845,ACC-00045,ACC-00125,70112.34,2025-11-15T20:53:31,NEFT,0,
TXN-0000846,ACC-00339,ACC-00491,10000000.0,2025-12-04T22:13:25,UPI,0,
TXN-0000847,ACC-00324,ACC-00276,168099.95,2025-12-17T11:42:13,NEFT,0,
TXN-0000848,ACC-00313,ACC-00027,10167.22,2025-12-27T17:30:22,UPI,0,
TXN-0000849,ACC-00398,ACC-00005,207771.91,2025-11-15T12:32:36,NEFT,0,
TXN-0000850,ACC-00463,ACC-00240,18933.75,2025-11-25T17:26:09,IMPS,0,
TXN-0000851,ACC-00215,ACC-00180,15039.72,2025-12-17T11:59:41,UPI,0,
TXN-0000852,ACC-00085,ACC-00018,186368.74,2025-12-07T11:35:11,RTGS,0,
TXN-0000853,ACC-00383,ACC-00155,38405.43,2025-12-10T13:58:00,IMPS,0,
TXN-0000854,ACC-00133,ACC-00031,59960.22,2025-12-01T02:22:31,NEFT,0,
TXN-0000855,ACC-00086,ACC-00293,37241.29,2025-10-06T00:16:58,IMPS,0,
TXN-0000856,ACC-00149,ACC-00414,66559.37,2025-12-11T14:13:12,NEFT,0,
TXN-0000857,ACC-00146,ACC-00248,78037.02,2025-10-09T00:15:45,UPI,0,
TXN-0000858,ACC-00039,ACC-00435,1111.49,2025-12-16T02:17:59,UPI,0,
TXN-0000859,ACC-00067,ACC-00315,120551.32,2025-10-28T06:42:43,UPI,0,
TXN-0000860,ACC-00131,ACC-00007,6200.37,2025-12-11T23:39:18,UPI,0,
TXN-0000861,ACC-00089,ACC-00465,2707.72,2025-11-27T10:55:27,IMPS,0,
TXN-0000862,ACC-00337,ACC-00228,32691.15,2025-11-05T21:37:08,IMPS,0,
TXN-0000863,ACC-00133,ACC-00400,42241.81,2025-12-08T00:55:25,UPI,0,
TXN-0000864,ACC-00092,ACC-00409,10422.15,2025-11-21T04:54:18,RTGS,0,
TXN-0000865,ACC-00175,ACC-00043,162081.95,2025-10-15T02:02:17,NEFT,0,
TXN-0000866,ACC-00420,ACC-00078,3242.45,2025-12-21T07:46:57,NEFT,0,
TXN-0000867,ACC-00211,ACC-00394,17457.09,2025-11-07T04:50:37,UPI,0,
TXN-0000868,ACC-00225,ACC-00371,12672.97,2025-12-01T21:39:23,UPI,0,
TXN-0000869,ACC-00295,ACC-00375,33394.38,2025-12-21T17:36:47,UPI,0,
TXN-0000870,ACC-00328,ACC-00135,59991.35,2025-12-13T08:24:18,IMPS,0,
TXN-0000871,ACC-00026,ACC-00085,5918.23,2025-11-15T01:13:59,UPI,0,
TXN-0000872,ACC-00154,ACC-00243,133747.48,2025-12-12T10:39:24,RTGS,0,
TXN-0000873,ACC-00472,ACC-00272,40676.44,2025-10-23T16:28:13,UPI,0,
TXN-0000874,ACC-00361,ACC-00199,1205.32,2025-11-16T01:52:25,UPI,0,
TXN-0000875,ACC-00271,ACC-00445,1069.06,2025-11-12T05:00:15,UPI,0,
TXN-0000876,ACC-00474,ACC-00408,35519.08,2025-11-13T13:49:40,UPI,0,
TXN-0000877,ACC-00161,ACC-00492,24398.06,2025-11-21T11:34:48,IMPS,0,
TXN-0000878,ACC-00021,ACC-00049,30147.09,2025-12-29T02:25:27,NEFT,0,
TXN-0000879,ACC-00181,ACC-00489,34531.65,2025-12-21T23:13:12,NEFT,0,
TXN-0000880,ACC-00470,ACC-00333,54502.82,2025-12-23T08:06:49,UPI,0,
TXN-0000881,ACC-00138,ACC-00136,199939.34,2025-12-17T21:31:57,UPI,0,
TXN-0000882,ACC-00335,ACC-00299,4914.82,2025-11-07T23:27:15,NEFT,0,
TXN-0000883,ACC-00345,ACC-00383,4404.8,2025-10-24T11:25:39,IMPS,0,
TXN-0000884,ACC-00301,ACC-00394,5074.67,2025-10-19T22:12:35,NEFT,0,
TXN-0000885,ACC-00346,ACC-00353,61086.73,2025-10-18T11:14:10,UPI,0,
TXN-0000886,ACC-00005,ACC-00344,341432.5,2025-10-01T19:45:03,IMPS,0,
TXN-0000887,ACC-00006,ACC-00210,16707.1,2025-10-10T11:39:16,NEFT,0,
TXN-0000888,ACC-00350,ACC-00228,402.2,2025-11-04T03:05:33,UPI,0,
TXN-0000889,ACC-00145,ACC-00128,1690.56,2025-10-19T17:54:28,UPI,0,
TXN-0000890,ACC-00317,ACC-00047,8107.41,2025-10-06T12:32:40,RTGS,0,
TXN-0000891,ACC-00336,ACC-00457,13307.57,2025-12-21T02:45:39,UPI,0,
TXN-0000892,ACC-00306,ACC-00326,17411.75,2025-10-12T19:47:29,IMPS,0,
TXN-0000893,ACC-00061,ACC-00044,38927.1,2025-12-23T03:39:06,NEFT,0,
TXN-0000894,ACC-00192,ACC-00336,20720.04,2025-12-14T03:55:03,RTGS,0,
TXN-0000895,ACC-00289,ACC-00411,240100.12,2025-10-18T22:32:31,RTGS,0,
TXN-0000896,ACC-00356,ACC-00094,10755.46,2025-10-25T14:18:54,UPI,0,
TXN-0000897,ACC-00338,ACC-00479,7691.17,2025-10-08T08:25:36,NEFT,0,
TXN-0000898,ACC-00472,ACC-00141,85989.11,2025-12-14T16:44:12,NEFT,0,
TXN-0000899,ACC-00462,ACC-00341,2288.94,2025-12-14T17:57:05,IMPS,0,
TXN-0000900,ACC-00131,ACC-00082,73236.2,2025-12-15T19:14:08,UPI,0,
TXN-0000901,ACC-00397,ACC-00031,43677.82,2025-11-07T03:59:10,UPI,0,
TXN-0000902,ACC-00030,ACC-00132,27850.43,2025-12-18T21:57:47,UPI,0,
TXN-0000903,ACC-00225,ACC-00035,633425.07,2025-11-17T17:47:41,ATM,0,
TXN-0000904,ACC-00102,ACC-00312,11849.33,2025-11-08T02:54:16,UPI,0,
TXN-0000905,ACC-00251,ACC-00055,1481457.13,2025-10-14T23:14:50,NEFT,0,
TXN-0000906,ACC-00220,ACC-00111,24202.79,2025-11-29T14:38:42,NEFT,0,
TXN-0000907,ACC-00467,ACC-00226,3645.94,2025-12-09T11:00:12,UPI,0,
TXN-0000908,ACC-00017,ACC-00037,41186.06,2025-10-07T20:04:21,NEFT,0,
TXN-0000909,ACC-00128,ACC-00397,5233.1,2025-11-13T06:58:49,UPI,0,
TXN-0000910,ACC-00254,ACC-00076,9384.73,2025-12-03T09:17:11,NEFT,0,
TXN-0000911,ACC-00477,ACC-00019,74210.43,2025-12-04T12:38:37,UPI,0,
TXN-0000912,ACC-00077,ACC-00358,98720.49,2025-11-02T00:33:41,RTGS,0,
TXN-0000913,ACC-00294,ACC-00001,11850.18,2025-11-20T00:55:45,IMPS,0,
TXN-0000914,ACC-00394,ACC-00251,214771.35,2025-11-16T10:08:44,NEFT,0,
TXN-0000915,ACC-00432,ACC-00372,291709.57,2025-12-15T19:42:54,IMPS,0,
TXN-0000916,ACC-00035,ACC-00276,481828.33,2025-10-22T22:15:40,UPI,0,
TXN-0000917,ACC-00488,ACC-00352,94178.21,2025-12-19T10:01:25,IMPS,0,
TXN-0000918,ACC-00062,ACC-00290,422595.9,2025-11-21T23:20:56,RTGS,0,
TXN-0000919,ACC-00183,ACC-00170,1229.75,2025-12-06T04:47:32,UPI,0,
TXN-0000920,ACC-00028,ACC-00323,20491.56,2025-12-02T19:47:33,UPI,0,
TXN-0000921,ACC-00273,ACC-00436,7626.55,2025-11-03T00:24:13,UPI,0,
TXN-0000922,ACC-00235,ACC-00389,45008.5,2025-12-14T10:05:35,UPI,0,
TXN-0000923,ACC-00103,ACC-00090,12982.94,2025-11-23T20:01:17,UPI,0,
TXN-0000924,ACC-00196,ACC-00338,26927.84,2025-10-19T13:04:10,UPI,0,
TXN-0000925,ACC-00199,ACC-00458,1075089.84,2025-10-11T08:47:15,NEFT,0,
TXN-0000926,ACC-00183,ACC-00249,26755.74,2025-10-09T05:44:38,RTGS,0,
TXN-0000927,ACC-00224,ACC-00376,76483.18,2025-10-19T09:29:03,UPI,0,
TXN-0000928,ACC-00098,ACC-00012,23906.73,2025-12-09T21:06:48,ATM,0,
TXN-0000929,ACC-00122,ACC-00250,41617.83,2025-11-07T17:53:38,UPI,0,
TXN-0000930,ACC-00276,ACC-00329,36710.94,2025-10-30T21:03:53,NEFT,0,
TXN-0000931,ACC-00494,ACC-00427,81388.02,2025-12-18T19:34:48,NEFT,0,
TXN-0000932,ACC-00008,ACC-00018,295833.94,2025-11-02T22:35:29,UPI,0,
TXN-0000933,ACC-00403,ACC-00369,704546.21,2025-10-05T03:45:54,NEFT,0,
TXN-0000934,ACC-00108,ACC-00413,63406.15,2025-12-03T11:34:50,IMPS,0,
TXN-0000935,ACC-00234,ACC-00481,104944.24,2025-12-05T20:02:09,RTGS,0,
TXN-0000936,ACC-00274,ACC-00076,4575.37,2025-12-11T22:46:30,NEFT,0,
TXN-0000937,ACC-00473,ACC-00036,31002.46,2025-10-04T13:55:52,IMPS,0,
TXN-0000938,ACC-00250,ACC-00334,197307.96,2025-10-02T20:25:12,NEFT,0,
TXN-0000939,ACC-00470,ACC-00316,172601.98,2025-10-05T10:43:32,UPI,0,
TXN-0000940,ACC-00332,ACC-00066,53151.28,2025-10-02T09:28:24,UPI,0,
TXN-0000941,ACC-00025,ACC-00463,179065.89,2025-10-30T20:08:52,IMPS,0,
TXN-0000942,ACC-00049,ACC-00233,87849.47,2025-11-29T08:15:34,UPI,0,
TXN-0000943,ACC-00302,ACC-00032,315070.36,2025-12-19T09:36:45,IMPS,0,
TXN-0000944,ACC-00058,ACC-00254,61135.41,2025-11-27T18:23:52,IMPS,0,
TXN-0000945,ACC-00112,ACC-00032,19143.97,2025-12-18T02:30:45,UPI,0,
TXN-0000946,ACC-00172,ACC-00415,66470.55,2025-12-21T03:46:43,ATM,0,
TXN-0000947,ACC-00347,ACC-00205,185.85,2025-11-01T11:31:19,UPI,0,
TXN-0000948,ACC-00350,ACC-00294,72344.47,2025-11-23T00:00:13,UPI,0,
TXN-0000949,ACC-00428,ACC-00493,100.0,2025-12-17T00:03:39,UPI,0,
TXN-0000950,ACC-00023,ACC-00303,1632.33,2025-10-17T20:09:44,UPI,0,
TXN-0000951,ACC-00061,ACC-00140,81894.2,2025-10-14T17:06:20,IMPS,0,
TXN-0000952,ACC-00086,ACC-00356,85781.0,2025-11-05T21:59:35,NEFT,0,
TXN-0000953,ACC-00224,ACC-00124,4481.12,2025-12-29T20:58:49,NEFT,0,
TXN-0000954,ACC-00068,ACC-00051,10079.07,2025-12-16T19:17:07,IMPS,0,
TXN-0000955,ACC-00313,ACC-00192,428040.79,2025-12-15T12:04:58,UPI,0,
TXN-0000956,ACC-00450,ACC-00249,15195.37,2025-10-08T20:05:50,UPI,0,
TXN-0000957,ACC-00091,ACC-00474,2058023.39,2025-10-09T15:42:50,IMPS,0,
TXN-0000958,ACC-00303,ACC-00454,36190.22,2025-10-28T13:08:32,NEFT,0,
TXN-0000959,ACC-00413,ACC-00405,75694.83,2025-12-15T00:12:05,NEFT,0,
TXN-0000960,ACC-00064,ACC-00105,666885.68,2025-10-14T21:25:07,NEFT,0,
TXN-0000961,ACC-00267,ACC-00230,45974.81,2025-11-10T00:06:09,UPI,0,
TXN-0000962,ACC-00089,ACC-00312,5977.64,2025-12-07T03:42:58,UPI,0,
TXN-0000963,ACC-00092,ACC-00367,29806.76,2025-11-18T12:49:21,NEFT,0,
TXN-0000964,ACC-00045,ACC-00321,34060.74,2025-12-20T05:50:46,IMPS,0,
TXN-0000965,ACC-00178,ACC-00214,3113.38,2025-10-01T10:38:56,NEFT,0,
TXN-0000966,ACC-00098,ACC-00060,22913.98,2025-11-21T11:27:11,ATM,0,
TXN-0000967,ACC-00316,ACC-00185,9547.69,2025-12-23T18:18:32,IMPS,0,
TXN-0000968,ACC-00276,ACC-00259,191730.11,2025-10-22T06:57:01,NEFT,0,
TXN-0000969,ACC-00320,ACC-00337,38649.97,2025-10-21T04:55:42,UPI,0,
TXN-0000970,ACC-00099,ACC-00057,21828.41,2025-12-17T08:14:33,UPI,0,
TXN-0000971,ACC-00432,ACC-00495,29997.6,2025-12-28T11:54:45,NEFT,0,
TXN-0000972,ACC-00090,ACC-00081,54264.18,2025-12-05T01:32:43,RTGS,0,
TXN-0000973,ACC-00027,ACC-00330,110223.52,2025-11-05T08:37:52,UPI,0,
TXN-0000974,ACC-00222,ACC-00128,6006.02,2025-11-02T10:57:46,NEFT,0,
TXN-0000975,ACC-00455,ACC-00388,5569.96,2025-11-13T23:54:37,UPI,0,
TXN-0000976,ACC-00379,ACC-00026,265248.55,2025-12-29T19:04:59,NEFT,0,
TXN-0000977,ACC-00080,ACC-00402,17288.44,2025-10-03T19:43:36,NEFT,0,
TXN-0000978,ACC-00059,ACC-00036,2834.68,2025-12-26T21:41:08,UPI,0,
TXN-0000979,ACC-00227,ACC-00303,80729.79,2025-11-26T06:56:34,UPI,0,
TXN-0000980,ACC-00101,ACC-00382,83622.31,2025-12-05T17:10:50,RTGS,0,
TXN-0000981,ACC-00117,ACC-00398,2309.33,2025-10-11T16:37:41,UPI,0,
TXN-0000982,ACC-00050,ACC-00121,54888.94,2025-12-11T15:04:37,NEFT,0,
TXN-0000983,ACC-00102,ACC-00192,136495.86,2025-12-26T13:01:52,UPI,0,
TXN-0000984,ACC-00241,ACC-00299,71246.12,2025-11-17T00:45:06,UPI,0,
TXN-0000985,ACC-00223,ACC-00074,113274.2,2025-10-21T23:42:04,RTGS,0,
TXN-0000986,ACC-00232,ACC-00091,2899.56,2025-11-07T14:32:42,UPI,0,
TXN-0000987,ACC-00234,ACC-00368,65898.59,2025-10-19T20:24:49,NEFT,0,
TXN-0000988,ACC-00499,ACC-00138,21063.24,2025-10-20T15:11:07,UPI,0,
TXN-0000989,ACC-00016,ACC-00354,15229.32,2025-11-25T05:05:14,UPI,0,
TXN-0000990,ACC-00069,ACC-00056,174032.98,2025-12-22T16:29:29,NEFT,0,
TXN-0000991,ACC-00214,ACC-00087,520577.54,2025-12-13T19:43:10,UPI,0,
TXN-0000992,ACC-00453,ACC-00151,917920.53,2025-11-28T14:34:25,UPI,0,
TXN-0000993,ACC-00406,ACC-00326,387183.56,2025-11-29T08:57:49,RTGS,0,
TXN-0000994,ACC-00295,ACC-00496,29806.4,2025-11-23T16:00:50,RTGS,0,
TXN-0000995,ACC-00044,ACC-00210,68521.05,2025-12-23T04:53:36,NEFT,0,
TXN-0000996,ACC-00441,ACC-00110,144391.14,2025-11-27T10:29:00,NEFT,0,
TXN-0000997,ACC-00236,ACC-00142,45166.92,2025-10-02T09:47:47,IMPS,0,
TXN-0000998,ACC-00376,ACC-00446,45953.05,2025-10-24T22:44:45,UPI,0,
TXN-0000999,ACC-00222,ACC-00296,159972.25,2025-10-22T14:14:41,RTGS,0,
TXN-0001000,ACC-00302,ACC-00484,32639.92,2025-10-15T11:07:28,RTGS,0,
TXN-0001001,ACC-00459,ACC-00002,9772.07,2025-11-10T13:28:44,ATM,0,
TXN-0001002,ACC-00020,ACC-00240,17222.1,2025-12-11T05:07:25,IMPS,0,
TXN-0001003,ACC-00017,ACC-00217,113668.17,2025-11-21T13:36:11,UPI,0,
TXN-0001004,ACC-00414,ACC-00408,36511.7,2025-12-07T15:19:13,IMPS,0,
TXN-0001005,ACC-00231,ACC-00253,66995.31,2025-10-24T08:25:56,UPI,0,
TXN-0001006,ACC-00385,ACC-00006,121314.62,2025-12-07T07:10:46,IMPS,0,
TXN-0001007,ACC-00486,ACC-00111,18495.55,2025-10-13T21:14:28,UPI,0,
TXN-0001008,ACC-00122,ACC-00331,141668.73,2025-10-09T19:24:54,UPI,0,
TXN-0001009,ACC-00342,ACC-00156,71819.89,2025-10-16T17:01:40,IMPS,0,
TXN-0001010,ACC-00439,ACC-00292,3933.7,2025-12-12T13:18:15,NEFT,0,
TXN-0001011,ACC-00499,ACC-00232,487062.94,2025-11-15T00:38:26,IMPS,0,
TXN-0001012,ACC-00447,ACC-00360,14745.0,2025-11-09T08:33:29,UPI,0,
TXN-0001013,ACC-00446,ACC-00189,1846.1,2025-11-30T20:34:31,NEFT,0,
TXN-0001014,ACC-00324,ACC-00000,5535.41,2025-12-23T12:50:12,NEFT,0,
TXN-0001015,ACC-00197,ACC-00457,5779.77,2025-12-07T01:33:56,UPI,0,
TXN-0001016,ACC-00016,ACC-00151,39891.24,2025-11-11T08:25:27,IMPS,0,
TXN-0001017,ACC-00357,ACC-00484,22182.72,2025-11-29T11:13:52,NEFT,0,
TXN-0001018,ACC-00406,ACC-00106,19805.25,2025-12-16T11:27:18,IMPS,0,
TXN-0001019,ACC-00317,ACC-00450,110797.95,2025-11-02T14:13:31,IMPS,0,
TXN-0001020,ACC-00028,ACC-00263,66954.97,2025-12-28T08:27:47,IMPS,0,
TXN-0001021,ACC-00454,ACC-00026,64144.02,2025-10-11T18:34:14,UPI,0,
TXN-0001022,ACC-00238,ACC-00316,75939.42,2025-10-04T23:14:38,UPI,0,
TXN-0001023,ACC-00089,ACC-00331,110088.78,2025-11-24T06:04:34,IMPS,0,
TXN-0001024,ACC-00287,ACC-00363,817.04,2025-12-15T02:33:41,UPI,0,
TXN-0001025,ACC-00171,ACC-00122,18845.16,2025-11-22T09:26:16,UPI,0,
TXN-0001026,ACC-00244,ACC-00377,717.39,2025-12-13T00:55:58,NEFT,0,
TXN-0001027,ACC-00491,ACC-00359,38750.85,2025-10-21T08:51:19,IMPS,0,
TXN-0001028,ACC-00389,ACC-00115,36013.91,2025-11-01T02:44:05,UPI,0,
TXN-0001029,ACC-00136,ACC-00257,238460.29,2025-12-06T01:02:35,NEFT,0,
TXN-0001030,ACC-00027,ACC-00032,307965.15,2025-11-06T04:43:08,UPI,0,
TXN-0001031,ACC-00248,ACC-00256,52312.73,2025-11-21T03:15:33,IMPS,0,
TXN-0001032,ACC-00240,ACC-00363,14755.19,2025-11-21T15:25:38,IMPS,0,
TXN-0001033,ACC-00272,ACC-00460,86967.52,2025-10-29T09:01:31,NEFT,0,
TXN-0001034,ACC-00188,ACC-00409,14041.16,2025-12-05T08:55:04,RTGS,0,
TXN-0001035,ACC-00414,ACC-00481,36224.58,2025-12-25T17:50:34,UPI,0,
TXN-0001036,ACC-00456,ACC-00452,214281.4,2025-11-14T10:55:26,UPI,0,
TXN-0001037,ACC-00200,ACC-00459,13306.55,2025-10-18T08:39:42,UPI,0,
TXN-0001038,ACC-00489,ACC-00039,154851.45,2025-10-11T14:50:19,UPI,0,
TXN-0001039,ACC-00057,ACC-00356,122924.11,2025-10-15T08:45:28,NEFT,0,
TXN-0001040,ACC-00447,ACC-00104,6511.82,2025-11-20T13:17:24,ATM,0,
TXN-0001041,ACC-00011,ACC-00150,209611.15,2025-11-10T10:36:02,ATM,0,
TXN-0001042,ACC-00277,ACC-00477,127697.49,2025-10-13T19:38:45,NEFT,0,
TXN-0001043,ACC-00215,ACC-00227,43628.53,2025-12-11T14:59:13,NEFT,0,
TXN-0001044,ACC-00149,ACC-00096,9207.91,2025-10-07T02:40:58,UPI,0,
TXN-0001045,ACC-00410,ACC-00118,7734.37,2025-12-21T01:34:07,RTGS,0,
TXN-0001046,ACC-00330,ACC-00171,13797.01,2025-11-09T23:18:40,NEFT,0,
TXN-0001047,ACC-00335,ACC-00330,96439.39,2025-12-16T09:26:01,UPI,0,
TXN-0001048,ACC-00303,ACC-00340,6502.06,2025-12-07T15:48:35,NEFT,0,
TXN-0001049,ACC-00280,ACC-00227,79819.41,2025-11-14T11:14:01,UPI,0,
TXN-0001050,ACC-00067,ACC-00459,3884.85,2025-12-16T15:18:53,UPI,0,
TXN-0001051,ACC-00404,ACC-00133,25151.59,2025-10-23T00:26:24,NEFT,0,
TXN-0001052,ACC-00497,ACC-00147,44239.17,2025-12-14T17:38:48,IMPS,0,
TXN-0001053,ACC-00075,ACC-00180,2961582.35,2025-10-28T14:39:29,NEFT,0,
TXN-0001054,ACC-00085,ACC-00316,3043.71,2025-12-29T17:22:58,UPI,0,
TXN-0001055,ACC-00274,ACC-00146,513818.94,2025-10-18T16:44:39,ATM,0,
TXN-0001056,ACC-00429,ACC-00362,47558.53,2025-12-07T06:28:44,RTGS,0,
TXN-0001057,ACC-00406,ACC-00078,76123.28,2025-10-16T15:45:02,UPI,0,
TXN-0001058,ACC-00021,ACC-00162,44937.42,2025-11-25T18:44:26,UPI,0,
TXN-0001059,ACC-00133,ACC-00189,80862.73,2025-10-18T21:54:29,UPI,0,
TXN-0001060,ACC-00362,ACC-00017,27539.23,2025-12-04T14:51:05,UPI,0,
TXN-0001061,ACC-00176,ACC-00075,497469.9,2025-11-06T04:57:17,NEFT,0,
TXN-0001062,ACC-00499,ACC-00083,15968.16,2025-11-21T19:28:41,UPI,0,
TXN-0001063,ACC-00471,ACC-00012,278736.52,2025-11-09T06:41:54,RTGS,0,
TXN-0001064,ACC-00393,ACC-00074,11385.99,2025-11-14T11:18:44,RTGS,0,
TXN-0001065,ACC-00079,ACC-00002,32583.02,2025-12-11T16:49:04,NEFT,0,
TXN-0001066,ACC-00259,ACC-00169,5273.59,2025-12-02T20:11:15,IMPS,0,
TXN-0001067,ACC-00242,ACC-00458,82375.45,2025-10-29T03:20:46,ATM,0,
TXN-0001068,ACC-00386,ACC-00293,489542.58,2025-12-04T17:57:39,UPI,0,
TXN-0001069,ACC-00289,ACC-00373,31595.15,2025-12-28T01:11:07,RTGS,0,
TXN-0001070,ACC-00173,ACC-00352,25478.9,2025-10-11T21:42:51,IMPS,0,
TXN-0001071,ACC-00460,ACC-00020,4883.85,2025-10-14T12:52:47,IMPS,0,
TXN-0001072,ACC-00059,ACC-00157,24035.16,2025-10-03T09:46:40,NEFT,0,
TXN-0001073,ACC-00430,ACC-00112,2065.18,2025-11-13T07:11:30,UPI,0,
TXN-0001074,ACC-00167,ACC-00028,7022.11,2025-11-29T01:05:42,NEFT,0,
TXN-0001075,ACC-00298,ACC-00269,54623.25,2025-10-22T13:37:57,IMPS,0,
TXN-0001076,ACC-00392,ACC-00142,390125.5,2025-10-20T00:03:02,UPI,0,
TXN-0001077,ACC-00275,ACC-00434,5703437.1,2025-11-13T05:59:33,IMPS,0,
TXN-0001078,ACC-00490,ACC-00044,12634.0,2025-11-19T16:33:04,UPI,0,
TXN-0001079,ACC-00251,ACC-00162,480960.43,2025-11-28T13:29:32,NEFT,0,
TXN-0001080,ACC-00483,ACC-00028,56317.15,2025-12-28T04:50:05,IMPS,0,
TXN-0001081,ACC-00203,ACC-00075,27660.32,2025-12-09T12:18:59,RTGS,0,
TXN-0001082,ACC-00189,ACC-00197,79115.97,2025-11-06T04:45:34,UPI,0,
TXN-0001083,ACC-00176,ACC-00179,40597.01,2025-10-30T21:53:27,ATM,0,
TXN-0001084,ACC-00447,ACC-00287,44298.78,2025-10-09T12:07:10,UPI,0,
TXN-0001085,ACC-00454,ACC-00227,17413.49,2025-12-11T23:53:04,ATM,0,
TXN-0001086,ACC-00411,ACC-00226,2931.89,2025-10-29T00:33:57,UPI,0,
TXN-0001087,ACC-00372,ACC-00496,2256.28,2025-12-27T03:50:51,NEFT,0,
TXN-0001088,ACC-00458,ACC-00212,117693.7,2025-10-14T13:12:58,IMPS,0,
TXN-0001089,ACC-00306,ACC-00044,22069.24,2025-10-14T22:42:13,UPI,0,
TXN-0001090,ACC-00243,ACC-00444,12419.71,2025-11-21T00:02:24,ATM,0,
TXN-0001091,ACC-00033,ACC-00477,36875.78,2025-11-27T08:22:53,IMPS,0,
TXN-0001092,ACC-00045,ACC-00003,151884.87,2025-11-09T18:06:44,NEFT,0,
TXN-0001093,ACC-00139,ACC-00212,50244.44,2025-10-17T23:31:48,NEFT,0,
TXN-0001094,ACC-00363,ACC-00290,11148.96,2025-12-13T07:50:43,RTGS,0,
TXN-0001095,ACC-00102,ACC-00095,330158.24,2025-12-20T19:21:41,UPI,0,
TXN-0001096,ACC-00283,ACC-00251,623144.62,2025-10-05T02:24:35,IMPS,0,
TXN-0001097,ACC-00154,ACC-00427,88450.82,2025-11-26T19:38:02,UPI,0,
TXN-0001098,ACC-00286,ACC-00378,209524.16,2025-11-14T23:55:15,UPI,0,
TXN-0001099,ACC-00405,ACC-00001,339601.45,2025-10-15T22:54:06,UPI,0,
TXN-0001100,ACC-00489,ACC-00327,277667.26,2025-12-20T23:55:38,NEFT,0,
TXN-0001101,ACC-00063,ACC-00334,109686.16,2025-12-04T15:41:26,RTGS,0,
TXN-0001102,ACC-00213,ACC-00091,106619.82,2025-11-17T18:10:43,RTGS,0,
TXN-0001103,ACC-00330,ACC-00125,92539.33,2025-10-03T18:16:33,UPI,0,
TXN-0001104,ACC-00141,ACC-00252,5038.14,2025-10-07T11:28:48,NEFT,0,
TXN-0001105,ACC-00185,ACC-00297,128194.21,2025-11-16T15:36:47,NEFT,0,
TXN-0001106,ACC-00444,ACC-00132,3163.82,2025-11-30T23:20:12,IMPS,0,
TXN-0001107,ACC-00498,ACC-00355,8688.2,2025-12-19T10:43:56,UPI,0,
TXN-0001108,ACC-00262,ACC-00375,379426.86,2025-11-25T20:27:41,UPI,0,
TXN-0001109,ACC-00132,ACC-00083,164784.9,2025-11-26T11:21:11,UPI,0,
TXN-0001110,ACC-00163,ACC-00236,528245.77,2025-12-25T06:37:39,IMPS,0,
TXN-0001111,ACC-00182,ACC-00083,22269.79,2025-10-06T03:14:19,UPI,0,
TXN-0001112,ACC-00214,ACC-00325,4563.99,2025-12-28T13:21:28,ATM,0,
TXN-0001113,ACC-00024,ACC-00148,23557.82,2025-10-29T07:37:35,NEFT,0,
TXN-0001114,ACC-00479,ACC-00039,43636.81,2025-11-19T21:23:44,UPI,0,
TXN-0001115,ACC-00321,ACC-00093,41863.92,2025-12-14T05:51:19,UPI,0,
TXN-0001116,ACC-00385,ACC-00085,279462.91,2025-11-22T18:56:29,UPI,0,
TXN-0001117,ACC-00161,ACC-00423,18952.92,2025-12-22T00:58:50,IMPS,0,
TXN-0001118,ACC-00154,ACC-00138,68436.53,2025-12-06T13:11:58,IMPS,0,
TXN-0001119,ACC-00185,ACC-00049,6127.07,2025-11-21T21:17:22,NEFT,0,
TXN-0001120,ACC-00421,ACC-00073,81680.54,2025-10-02T06:03:13,UPI,0,
TXN-0001121,ACC-00144,ACC-00190,36519.27,2025-12-15T14:45:13,NEFT,0,
TXN-0001122,ACC-00174,ACC-00471,9417.6,2025-12-28T10:17:23,UPI,0,
TXN-0001123,ACC-00111,ACC-00079,23754.02,2025-11-18T20:58:01,UPI,0,
TXN-0001124,ACC-00096,ACC-00407,26068.52,2025-12-27T02:17:37,NEFT,0,
TXN-0001125,ACC-00353,ACC-00425,22330.77,2025-11-21T00:51:35,IMPS,0,
TXN-0001126,ACC-00364,ACC-00282,880648.84,2025-12-08T04:23:44,IMPS,0,
TXN-0001127,ACC-00058,ACC-00213,30418.22,2025-11-14T17:01:21,RTGS,0,
TXN-0001128,ACC-00059,ACC-00419,23411.6,2025-10-13T17:47:35,RTGS,0,
TXN-0001129,ACC-00245,ACC-00178,832.63,2025-10-31T06:01:07,IMPS,0,
TXN-0001130,ACC-00071,ACC-00418,7262.12,2025-11-12T21:47:23,RTGS,0,
TXN-0001131,ACC-00305,ACC-00267,22617.24,2025-12-14T03:17:33,ATM,0,
TXN-0001132,ACC-00088,ACC-00363,10566.72,2025-10-30T13:57:56,UPI,0,
TXN-0001133,ACC-00417,ACC-00060,436731.41,2025-10-22T14:07:52,UPI,0,
TXN-0001134,ACC-00355,ACC-00072,26987.04,2025-12-06T19:15:57,UPI,0,
TXN-0001135,ACC-00064,ACC-00107,369239.09,2025-10-13T15:25:49,ATM,0,
TXN-0001136,ACC-00217,ACC-00353,40581.53,2025-12-14T01:58:26,IMPS,0,
TXN-0001137,ACC-00039,ACC-00009,38832.4,2025-12-15T05:09:50,NEFT,0,
TXN-0001138,ACC-00220,ACC-00021,30951.18,2025-10-20T01:31:51,UPI,0,
TXN-0001139,ACC-00406,ACC-00337,36564.51,2025-11-19T20:29:35,NEFT,0,
TXN-0001140,ACC-00240,ACC-00060,801172.06,2025-12-28T05:01:36,UPI,0,
TXN-0001141,ACC-00033,ACC-00154,558.19,2025-12-04T19:35:20,UPI,0,
TXN-0001142,ACC-00049,ACC-00400,989.52,2025-10-13T00:27:35,RTGS,0,
TXN-0001143,ACC-00105,ACC-00300,13660.89,2025-12-27T11:53:22,UPI,0,
TXN-0001144,ACC-00343,ACC-00179,37277.69,2025-10-03T20:10:43,UPI,0,
TXN-0001145,ACC-00433,ACC-00382,125767.21,2025-10-27T22:19:55,RTGS,0,
TXN-0001146,ACC-00178,ACC-00180,85097.84,2025-10-16T14:07:32,RTGS,0,
TXN-0001147,ACC-00399,ACC-00373,18185.09,2025-11-29T12:17:31,UPI,0,
TXN-0001148,ACC-00291,ACC-00034,227357.43,2025-10-10T14:55:58,IMPS,0,
TXN-0001149,ACC-00390,ACC-00007,231967.31,2025-11-21T08:17:00,UPI,0,
TXN-0001150,ACC-00098,ACC-00493,50579.62,2025-10-28T08:46:26,UPI,0,
TXN-0001151,ACC-00386,ACC-00275,205414.18,2025-10-01T10:05:13,ATM,0,
TXN-0001152,ACC-00050,ACC-00473,59323.54,2025-10-21T18:41:31,RTGS,0,
TXN-0001153,ACC-00435,ACC-00362,13217.94,2025-11-16T02:10:02,UPI,0,
TXN-0001154,ACC-00301,ACC-00094,127525.33,2025-11-12T16:29:44,IMPS,0,
TXN-0001155,ACC-00054,ACC-00092,44316.11,2025-12-21T01:05:24,UPI,0,
TXN-0001156,ACC-00194,ACC-00217,36403.19,2025-10-21T19:17:40,NEFT,0,
TXN-0001157,ACC-00208,ACC-00057,514688.13,2025-12-13T22:12:45,ATM,0,
TXN-0001158,ACC-00063,ACC-00238,440.73,2025-10-11T17:03:19,NEFT,0,
TXN-0001159,ACC-00253,ACC-00390,2830.39,2025-11-05T01:46:28,IMPS,0,
TXN-0001160,ACC-00285,ACC-00369,4286.7,2025-10-04T22:37:29,UPI,0,
TXN-0001161,ACC-00252,ACC-00059,18885.14,2025-11-07T08:36:17,UPI,0,
TXN-0001162,ACC-00307,ACC-00376,22964.51,2025-10-31T07:01:43,IMPS,0,
TXN-0001163,ACC-00430,ACC-00227,2408.63,2025-10-22T22:19:23,NEFT,0,
TXN-0001164,ACC-00148,ACC-00437,6165.44,2025-11-11T13:13:22,UPI,0,
TXN-0001165,ACC-00035,ACC-00458,7711.63,2025-12-21T15:48:28,IMPS,0,
TXN-0001166,ACC-00480,ACC-00347,3027850.03,2025-11-05T16:12:01,UPI,0,
TXN-0001167,ACC-00345,ACC-00251,930181.96,2025-12-05T06:05:45,UPI,0,
TXN-0001168,ACC-00224,ACC-00267,17306.74,2025-12-03T22:31:43,IMPS,0,
TXN-0001169,ACC-00061,ACC-00073,18874.18,2025-11-08T07:58:38,NEFT,0,
TXN-0001170,ACC-00302,ACC-00052,4589.07,2025-12-11T23:39:43,RTGS,0,
TXN-0001171,ACC-00086,ACC-00033,1170.71,2025-11-05T07:30:20,ATM,0,
TXN-0001172,ACC-00173,ACC-00102,29425.46,2025-11-27T18:21:33,IMPS,0,
TXN-0001173,ACC-00206,ACC-00062,6026.17,2025-10-23T14:37:32,IMPS,0,
TXN-0001174,ACC-00371,ACC-00255,31171.8,2025-10-28T00:59:41,IMPS,0,
TXN-0001175,ACC-00392,ACC-00297,2037.81,2025-11-27T15:18:16,UPI,0,
TXN-0001176,ACC-00404,ACC-00410,9213.69,2025-12-02T12:14:07,RTGS,0,
TXN-0001177,ACC-00182,ACC-00243,47454.6,2025-12-04T17:28:12,NEFT,0,
TXN-0001178,ACC-00207,ACC-00248,70205.17,2025-11-19T15:40:55,UPI,0,
TXN-0001179,ACC-00393,ACC-00232,76991.44,2025-10-11T11:44:37,UPI,0,
TXN-0001180,ACC-00250,ACC-00254,3371.52,2025-10-23T09:51:13,NEFT,0,
TXN-0001181,ACC-00068,ACC-00015,169131.93,2025-10-10T16:05:33,IMPS,0,
TXN-0001182,ACC-00425,ACC-00034,8600.87,2025-11-18T08:44:18,IMPS,0,
TXN-0001183,ACC-00497,ACC-00091,113453.04,2025-11-07T03:35:58,NEFT,0,
TXN-0001184,ACC-00167,ACC-00078,35626.69,2025-10-30T09:27:52,NEFT,0,
TXN-0001185,ACC-00049,ACC-00389,3048.8,2025-10-08T10:17:53,IMPS,0,
TXN-0001186,ACC-00266,ACC-00392,20554.68,2025-11-17T18:52:48,IMPS,0,
TXN-0001187,ACC-00103,ACC-00150,70098.36,2025-12-04T06:47:20,NEFT,0,
TXN-0001188,ACC-00258,ACC-00133,109462.54,2025-11-22T15:58:20,UPI,0,
TXN-0001189,ACC-00440,ACC-00276,28175.89,2025-11-23T01:43:01,UPI,0,
TXN-0001190,ACC-00391,ACC-00016,572176.05,2025-11-11T18:55:10,RTGS,0,
TXN-0001191,ACC-00060,ACC-00196,222686.31,2025-11-13T16:50:42,UPI,0,
TXN-0001192,ACC-00192,ACC-00226,22880.09,2025-11-14T15:04:36,UPI,0,
TXN-0001193,ACC-00090,ACC-00285,140115.07,2025-12-04T00:32:20,RTGS,0,
TXN-0001194,ACC-00155,ACC-00452,1179767.89,2025-12-08T13:14:13,UPI,0,
TXN-0001195,ACC-00220,ACC-00068,1237832.32,2025-10-31T08:05:01,IMPS,0,
TXN-0001196,ACC-00249,ACC-00391,3982.24,2025-10-11T14:52:42,NEFT,0,
TXN-0001197,ACC-00251,ACC-00337,6851.62,2025-11-23T18:24:36,IMPS,0,
TXN-0001198,ACC-00292,ACC-00240,525893.4,2025-11-16T04:57:11,NEFT,0,
TXN-0001199,ACC-00080,ACC-00259,5405.08,2025-10-06T09:52:36,UPI,0,
TXN-0001200,ACC-00253,ACC-00302,3359.09,2025-11-06T16:19:56,NEFT,0,
TXN-0001201,ACC-00180,ACC-00392,15136.29,2025-10-28T14:47:15,UPI,0,
TXN-0001202,ACC-00014,ACC-00302,77374.15,2025-10-05T09:08:01,UPI,0,
TXN-0001203,ACC-00187,ACC-00178,30202.68,2025-12-18T14:23:46,IMPS,0,
TXN-0001204,ACC-00013,ACC-00391,11259.7,2025-12-26T12:58:46,NEFT,0,
TXN-0001205,ACC-00194,ACC-00049,10790.46,2025-11-11T13:39:27,UPI,0,
TXN-0001206,ACC-00182,ACC-00210,10074.81,2025-11-04T02:31:00,UPI,0,
TXN-0001207,ACC-00125,ACC-00126,7456.81,2025-10-23T18:42:32,NEFT,0,
TXN-0001208,ACC-00303,ACC-00043,2206546.49,2025-12-28T09:21:36,IMPS,0,
TXN-0001209,ACC-00444,ACC-00156,62039.09,2025-10-12T02:44:14,UPI,0,
TXN-0001210,ACC-00010,ACC-00275,179183.61,2025-11-01T15:54:26,UPI,0,
TXN-0001211,ACC-00336,ACC-00442,15057.94,2025-11-11T00:26:00,NEFT,0,
TXN-0001212,ACC-00461,ACC-00215,25985.08,2025-10-26T21:16:01,UPI,0,
TXN-0001213,ACC-00240,ACC-00301,10052.76,2025-10-03T03:48:52,ATM,0,
TXN-0001214,ACC-00193,ACC-00292,307.02,2025-11-07T21:28:00,UPI,0,
TXN-0001215,ACC-00050,ACC-00413,3039.91,2025-11-17T09:57:29,UPI,0,
TXN-0001216,ACC-00345,ACC-00105,1395.33,2025-11-02T14:51:39,NEFT,0,
TXN-0001217,ACC-00415,ACC-00391,632.95,2025-12-04T19:07:32,UPI,0,
TXN-0001218,ACC-00314,ACC-00153,4223.22,2025-11-05T06:37:49,ATM,0,
TXN-0001219,ACC-00103,ACC-00254,394320.86,2025-12-01T16:41:32,IMPS,0,
TXN-0001220,ACC-00403,ACC-00038,33523.93,2025-12-21T14:13:42,RTGS,0,
TXN-0001221,ACC-00109,ACC-00147,370650.47,2025-10-26T17:51:22,UPI,0,
TXN-0001222,ACC-00293,ACC-00205,76097.34,2025-12-18T02:51:39,UPI,0,
TXN-0001223,ACC-00380,ACC-00490,148539.45,2025-10-09T22:16:38,IMPS,0,
TXN-0001224,ACC-00296,ACC-00048,7175.2,2025-11-27T11:08:40,UPI,0,
TXN-0001225,ACC-00034,ACC-00290,93256.75,2025-12-17T18:53:52,NEFT,0,
TXN-0001226,ACC-00218,ACC-00107,134818.62,2025-11-03T17:18:21,IMPS,0,
TXN-0001227,ACC-00333,ACC-00421,12862.03,2025-10-30T07:21:16,NEFT,0,
TXN-0001228,ACC-00153,ACC-00221,99426.37,2025-12-04T09:57:58,NEFT,0,
TXN-0001229,ACC-00102,ACC-00212,100623.18,2025-11-09T01:25:45,UPI,0,
TXN-0001230,ACC-00263,ACC-00232,13504.87,2025-12-05T04:50:55,IMPS,0,
TXN-0001231,ACC-00092,ACC-00451,4812.72,2025-10-02T19:20:55,NEFT,0,
TXN-0001232,ACC-00264,ACC-00441,4309.46,2025-10-19T02:40:02,NEFT,0,
TXN-0001233,ACC-00109,ACC-00338,42434.2,2025-12-19T23:50:41,IMPS,0,
TXN-0001234,ACC-00239,ACC-00137,65422.25,2025-12-01T22:28:34,NEFT,0,
TXN-0001235,ACC-00314,ACC-00436,8720.69,2025-12-14T16:10:39,RTGS,0,
TXN-0001236,ACC-00478,ACC-00289,38095.58,2025-12-10T13:08:08,NEFT,0,
TXN-0001237,ACC-00267,ACC-00102,101414.02,2025-11-05T08:49:17,NEFT,0,
TXN-0001238,ACC-00123,ACC-00077,110496.96,2025-12-12T11:18:58,IMPS,0,
TXN-0001239,ACC-00153,ACC-00432,593257.74,2025-11-12T06:31:45,NEFT,0,
TXN-0001240,ACC-00440,ACC-00425,361698.22,2025-12-28T11:06:17,UPI,0,
TXN-0001241,ACC-00104,ACC-00433,5988.97,2025-11-10T01:03:03,UPI,0,
TXN-0001242,ACC-00146,ACC-00330,751972.61,2025-10-16T14:11:18,UPI,0,
TXN-0001243,ACC-00307,ACC-00120,13964.06,2025-11-09T09:44:10,UPI,0,
TXN-0001244,ACC-00076,ACC-00098,238177.4,2025-10-03T16:33:19,UPI,0,
TXN-0001245,ACC-00423,ACC-00158,41043.01,2025-11-15T01:34:13,NEFT,0,
TXN-0001246,ACC-00223,ACC-00216,17294.28,2025-12-02T19:26:15,RTGS,0,
TXN-0001247,ACC-00103,ACC-00081,1402.69,2025-10-27T11:27:53,UPI,0,
TXN-0001248,ACC-00132,ACC-00404,26667.05,2025-12-18T00:22:46,UPI,0,
TXN-0001249,ACC-00281,ACC-00090,2193.19,2025-12-02T13:18:48,RTGS,0,
TXN-0001250,ACC-00493,ACC-00369,207137.61,2025-11-17T04:05:37,IMPS,0,
TXN-0001251,ACC-00028,ACC-00440,556947.79,2025-12-27T01:00:33,UPI,0,
TXN-0001252,ACC-00308,ACC-00152,8652.12,2025-12-24T04:39:24,UPI,0,
TXN-0001253,ACC-00489,ACC-00208,62539.11,2025-12-27T01:37:59,UPI,0,
TXN-0001254,ACC-00336,ACC-00453,9840.83,2025-10-09T18:25:44,UPI,0,
TXN-0001255,ACC-00429,ACC-00370,11716.2,2025-12-21T19:45:01,UPI,0,
TXN-0001256,ACC-00057,ACC-00292,146398.91,2025-12-11T07:27:48,NEFT,0,
TXN-0001257,ACC-00061,ACC-00267,33881.73,2025-12-04T11:44:17,IMPS,0,
TXN-0001258,ACC-00486,ACC-00396,831815.95,2025-11-20T23:56:41,UPI,0,
TXN-0001259,ACC-00452,ACC-00046,15244.61,2025-10-24T02:45:33,NEFT,0,
TXN-0001260,ACC-00395,ACC-00413,219433.7,2025-10-31T10:17:56,UPI,0,
TXN-0001261,ACC-00299,ACC-00377,43275.6,2025-11-07T20:39:03,IMPS,0,
TXN-0001262,ACC-00380,ACC-00120,152116.27,2025-11-11T01:21:22,UPI,0,
TXN-0001263,ACC-00054,ACC-00089,16238.11,2025-10-21T18:54:33,ATM,0,
TXN-0001264,ACC-00225,ACC-00209,33216.24,2025-10-25T16:34:32,RTGS,0,
TXN-0001265,ACC-00028,ACC-00251,29498.72,2025-11-21T19:04:30,UPI,0,
TXN-0001266,ACC-00485,ACC-00057,8063.45,2025-10-31T17:28:30,NEFT,0,
TXN-0001267,ACC-00243,ACC-00349,119580.7,2025-10-24T22:01:45,ATM,0,
TXN-0001268,ACC-00450,ACC-00401,117060.74,2025-10-15T01:40:06,UPI,0,
TXN-0001269,ACC-00366,ACC-00188,105704.05,2025-12-19T17:55:12,UPI,0,
TXN-0001270,ACC-00330,ACC-00495,577543.0,2025-12-27T21:20:14,NEFT,0,
TXN-0001271,ACC-00430,ACC-00378,493274.28,2025-12-04T07:05:32,IMPS,0,
TXN-0001272,ACC-00027,ACC-00353,18492.11,2025-12-29T01:49:49,IMPS,0,
TXN-0001273,ACC-00122,ACC-00129,71075.23,2025-11-23T15:56:57,UPI,0,
TXN-0001274,ACC-00327,ACC-00490,11819.65,2025-12-08T00:33:19,UPI,0,
TXN-0001275,ACC-00415,ACC-00350,37874.74,2025-10-12T20:24:21,NEFT,0,
TXN-0001276,ACC-00121,ACC-00439,12338.15,2025-11-12T22:52:23,UPI,0,
TXN-0001277,ACC-00465,ACC-00491,670733.09,2025-11-08T03:41:57,RTGS,0,
TXN-0001278,ACC-00469,ACC-00130,69888.52,2025-10-30T05:07:12,UPI,0,
TXN-0001279,ACC-00421,ACC-00387,24527.44,2025-10-23T20:39:45,UPI,0,
TXN-0001280,ACC-00440,ACC-00455,311300.33,2025-10-16T13:21:23,RTGS,0,
TXN-0001281,ACC-00323,ACC-00162,729.89,2025-12-25T09:18:25,IMPS,0,
TXN-0001282,ACC-00329,ACC-00208,967.4,2025-12-16T15:14:34,UPI,0,
TXN-0001283,ACC-00443,ACC-00041,152132.87,2025-12-19T22:11:23,IMPS,0,
TXN-0001284,ACC-00251,ACC-00241,40491.33,2025-12-11T13:11:57,NEFT,0,
TXN-0001285,ACC-00430,ACC-00170,56999.82,2025-12-09T15:37:50,NEFT,0,
TXN-0001286,ACC-00470,ACC-00419,3335.86,2025-10-10T17:56:19,IMPS,0,
TXN-0001287,ACC-00357,ACC-00133,34828.08,2025-11-19T03:50:41,UPI,0,
TXN-0001288,ACC-00215,ACC-00308,1337505.59,2025-12-10T19:13:57,IMPS,0,
TXN-0001289,ACC-00377,ACC-00167,160100.87,2025-11-14T00:10:35,IMPS,0,
TXN-0001290,ACC-00390,ACC-00026,49289.77,2025-12-02T06:30:24,NEFT,0,
TXN-0001291,ACC-00322,ACC-00227,16476.71,2025-12-16T19:12:30,NEFT,0,
TXN-0001292,ACC-00001,ACC-00205,17850.18,2025-10-20T10:12:33,NEFT,0,
TXN-0001293,ACC-00160,ACC-00294,786.38,2025-10-08T23:36:52,UPI,0,
TXN-0001294,ACC-00127,ACC-00264,57742.73,2025-12-09T06:43:28,ATM,0,
TXN-0001295,ACC-00425,ACC-00332,166353.38,2025-12-14T02:17:52,UPI,0,
TXN-0001296,ACC-00304,ACC-00351,2130.02,2025-11-09T20:06:21,IMPS,0,
TXN-0001297,ACC-00163,ACC-00231,11041.87,2025-11-16T10:40:20,RTGS,0,
TXN-0001298,ACC-00068,ACC-00133,4521.34,2025-10-17T20:14:07,IMPS,0,
TXN-0001299,ACC-00423,ACC-00167,6389.22,2025-12-17T15:02:12,UPI,0,
TXN-0001300,ACC-00043,ACC-00212,39985.29,2025-11-05T16:34:08,UPI,0,
TXN-0001301,ACC-00448,ACC-00193,852.42,2025-12-21T00:56:35,RTGS,0,
TXN-0001302,ACC-00114,ACC-00010,109719.98,2025-10-03T05:31:27,RTGS,0,
TXN-0001303,ACC-00331,ACC-00313,141059.79,2025-11-30T20:08:51,UPI,0,
TXN-0001304,ACC-00045,ACC-00498,23109.88,2025-11-14T21:31:41,UPI,0,
TXN-0001305,ACC-00359,ACC-00436,417.68,2025-10-17T09:13:47,UPI,0,
TXN-0001306,ACC-00316,ACC-00219,6041.73,2025-11-28T07:00:59,UPI,0,
TXN-0001307,ACC-00045,ACC-00490,334109.31,2025-11-05T17:18:57,UPI,0,
TXN-0001308,ACC-00290,ACC-00060,244.6,2025-10-02T08:53:24,IMPS,0,
TXN-0001309,ACC-00222,ACC-00395,19427.75,2025-12-29T07:43:47,RTGS,0,
TXN-0001310,ACC-00423,ACC-00344,4341.6,2025-11-17T23:27:02,UPI,0,
TXN-0001311,ACC-00365,ACC-00104,154542.83,2025-10-19T12:00:00,RTGS,0,
TXN-0001312,ACC-00416,ACC-00400,10772.96,2025-10-26T20:17:51,UPI,0,
TXN-0001313,ACC-00253,ACC-00195,75140.67,2025-10-13T15:23:11,NEFT,0,
TXN-0001314,ACC-00105,ACC-00307,100491.53,2025-10-21T22:18:23,ATM,0,
TXN-0001315,ACC-00144,ACC-00372,989748.86,2025-12-05T17:57:50,UPI,0,
TXN-0001316,ACC-00092,ACC-00209,25202.65,2025-12-16T22:34:25,UPI,0,
TXN-0001317,ACC-00148,ACC-00499,71459.05,2025-10-26T10:02:13,UPI,0,
TXN-0001318,ACC-00230,ACC-00464,2507.15,2025-10-25T02:37:22,UPI,0,
TXN-0001319,ACC-00350,ACC-00331,309509.61,2025-11-14T11:35:59,UPI,0,
TXN-0001320,ACC-00240,ACC-00068,9238.03,2025-12-24T14:36:37,UPI,0,
TXN-0001321,ACC-00354,ACC-00203,13235.3,2025-12-06T16:28:55,UPI,0,
TXN-0001322,ACC-00196,ACC-00362,34889.95,2025-11-11T02:20:21,IMPS,0,
TXN-0001323,ACC-00131,ACC-00037,2179.41,2025-10-10T06:01:01,NEFT,0,
TXN-0001324,ACC-00026,ACC-00170,54818.67,2025-10-23T19:13:12,NEFT,0,
TXN-0001325,ACC-00181,ACC-00310,207199.9,2025-12-05T03:03:27,ATM,0,
TXN-0001326,ACC-00306,ACC-00363,61530.05,2025-12-12T15:31:47,IMPS,0,
TXN-0001327,ACC-00002,ACC-00129,2079.71,2025-11-18T23:40:05,NEFT,0,
TXN-0001328,ACC-00154,ACC-00202,29060.74,2025-12-05T04:09:13,UPI,0,
TXN-0001329,ACC-00495,ACC-00456,138088.77,2025-11-24T07:52:12,UPI,0,
TXN-0001330,ACC-00091,ACC-00133,1235.98,2025-10-17T11:49:03,NEFT,0,
TXN-0001331,ACC-00476,ACC-00173,5247.05,2025-12-25T05:38:51,NEFT,0,
TXN-0001332,ACC-00045,ACC-00162,175918.92,2025-12-08T23:00:55,NEFT,0,
TXN-0001333,ACC-00072,ACC-00133,59051.89,2025-10-12T08:15:42,UPI,0,
TXN-0001334,ACC-00065,ACC-00255,76232.93,2025-12-24T15:09:38,ATM,0,
TXN-0001335,ACC-00143,ACC-00382,1032084.04,2025-11-05T00:14:26,RTGS,0,
TXN-0001336,ACC-00144,ACC-00462,84406.1,2025-12-25T03:24:35,UPI,0,
TXN-0001337,ACC-00424,ACC-00389,118681.47,2025-12-29T23:24:24,UPI,0,
TXN-0001338,ACC-00160,ACC-00223,4777089.12,2025-12-26T16:04:33,UPI,0,
TXN-0001339,ACC-00377,ACC-00251,24714.66,2025-12-14T03:29:33,ATM,0,
TXN-0001340,ACC-00284,ACC-00436,8637.0,2025-12-29T14:24:10,IMPS,0,
TXN-0001341,ACC-00408,ACC-00225,78435.63,2025-10-06T04:01:00,UPI,0,
TXN-0001342,ACC-00027,ACC-00117,80032.16,2025-10-18T18:45:00,UPI,0,
TXN-0001343,ACC-00133,ACC-00083,14071.58,2025-12-08T13:00:45,NEFT,0,
TXN-0001344,ACC-00059,ACC-00458,5662.87,2025-11-18T01:13:32,UPI,0,
TXN-0001345,ACC-00182,ACC-00363,2321490.42,2025-11-24T10:53:08,NEFT,0,
TXN-0001346,ACC-00252,ACC-00057,65402.66,2025-12-22T02:56:46,IMPS,0,
TXN-0001347,ACC-00075,ACC-00063,9719.47,2025-11-03T22:38:13,UPI,0,
TXN-0001348,ACC-00444,ACC-00145,188843.62,2025-10-18T12:57:23,IMPS,0,
TXN-0001349,ACC-00383,ACC-00260,29838.02,2025-12-19T20:43:52,UPI,0,
TXN-0001350,ACC-00456,ACC-00339,23036.0,2025-11-26T20:43:38,UPI,0,
TXN-0001351,ACC-00497,ACC-00002,99916.61,2025-11-21T01:42:17,IMPS,0,
TXN-0001352,ACC-00092,ACC-00213,3549.68,2025-12-29T08:43:05,UPI,0,
TXN-0001353,ACC-00393,ACC-00255,68509.59,2025-12-05T17:18:40,UPI,0,
TXN-0001354,ACC-00168,ACC-00013,1136334.91,2025-10-28T14:25:23,IMPS,0,
TXN-0001355,ACC-00348,ACC-00062,84046.02,2025-11-08T06:28:55,UPI,0,
TXN-0001356,ACC-00475,ACC-00487,18449.97,2025-10-11T07:09:38,IMPS,0,
TXN-0001357,ACC-00078,ACC-00014,14577.15,2025-10-08T20:53:27,NEFT,0,
TXN-0001358,ACC-00362,ACC-00337,17350.7,2025-11-16T14:08:36,NEFT,0,
TXN-0001359,ACC-00489,ACC-00137,22991.21,2025-11-27T16:35:46,IMPS,0,
TXN-0001360,ACC-00168,ACC-00496,18397.1,2025-10-05T06:10:15,IMPS,0,
TXN-0001361,ACC-00486,ACC-00231,188973.22,2025-11-01T13:06:28,RTGS,0,
TXN-0001362,ACC-00375,ACC-00464,1603.95,2025-12-17T09:13:21,NEFT,0,
TXN-0001363,ACC-00108,ACC-00441,171373.4,2025-10-05T17:26:16,IMPS,0,
TXN-0001364,ACC-00144,ACC-00165,18334.95,2025-12-17T11:49:02,UPI,0,
TXN-0001365,ACC-00036,ACC-00280,71575.35,2025-11-28T11:26:27,UPI,0,
TXN-0001366,ACC-00204,ACC-00130,4776.3,2025-10-18T06:47:42,UPI,0,
TXN-0001367,ACC-00394,ACC-00443,396938.22,2025-11-08T17:32:40,UPI,0,
TXN-0001368,ACC-00436,ACC-00106,341855.33,2025-10-16T19:40:45,UPI,0,
TXN-0001369,ACC-00206,ACC-00145,204283.28,2025-12-02T20:00:38,IMPS,0,
TXN-0001370,ACC-00334,ACC-00078,2376.64,2025-10-12T17:01:22,UPI,0,
TXN-0001371,ACC-00410,ACC-00221,161525.44,2025-12-11T10:44:46,IMPS,0,
TXN-0001372,ACC-00158,ACC-00462,75262.64,2025-12-06T12:04:37,NEFT,0,
TXN-0001373,ACC-00183,ACC-00340,2019.31,2025-10-10T07:57:21,IMPS,0,
TXN-0001374,ACC-00262,ACC-00102,34761.46,2025-11-17T12:54:15,NEFT,0,
TXN-0001375,ACC-00198,ACC-00243,69993.81,2025-10-27T01:36:08,NEFT,0,
TXN-0001376,ACC-00216,ACC-00046,98808.16,2025-12-13T10:45:03,NEFT,0,
TXN-0001377,ACC-00188,ACC-00314,49964.62,2025-10-19T02:14:26,NEFT,0,
TXN-0001378,ACC-00218,ACC-00047,61341.79,2025-10-04T22:13:39,NEFT,0,
TXN-0001379,ACC-00498,ACC-00237,515297.92,2025-12-05T16:13:10,UPI,0,
TXN-0001380,ACC-00351,ACC-00365,330004.32,2025-10-16T01:20:18,RTGS,0,
TXN-0001381,ACC-00269,ACC-00322,208.37,2025-12-02T20:08:40,NEFT,0,
TXN-0001382,ACC-00148,ACC-00239,20508.83,2025-11-12T11:06:44,UPI,0,
TXN-0001383,ACC-00410,ACC-00244,27000.97,2025-10-30T03:58:01,UPI,0,
TXN-0001384,ACC-00065,ACC-00350,1550.33,2025-12-27T15:55:04,UPI,0,
TXN-0001385,ACC-00127,ACC-00267,43024.69,2025-11-11T12:41:14,UPI,0,
TXN-0001386,ACC-00024,ACC-00282,343782.34,2025-10-08T10:20:01,RTGS,0,
TXN-0001387,ACC-00262,ACC-00055,5136.76,2025-11-19T13:54:15,NEFT,0,
TXN-0001388,ACC-00048,ACC-00237,66537.55,2025-12-04T03:54:15,IMPS,0,
TXN-0001389,ACC-00416,ACC-00129,6984.98,2025-11-04T12:16:34,UPI,0,
TXN-0001390,ACC-00041,ACC-00393,10835.23,2025-11-18T21:06:39,UPI,0,
TXN-0001391,ACC-00379,ACC-00338,518818.06,2025-11-14T22:35:10,UPI,0,
TXN-0001392,ACC-00093,ACC-00431,13675.98,2025-11-08T03:39:25,UPI,0,
TXN-0001393,ACC-00213,ACC-00448,83448.29,2025-12-08T09:19:15,UPI,0,
TXN-0001394,ACC-00300,ACC-00370,1251.14,2025-11-14T04:13:21,IMPS,0,
TXN-0001395,ACC-00230,ACC-00319,1037341.36,2025-12-18T10:23:23,UPI,0,
TXN-0001396,ACC-00494,ACC-00470,107449.3,2025-12-24T14:22:50,IMPS,0,
TXN-0001397,ACC-00108,ACC-00094,26147.28,2025-10-08T14:16:01,IMPS,0,
TXN-0001398,ACC-00309,ACC-00132,102332.61,2025-12-24T15:00:43,IMPS,0,
TXN-0001399,ACC-00222,ACC-00273,2870.74,2025-10-02T17:44:43,UPI,0,
TXN-0001400,ACC-00059,ACC-00006,305148.96,2025-10-17T16:10:20,IMPS,0,
TXN-0001401,ACC-00235,ACC-00354,20268.58,2025-11-09T07:55:54,RTGS,0,
TXN-0001402,ACC-00494,ACC-00381,25151.55,2025-11-28T10:29:57,IMPS,0,
TXN-0001403,ACC-00155,ACC-00316,14988.22,2025-12-18T22:44:09,ATM,0,
TXN-0001404,ACC-00184,ACC-00353,12769.66,2025-12-05T10:04:30,ATM,0,
TXN-0001405,ACC-00345,ACC-00202,126805.17,2025-12-18T02:56:55,UPI,0,
TXN-0001406,ACC-00064,ACC-00069,57562.83,2025-10-02T08:19:59,UPI,0,
TXN-0001407,ACC-00417,ACC-00008,117377.05,2025-12-07T13:52:23,ATM,0,
TXN-0001408,ACC-00439,ACC-00013,35745.14,2025-10-21T07:32:24,NEFT,0,
TXN-0001409,ACC-00074,ACC-00332,91469.39,2025-10-24T11:23:19,NEFT,0,
TXN-0001410,ACC-00320,ACC-00439,17086.98,2025-12-16T16:51:37,NEFT,0,
TXN-0001411,ACC-00044,ACC-00154,2009742.81,2025-12-14T17:34:48,NEFT,0,
TXN-0001412,ACC-00242,ACC-00216,2159.7,2025-10-03T02:50:12,UPI,0,
TXN-0001413,ACC-00462,ACC-00078,351402.36,2025-12-11T17:29:05,IMPS,0,
TXN-0001414,ACC-00493,ACC-00248,426016.52,2025-11-15T18:38:58,UPI,0,
TXN-0001415,ACC-00230,ACC-00299,7833.1,2025-10-24T13:22:05,UPI,0,
TXN-0001416,ACC-00291,ACC-00424,2008085.82,2025-12-20T22:59:04,UPI,0,
TXN-0001417,ACC-00170,ACC-00004,217919.83,2025-10-10T23:13:24,NEFT,0,
TXN-0001418,ACC-00365,ACC-00221,208574.22,2025-11-10T08:37:06,IMPS,0,
TXN-0001419,ACC-00377,ACC-00296,38194.24,2025-11-27T20:24:24,IMPS,0,
TXN-0001420,ACC-00148,ACC-00018,24562.91,2025-11-17T07:56:57,UPI,0,
TXN-0001421,ACC-00262,ACC-00302,24910.98,2025-12-10T08:28:24,NEFT,0,
TXN-0001422,ACC-00347,ACC-00463,73346.87,2025-12-19T07:01:25,RTGS,0,
TXN-0001423,ACC-00118,ACC-00365,452315.53,2025-10-06T21:27:07,NEFT,0,
TXN-0001424,ACC-00216,ACC-00295,50330.45,2025-10-31T15:59:03,NEFT,0,
TXN-0001425,ACC-00137,ACC-00457,7040.27,2025-12-02T22:38:56,NEFT,0,
TXN-0001426,ACC-00242,ACC-00059,160166.43,2025-11-18T00:56:29,NEFT,0,
TXN-0001427,ACC-00330,ACC-00177,190626.51,2025-11-13T12:40:25,IMPS,0,
TXN-0001428,ACC-00010,ACC-00082,117993.78,2025-10-28T23:06:49,IMPS,0,
TXN-0001429,ACC-00240,ACC-00176,138953.97,2025-11-12T12:52:18,UPI,0,
TXN-0001430,ACC-00112,ACC-00300,22299.72,2025-12-28T06:17:13,IMPS,0,
TXN-0001431,ACC-00471,ACC-00308,6821.4,2025-12-22T20:41:29,IMPS,0,
TXN-0001432,ACC-00336,ACC-00239,7610.25,2025-10-13T17:37:17,RTGS,0,
TXN-0001433,ACC-00370,ACC-00364,1912.5,2025-11-07T21:37:51,ATM,0,
TXN-0001434,ACC-00426,ACC-00481,55631.65,2025-12-05T08:27:13,IMPS,0,
TXN-0001435,ACC-00184,ACC-00407,31250.55,2025-11-15T20:35:47,IMPS,0,
TXN-0001436,ACC-00432,ACC-00082,16449.04,2025-11-30T08:59:51,UPI,0,
TXN-0001437,ACC-00353,ACC-00383,177.66,2025-10-09T08:50:30,IMPS,0,
TXN-0001438,ACC-00066,ACC-00088,3846.15,2025-10-20T08:49:54,UPI,0,
TXN-0001439,ACC-00251,ACC-00051,273078.12,2025-12-17T00:56:53,NEFT,0,
TXN-0001440,ACC-00252,ACC-00155,10978.27,2025-10-23T18:56:04,UPI,0,
TXN-0001441,ACC-00024,ACC-00009,69498.82,2025-11-04T20:02:01,RTGS,0,
TXN-0001442,ACC-00182,ACC-00346,2971.33,2025-10-16T09:34:39,UPI,0,
TXN-0001443,ACC-00440,ACC-00457,483917.57,2025-11-18T21:11:27,UPI,0,
TXN-0001444,ACC-00032,ACC-00172,28022.14,2025-11-11T19:25:06,UPI,0,
TXN-0001445,ACC-00116,ACC-00061,61210.42,2025-11-24T13:30:42,UPI,0,
TXN-0001446,ACC-00132,ACC-00174,2389043.48,2025-12-16T04:54:59,UPI,0,
TXN-0001447,ACC-00023,ACC-00394,556594.46,2025-12-25T05:13:15,NEFT,0,
TXN-0001448,ACC-00458,ACC-00077,20914.16,2025-12-22T20:35:06,IMPS,0,
TXN-0001449,ACC-00263,ACC-00309,12484.01,2025-12-05T00:00:54,UPI,0,
TXN-0001450,ACC-00025,ACC-00474,20211.74,2025-11-12T12:12:36,IMPS,0,
TXN-0001451,ACC-00492,ACC-00430,90927.42,2025-12-13T09:03:30,UPI,0,
TXN-0001452,ACC-00054,ACC-00400,30049.36,2025-11-29T06:44:13,NEFT,0,
TXN-0001453,ACC-00439,ACC-00485,17828.62,2025-10-10T21:22:11,IMPS,0,
TXN-0001454,ACC-00021,ACC-00259,509368.12,2025-10-11T05:37:32,UPI,0,
TXN-0001455,ACC-00060,ACC-00445,29567.24,2025-10-20T22:35:04,RTGS,0,
TXN-0001456,ACC-00080,ACC-00372,2279029.76,2025-10-29T08:41:45,IMPS,0,
TXN-0001457,ACC-00390,ACC-00259,42759.07,2025-11-18T09:20:06,IMPS,0,
TXN-0001458,ACC-00050,ACC-00078,903086.04,2025-12-02T19:50:09,UPI,0,
TXN-0001459,ACC-00419,ACC-00070,69090.67,2025-10-12T22:34:20,IMPS,0,
TXN-0001460,ACC-00224,ACC-00496,205526.25,2025-11-10T08:46:02,IMPS,0,
TXN-0001461,ACC-00003,ACC-00125,9854.66,2025-12-21T01:15:22,IMPS,0,
TXN-0001462,ACC-00174,ACC-00146,7810.57,2025-11-19T00:47:17,UPI,0,
TXN-0001463,ACC-00136,ACC-00190,83072.64,2025-12-09T10:32:10,IMPS,0,
TXN-0001464,ACC-00184,ACC-00322,215215.65,2025-12-04T13:33:04,UPI,0,
TXN-0001465,ACC-00385,ACC-00271,39044.67,2025-11-10T22:41:02,IMPS,0,
TXN-0001466,ACC-00070,ACC-00410,3584.92,2025-11-11T15:13:46,NEFT,0,
TXN-0001467,ACC-00209,ACC-00459,3138.61,2025-11-14T12:58:19,ATM,0,
TXN-0001468,ACC-00264,ACC-00406,2782.64,2025-12-06T05:38:16,UPI,0,
TXN-0001469,ACC-00015,ACC-00226,1507.61,2025-10-15T03:14:09,IMPS,0,
TXN-0001470,ACC-00367,ACC-00412,44226.24,2025-11-20T05:30:35,RTGS,0,
TXN-0001471,ACC-00043,ACC-00173,275152.03,2025-10-31T13:32:52,NEFT,0,
TXN-0001472,ACC-00395,ACC-00084,35449.04,2025-11-12T03:27:42,UPI,0,
TXN-0001473,ACC-00388,ACC-00018,620.95,2025-12-04T02:19:19,RTGS,0,
TXN-0001474,ACC-00077,ACC-00462,25761.37,2025-11-25T18:48:55,UPI,0,
TXN-0001475,ACC-00323,ACC-00365,27091.13,2025-12-17T13:58:11,IMPS,0,
TXN-0001476,ACC-00266,ACC-00498,1579782.52,2025-10-29T17:05:16,NEFT,0,
TXN-0001477,ACC-00453,ACC-00348,2636.35,2025-12-08T00:57:35,NEFT,0,
TXN-0001478,ACC-00155,ACC-00369,17975.78,2025-12-12T02:36:38,UPI,0,
TXN-0001479,ACC-00176,ACC-00004,782723.53,2025-12-20T07:03:28,UPI,0,
TXN-0001480,ACC-00270,ACC-00312,81630.73,2025-12-29T08:48:19,UPI,0,
TXN-0001481,ACC-00206,ACC-00228,100103.86,2025-12-02T12:20:51,UPI,0,
TXN-0001482,ACC-00278,ACC-00319,44634.04,2025-12-16T12:58:08,NEFT,0,
TXN-0001483,ACC-00226,ACC-00357,65768.64,2025-11-03T12:29:32,RTGS,0,
TXN-0001484,ACC-00400,ACC-00332,147222.03,2025-11-09T06:33:59,IMPS,0,
TXN-0001485,ACC-00451,ACC-00154,8458.48,2025-10-09T04:23:19,UPI,0,
TXN-0001486,ACC-00171,ACC-00199,176399.3,2025-12-10T09:36:08,IMPS,0,
TXN-0001487,ACC-00450,ACC-00064,3067.43,2025-11-20T12:46:56,ATM,0,
TXN-0001488,ACC-00145,ACC-00109,65582.38,2025-10-10T00:17:06,NEFT,0,
TXN-0001489,ACC-00159,ACC-00266,50097.87,2025-11-03T01:54:33,IMPS,0,
TXN-0001490,ACC-00081,ACC-00011,11976.15,2025-10-03T16:59:28,RTGS,0,
TXN-0001491,ACC-00276,ACC-00303,34862.48,2025-10-26T02:47:30,UPI,0,
TXN-0001492,ACC-00396,ACC-00155,11842.24,2025-12-10T12:53:21,NEFT,0,
TXN-0001493,ACC-00258,ACC-00056,5276.07,2025-12-11T01:39:05,UPI,0,
TXN-0001494,ACC-00190,ACC-00132,19215.9,2025-11-30T20:59:29,NEFT,0,
TXN-0001495,ACC-00063,ACC-00024,4978.18,2025-12-13T10:54:44,IMPS,0,
TXN-0001496,ACC-00063,ACC-00229,64928.08,2025-10-29T22:17:58,NEFT,0,
TXN-0001497,ACC-00002,ACC-00232,4581.79,2025-11-02T21:52:52,ATM,0,
TXN-0001498,ACC-00412,ACC-00381,130817.52,2025-11-26T11:12:42,NEFT,0,
TXN-0001499,ACC-00457,ACC-00480,4330.06,2025-11-30T22:45:01,IMPS,0,
TXN-0001500,ACC-00432,ACC-00304,13103.95,2025-10-23T16:52:54,UPI,0,
TXN-0001501,ACC-00145,ACC-00341,11798.34,2025-12-16T04:41:29,IMPS,0,
TXN-0001502,ACC-00293,ACC-00344,394456.49,2025-10-14T14:09:25,IMPS,0,
TXN-0001503,ACC-00266,ACC-00377,65809.66,2025-10-25T01:01:38,UPI,0,
TXN-0001504,ACC-00264,ACC-00298,24806.95,2025-10-19T16:41:10,IMPS,0,
TXN-0001505,ACC-00184,ACC-00232,89116.07,2025-10-10T12:19:41,UPI,0,
TXN-0001506,ACC-00217,ACC-00424,818.16,2025-11-10T00:09:10,UPI,0,
TXN-0001507,ACC-00031,ACC-00217,33602.63,2025-12-26T06:22:36,UPI,0,
TXN-0001508,ACC-00109,ACC-00228,1323149.61,2025-10-08T13:55:21,UPI,0,
TXN-0001509,ACC-00269,ACC-00206,46084.12,2025-11-27T02:41:50,NEFT,0,
TXN-0001510,ACC-00398,ACC-00202,41037.59,2025-12-24T15:56:30,UPI,0,
TXN-0001511,ACC-00255,ACC-00325,97404.83,2025-11-11T02:38:42,ATM,0,
TXN-0001512,ACC-00352,ACC-00476,182059.61,2025-11-17T12:42:48,IMPS,0,
TXN-0001513,ACC-00213,ACC-00421,996.81,2025-10-16T19:27:04,UPI,0,
TXN-0001514,ACC-00065,ACC-00248,1757.79,2025-12-09T01:06:03,NEFT,0,
TXN-0001515,ACC-00495,ACC-00360,53025.29,2025-11-19T19:48:31,RTGS,0,
TXN-0001516,ACC-00060,ACC-00355,10028.86,2025-10-21T15:29:34,NEFT,0,
TXN-0001517,ACC-00016,ACC-00382,385249.12,2025-10-16T05:27:46,RTGS,0,
TXN-0001518,ACC-00189,ACC-00471,20592.58,2025-10-12T12:44:41,NEFT,0,
TXN-0001519,ACC-00209,ACC-00056,1116.38,2025-10-12T17:38:21,UPI,0,
TXN-0001520,ACC-00148,ACC-00020,3705.51,2025-11-20T18:09:35,UPI,0,
TXN-0001521,ACC-00190,ACC-00156,257.39,2025-11-06T08:33:16,UPI,0,
TXN-0001522,ACC-00248,ACC-00014,23826.98,2025-12-16T19:38:17,UPI,0,
TXN-0001523,ACC-00401,ACC-00301,25871.79,2025-11-10T22:45:53,UPI,0,
TXN-0001524,ACC-00457,ACC-00156,16915.19,2025-12-26T07:39:12,UPI,0,
TXN-0001525,ACC-00093,ACC-00419,253211.98,2025-12-11T19:32:00,NEFT,0,
TXN-0001526,ACC-00062,ACC-00280,314058.86,2025-11-03T20:24:39,UPI,0,
TXN-0001527,ACC-00022,ACC-00213,26723.56,2025-11-16T17:13:20,NEFT,0,
TXN-0001528,ACC-00289,ACC-00231,778.64,2025-12-27T09:49:17,UPI,0,
TXN-0001529,ACC-00193,ACC-00243,110316.29,2025-12-21T00:25:57,IMPS,0,
TXN-0001530,ACC-00310,ACC-00067,98681.07,2025-12-13T23:28:30,UPI,0,
TXN-0001531,ACC-00325,ACC-00235,63380.08,2025-12-13T22:50:24,NEFT,0,
TXN-0001532,ACC-00229,ACC-00076,212492.83,2025-12-24T02:43:53,IMPS,0,
TXN-0001533,ACC-00045,ACC-00409,4461.81,2025-11-30T15:49:14,IMPS,0,
TXN-0001534,ACC-00209,ACC-00198,1350195.15,2025-10-23T14:30:54,RTGS,0,
TXN-0001535,ACC-00173,ACC-00276,6457.71,2025-10-05T10:46:03,ATM,0,
TXN-0001536,ACC-00455,ACC-00226,139888.54,2025-12-11T10:48:03,UPI,0,
TXN-0001537,ACC-00045,ACC-00443,1741.97,2025-10-17T01:54:37,IMPS,0,
TXN-0001538,ACC-00292,ACC-00322,6805.75,2025-12-17T07:11:03,IMPS,0,
TXN-0001539,ACC-00158,ACC-00287,556522.88,2025-12-02T15:19:51,UPI,0,
TXN-0001540,ACC-00286,ACC-00043,22705.91,2025-10-19T16:23:12,ATM,0,
TXN-0001541,ACC-00277,ACC-00295,164696.67,2025-12-13T13:22:16,UPI,0,
TXN-0001542,ACC-00291,ACC-00267,55632.33,2025-10-19T09:19:27,IMPS,0,
TXN-0001543,ACC-00257,ACC-00459,30063.75,2025-10-02T19:29:25,UPI,0,
TXN-0001544,ACC-00479,ACC-00272,422916.73,2025-10-18T10:49:56,ATM,0,
TXN-0001545,ACC-00140,ACC-00402,23718.58,2025-10-20T23:33:37,UPI,0,
TXN-0001546,ACC-00361,ACC-00429,1472.43,2025-12-26T04:23:16,NEFT,0,
TXN-0001547,ACC-00043,ACC-00413,8554.12,2025-11-21T19:14:50,NEFT,0,
TXN-0001548,ACC-00205,ACC-00301,97943.41,2025-10-05T08:49:10,NEFT,0,
TXN-0001549,ACC-00478,ACC-00011,74007.11,2025-11-03T00:09:22,NEFT,0,
TXN-0001550,ACC-00212,ACC-00012,2163.09,2025-12-23T11:07:33,NEFT,0,
TXN-0001551,ACC-00195,ACC-00131,9859.43,2025-10-09T20:06:13,UPI,0,
TXN-0001552,ACC-00050,ACC-00277,12745.09,2025-10-17T07:49:54,UPI,0,
TXN-0001553,ACC-00093,ACC-00130,18810.2,2025-12-14T14:16:46,UPI,0,
TXN-0001554,ACC-00157,ACC-00487,3051.4,2025-11-09T13:01:22,IMPS,0,
TXN-0001555,ACC-00030,ACC-00314,11718.59,2025-11-01T13:58:56,UPI,0,
TXN-0001556,ACC-00365,ACC-00029,9783.98,2025-10-29T22:26:49,UPI,0,
TXN-0001557,ACC-00163,ACC-00072,145620.6,2025-11-10T01:56:48,RTGS,0,
TXN-0001558,ACC-00132,ACC-00192,155814.01,2025-12-20T08:46:38,RTGS,0,
TXN-0001559,ACC-00026,ACC-00103,27932.36,2025-10-24T06:21:43,IMPS,0,
TXN-0001560,ACC-00300,ACC-00121,17931.75,2025-11-17T20:43:31,NEFT,0,
TXN-0001561,ACC-00258,ACC-00197,46717.02,2025-10-12T04:09:32,UPI,0,
TXN-0001562,ACC-00162,ACC-00237,8351.24,2025-11-23T16:51:55,NEFT,0,
TXN-0001563,ACC-00247,ACC-00014,4608.71,2025-11-09T13:31:45,NEFT,0,
TXN-0001564,ACC-00467,ACC-00453,6684.87,2025-10-02T19:23:39,UPI,0,
TXN-0001565,ACC-00493,ACC-00300,11583.49,2025-12-05T13:05:27,UPI,0,
TXN-0001566,ACC-00390,ACC-00284,4472.7,2025-12-03T06:13:25,IMPS,0,
TXN-0001567,ACC-00155,ACC-00290,48615.96,2025-11-09T11:47:12,NEFT,0,
TXN-0001568,ACC-00433,ACC-00325,135061.87,2025-11-18T14:05:31,UPI,0,
TXN-0001569,ACC-00495,ACC-00072,2086.46,2025-11-06T05:51:51,NEFT,0,
TXN-0001570,ACC-00086,ACC-00400,37995.83,2025-10-24T19:16:03,NEFT,0,
TXN-0001571,ACC-00216,ACC-00492,24443.4,2025-12-28T11:55:55,NEFT,0,
TXN-0001572,ACC-00021,ACC-00000,67152.11,2025-12-18T21:35:49,NEFT,0,
TXN-0001573,ACC-00424,ACC-00317,35479.5,2025-10-29T02:00:00,IMPS,0,
TXN-0001574,ACC-00085,ACC-00000,2653.2,2025-10-06T20:13:04,RTGS,0,
TXN-0001575,ACC-00246,ACC-00139,3743.21,2025-11-28T01:07:58,UPI,0,
TXN-0001576,ACC-00348,ACC-00194,38290.7,2025-11-04T02:51:47,IMPS,0,
TXN-0001577,ACC-00108,ACC-00299,231377.45,2025-12-21T14:56:10,NEFT,0,
TXN-0001578,ACC-00023,ACC-00082,674.83,2025-12-11T18:25:15,NEFT,0,
TXN-0001579,ACC-00035,ACC-00153,67663.88,2025-10-09T17:03:04,UPI,0,
TXN-0001580,ACC-00062,ACC-00425,309068.93,2025-10-14T13:24:31,IMPS,0,
TXN-0001581,ACC-00143,ACC-00449,27571.93,2025-11-11T22:32:43,UPI,0,
TXN-0001582,ACC-00258,ACC-00490,97769.16,2025-12-17T20:55:38,UPI,0,
TXN-0001583,ACC-00349,ACC-00484,10244.29,2025-11-03T06:23:52,NEFT,0,
TXN-0001584,ACC-00385,ACC-00362,29294.08,2025-11-13T22:54:34,UPI,0,
TXN-0001585,ACC-00339,ACC-00164,1963.25,2025-11-03T04:03:18,UPI,0,
TXN-0001586,ACC-00491,ACC-00306,533.89,2025-11-01T21:21:39,UPI,0,
TXN-0001587,ACC-00354,ACC-00068,198189.4,2025-12-02T18:19:19,RTGS,0,
TXN-0001588,ACC-00311,ACC-00243,6167.26,2025-10-01T09:58:16,RTGS,0,
TXN-0001589,ACC-00344,ACC-00088,15995.29,2025-11-10T02:44:22,NEFT,0,
TXN-0001590,ACC-00356,ACC-00360,2994.11,2025-11-17T11:23:53,IMPS,0,
TXN-0001591,ACC-00275,ACC-00041,2869.96,2025-12-16T10:33:14,RTGS,0,
TXN-0001592,ACC-00333,ACC-00039,26558.16,2025-11-22T07:08:38,UPI,0,
TXN-0001593,ACC-00426,ACC-00417,9766.96,2025-12-05T04:58:18,NEFT,0,
TXN-0001594,ACC-00063,ACC-00180,71707.3,2025-12-18T21:55:03,UPI,0,
TXN-0001595,ACC-00307,ACC-00183,82007.76,2025-11-07T13:11:42,UPI,0,
TXN-0001596,ACC-00393,ACC-00415,64700.83,2025-12-07T16:11:52,ATM,0,
TXN-0001597,ACC-00063,ACC-00236,55797.34,2025-11-05T23:16:56,RTGS,0,
TXN-0001598,ACC-00227,ACC-00004,621556.92,2025-10-22T12:10:50,IMPS,0,
TXN-0001599,ACC-00388,ACC-00143,5315.23,2025-12-06T01:48:23,RTGS,0,
TXN-0001600,ACC-00183,ACC-00098,32896.36,2025-10-09T17:38:13,IMPS,0,
TXN-0001601,ACC-00320,ACC-00155,278965.02,2025-12-18T11:44:32,IMPS,0,
TXN-0001602,ACC-00119,ACC-00252,353688.43,2025-11-05T05:50:57,UPI,0,
TXN-0001603,ACC-00252,ACC-00463,2809.68,2025-12-08T08:33:00,IMPS,0,
TXN-0001604,ACC-00107,ACC-00003,20697.33,2025-10-20T00:54:55,ATM,0,
TXN-0001605,ACC-00326,ACC-00202,418577.77,2025-10-11T18:31:26,RTGS,0,
TXN-0001606,ACC-00291,ACC-00256,90630.17,2025-11-17T23:07:47,UPI,0,
TXN-0001607,ACC-00099,ACC-00337,51610.14,2025-12-11T17:33:47,NEFT,0,
TXN-0001608,ACC-00349,ACC-00308,24542.65,2025-11-24T20:52:19,UPI,0,
TXN-0001609,ACC-00301,ACC-00065,18199.66,2025-12-12T10:14:38,UPI,0,
TXN-0001610,ACC-00132,ACC-00477,61010.08,2025-11-25T07:58:15,RTGS,0,
TXN-0001611,ACC-00451,ACC-00267,23057.04,2025-12-10T18:27:26,IMPS,0,
TXN-0001612,ACC-00098,ACC-00434,33636.21,2025-12-05T19:48:17,UPI,0,
TXN-0001613,ACC-00496,ACC-00354,41834.54,2025-12-05T19:14:08,NEFT,0,
TXN-0001614,ACC-00129,ACC-00348,10715.76,2025-11-24T09:09:53,RTGS,0,
TXN-0001615,ACC-00001,ACC-00480,94639.75,2025-11-11T11:14:55,NEFT,0,
TXN-0001616,ACC-00482,ACC-00332,6890404.62,2025-10-06T00:50:56,RTGS,0,
TXN-0001617,ACC-00165,ACC-00221,1482.41,2025-12-21T23:27:30,ATM,0,
TXN-0001618,ACC-00140,ACC-00062,65070.24,2025-12-06T00:55:08,NEFT,0,
TXN-0001619,ACC-00253,ACC-00185,9243.33,2025-11-20T05:17:45,IMPS,0,
TXN-0001620,ACC-00452,ACC-00369,102675.07,2025-10-22T19:14:06,UPI,0,
TXN-0001621,ACC-00470,ACC-00215,39490.03,2025-11-21T16:36:21,NEFT,0,
TXN-0001622,ACC-00002,ACC-00200,143105.67,2025-10-19T21:28:11,UPI,0,
TXN-0001623,ACC-00450,ACC-00292,301315.1,2025-12-18T10:00:51,UPI,0,
TXN-0001624,ACC-00377,ACC-00115,51346.81,2025-12-06T22:45:55,NEFT,0,
TXN-0001625,ACC-00038,ACC-00469,278645.08,2025-10-25T06:30:19,UPI,0,
TXN-0001626,ACC-00168,ACC-00159,533.93,2025-10-07T02:26:14,NEFT,0,
TXN-0001627,ACC-00049,ACC-00014,635911.15,2025-11-16T14:24:10,NEFT,0,
TXN-0001628,ACC-00012,ACC-00303,71332.82,2025-12-17T09:39:33,NEFT,0,
TXN-0001629,ACC-00171,ACC-00430,252740.37,2025-10-25T07:29:46,UPI,0,
TXN-0001630,ACC-00242,ACC-00122,4040.9,2025-11-03T02:07:34,IMPS,0,
TXN-0001631,ACC-00420,ACC-00170,8140.56,2025-11-20T10:55:50,IMPS,0,
TXN-0001632,ACC-00483,ACC-00037,47225.48,2025-12-15T07:37:38,NEFT,0,
TXN-0001633,ACC-00224,ACC-00391,35218.68,2025-10-10T06:55:44,NEFT,0,
TXN-0001634,ACC-00296,ACC-00063,60447.07,2025-10-09T07:18:37,ATM,0,
TXN-0001635,ACC-00469,ACC-00017,255793.89,2025-11-06T15:23:39,UPI,0,
TXN-0001636,ACC-00434,ACC-00355,1514.14,2025-10-07T07:31:36,IMPS,0,
TXN-0001637,ACC-00031,ACC-00470,209582.83,2025-12-17T21:41:50,NEFT,0,
TXN-0001638,ACC-00154,ACC-00312,36860.93,2025-11-30T19:07:02,NEFT,0,
TXN-0001639,ACC-00052,ACC-00346,25164.58,2025-10-06T10:00:00,NEFT,0,
TXN-0001640,ACC-00150,ACC-00435,2570.85,2025-11-07T00:51:20,NEFT,0,
TXN-0001641,ACC-00316,ACC-00385,89813.23,2025-11-09T21:57:03,UPI,0,
TXN-0001642,ACC-00306,ACC-00403,470.88,2025-12-04T01:16:06,NEFT,0,
TXN-0001643,ACC-00232,ACC-00196,116670.53,2025-11-15T01:41:08,IMPS,0,
TXN-0001644,ACC-00450,ACC-00317,2475.53,2025-11-30T02:54:42,UPI,0,
TXN-0001645,ACC-00333,ACC-00480,39983.58,2025-12-05T14:40:20,IMPS,0,
TXN-0001646,ACC-00232,ACC-00264,29304.49,2025-11-01T20:44:48,NEFT,0,
TXN-0001647,ACC-00055,ACC-00052,298095.35,2025-10-02T04:38:04,NEFT,0,
TXN-0001648,ACC-00034,ACC-00303,26328.85,2025-12-16T15:28:24,IMPS,0,
TXN-0001649,ACC-00463,ACC-00293,10410.3,2025-10-13T05:33:30,NEFT,0,
TXN-0001650,ACC-00131,ACC-00181,14590.34,2025-11-10T21:01:02,NEFT,0,
TXN-0001651,ACC-00317,ACC-00227,359039.96,2025-10-19T01:13:58,UPI,0,
TXN-0001652,ACC-00408,ACC-00022,95352.38,2025-10-06T20:57:16,UPI,0,
TXN-0001653,ACC-00299,ACC-00223,18139.84,2025-11-19T19:40:10,ATM,0,
TXN-0001654,ACC-00386,ACC-00183,23727.65,2025-10-31T05:07:16,NEFT,0,
TXN-0001655,ACC-00277,ACC-00397,2162.63,2025-10-15T03:19:48,UPI,0,
TXN-0001656,ACC-00158,ACC-00308,73075.87,2025-11-03T07:00:56,UPI,0,
TXN-0001657,ACC-00496,ACC-00004,1528.94,2025-11-20T06:16:59,NEFT,0,
TXN-0001658,ACC-00347,ACC-00074,140538.06,2025-10-06T13:33:35,UPI,0,
TXN-0001659,ACC-00419,ACC-00427,45776.17,2025-11-24T07:36:46,RTGS,0,
TXN-0001660,ACC-00216,ACC-00176,2667129.18,2025-10-19T23:19:53,ATM,0,
TXN-0001661,ACC-00327,ACC-00465,5012.83,2025-10-20T12:58:21,IMPS,0,
TXN-0001662,ACC-00174,ACC-00096,30188.26,2025-12-04T20:13:36,NEFT,0,
TXN-0001663,ACC-00354,ACC-00239,924416.37,2025-11-28T05:32:50,IMPS,0,
TXN-0001664,ACC-00436,ACC-00296,310053.88,2025-11-24T23:06:05,ATM,0,
TXN-0001665,ACC-00315,ACC-00153,10371.51,2025-11-10T15:37:50,UPI,0,
TXN-0001666,ACC-00053,ACC-00232,54346.82,2025-12-25T01:28:25,IMPS,0,
TXN-0001667,ACC-00021,ACC-00253,36446.43,2025-10-22T07:15:09,RTGS,0,
TXN-0001668,ACC-00327,ACC-00114,60326.13,2025-12-07T07:19:15,UPI,0,
TXN-0001669,ACC-00319,ACC-00109,10325.53,2025-10-24T04:57:17,NEFT,0,
TXN-0001670,ACC-00393,ACC-00487,30922.0,2025-12-19T02:16:41,UPI,0,
TXN-0001671,ACC-00378,ACC-00192,2045.72,2025-10-20T22:25:18,NEFT,0,
TXN-0001672,ACC-00422,ACC-00003,46315.05,2025-11-05T05:25:30,UPI,0,
TXN-0001673,ACC-00183,ACC-00015,81636.95,2025-11-23T20:31:30,UPI,0,
TXN-0001674,ACC-00148,ACC-00225,24116.34,2025-10-19T20:59:34,NEFT,0,
TXN-0001675,ACC-00467,ACC-00391,1984.08,2025-11-04T22:38:57,UPI,0,
TXN-0001676,ACC-00015,ACC-00101,215207.37,2025-10-20T04:57:56,UPI,0,
TXN-0001677,ACC-00112,ACC-00453,69992.62,2025-10-26T10:30:05,IMPS,0,
TXN-0001678,ACC-00173,ACC-00433,9829.79,2025-11-23T20:05:24,UPI,0,
TXN-0001679,ACC-00100,ACC-00011,21914.84,2025-10-18T02:17:24,IMPS,0,
TXN-0001680,ACC-00466,ACC-00051,2437.66,2025-10-03T00:55:08,IMPS,0,
TXN-0001681,ACC-00070,ACC-00194,5734.53,2025-12-03T13:57:20,IMPS,0,
TXN-0001682,ACC-00056,ACC-00173,13793.32,2025-10-21T09:53:18,UPI,0,
TXN-0001683,ACC-00122,ACC-00189,331425.21,2025-12-18T14:14:35,UPI,0,
TXN-0001684,ACC-00087,ACC-00481,11486.11,2025-11-21T03:49:41,ATM,0,
TXN-0001685,ACC-00319,ACC-00451,114965.18,2025-11-12T02:38:10,RTGS,0,
TXN-0001686,ACC-00033,ACC-00060,13780.79,2025-10-15T00:33:05,RTGS,0,
TXN-0001687,ACC-00066,ACC-00406,56744.02,2025-10-19T09:53:45,UPI,0,
TXN-0001688,ACC-00193,ACC-00355,28155.22,2025-11-06T08:04:41,UPI,0,
TXN-0001689,ACC-00219,ACC-00325,174818.2,2025-10-24T17:50:31,RTGS,0,
TXN-0001690,ACC-00390,ACC-00315,13868.0,2025-11-27T00:34:06,UPI,0,
TXN-0001691,ACC-00274,ACC-00150,2141.9,2025-12-16T15:52:22,UPI,0,
TXN-0001692,ACC-00126,ACC-00027,3018.43,2025-12-01T02:44:45,IMPS,0,
TXN-0001693,ACC-00446,ACC-00064,13941.43,2025-12-22T16:08:41,NEFT,0,
TXN-0001694,ACC-00299,ACC-00453,3834.11,2025-11-17T11:25:50,UPI,0,
TXN-0001695,ACC-00041,ACC-00401,75991.87,2025-11-15T16:44:03,IMPS,0,
TXN-0001696,ACC-00314,ACC-00033,15703.16,2025-10-17T06:08:54,NEFT,0,
TXN-0001697,ACC-00384,ACC-00451,2608515.36,2025-12-02T15:07:32,IMPS,0,
TXN-0001698,ACC-00191,ACC-00255,1590.99,2025-11-20T09:06:24,NEFT,0,
TXN-0001699,ACC-00164,ACC-00364,52393.6,2025-11-06T07:12:02,NEFT,0,
TXN-0001700,ACC-00247,ACC-00366,4768.01,2025-11-18T00:56:56,NEFT,0,
TXN-0001701,ACC-00297,ACC-00205,14941.2,2025-12-01T22:53:37,RTGS,0,
TXN-0001702,ACC-00298,ACC-00332,46842.92,2025-10-04T13:17:40,UPI,0,
TXN-0001703,ACC-00458,ACC-00103,552.43,2025-11-13T21:25:22,RTGS,0,
TXN-0001704,ACC-00202,ACC-00111,55619.38,2025-10-30T17:01:45,NEFT,0,
TXN-0001705,ACC-00193,ACC-00292,1115968.76,2025-10-16T06:19:27,RTGS,0,
TXN-0001706,ACC-00191,ACC-00130,16055.57,2025-11-23T10:52:44,UPI,0,
TXN-0001707,ACC-00384,ACC-00043,57968.45,2025-10-29T15:30:42,NEFT,0,
TXN-0001708,ACC-00180,ACC-00117,229775.74,2025-11-26T16:43:50,UPI,0,
TXN-0001709,ACC-00262,ACC-00318,27034.89,2025-11-02T15:48:29,NEFT,0,
TXN-0001710,ACC-00239,ACC-00221,12762.57,2025-11-09T16:55:44,UPI,0,
TXN-0001711,ACC-00254,ACC-00162,604.06,2025-10-27T12:10:53,UPI,0,
TXN-0001712,ACC-00091,ACC-00226,115126.1,2025-10-23T16:46:16,UPI,0,
TXN-0001713,ACC-00038,ACC-00183,29622.72,2025-12-27T12:35:27,UPI,0,
TXN-0001714,ACC-00431,ACC-00256,5867.41,2025-11-19T18:53:22,NEFT,0,
TXN-0001715,ACC-00040,ACC-00402,45609.63,2025-10-27T20:07:00,RTGS,0,
TXN-0001716,ACC-00050,ACC-00060,12700.23,2025-10-07T22:15:16,UPI,0,
TXN-0001717,ACC-00279,ACC-00102,14028.31,2025-11-02T09:42:43,UPI,0,
TXN-0001718,ACC-00168,ACC-00128,108155.37,2025-10-30T09:22:42,IMPS,0,
TXN-0001719,ACC-00393,ACC-00349,3264.66,2025-12-22T02:02:13,UPI,0,
TXN-0001720,ACC-00361,ACC-00309,239226.84,2025-10-14T09:14:56,ATM,0,
TXN-0001721,ACC-00385,ACC-00366,2934.13,2025-12-11T19:54:28,NEFT,0,
TXN-0001722,ACC-00133,ACC-00004,11016.37,2025-12-14T18:24:26,UPI,0,
TXN-0001723,ACC-00421,ACC-00177,1156956.2,2025-12-16T00:49:15,ATM,0,
TXN-0001724,ACC-00484,ACC-00207,276298.91,2025-12-19T19:04:32,NEFT,0,
TXN-0001725,ACC-00335,ACC-00006,43290.44,2025-11-15T19:50:56,IMPS,0,
TXN-0001726,ACC-00389,ACC-00487,6681.15,2025-10-15T11:51:00,RTGS,0,
TXN-0001727,ACC-00116,ACC-00370,14006.96,2025-12-12T17:36:57,UPI,0,
TXN-0001728,ACC-00119,ACC-00264,41435.59,2025-11-26T23:49:03,IMPS,0,
TXN-0001729,ACC-00387,ACC-00239,38853.05,2025-12-10T03:34:16,IMPS,0,
TXN-0001730,ACC-00174,ACC-00405,30835.82,2025-10-09T08:06:18,UPI,0,
TXN-0001731,ACC-00096,ACC-00219,34354.95,2025-12-14T18:32:07,RTGS,0,
TXN-0001732,ACC-00213,ACC-00107,24689.29,2025-11-12T14:12:01,NEFT,0,
TXN-0001733,ACC-00285,ACC-00015,2709.28,2025-11-06T09:06:52,UPI,0,
TXN-0001734,ACC-00447,ACC-00065,14332.44,2025-10-30T16:02:03,RTGS,0,
TXN-0001735,ACC-00004,ACC-00255,188400.12,2025-12-18T16:22:19,IMPS,0,
TXN-0001736,ACC-00181,ACC-00173,3093.31,2025-10-22T21:25:52,NEFT,0,
TXN-0001737,ACC-00351,ACC-00385,25817.3,2025-11-09T03:55:02,IMPS,0,
TXN-0001738,ACC-00353,ACC-00275,8303.59,2025-10-30T02:12:19,UPI,0,
TXN-0001739,ACC-00011,ACC-00290,44374.97,2025-12-16T06:00:58,UPI,0,
TXN-0001740,ACC-00071,ACC-00078,18042.05,2025-11-02T01:32:22,NEFT,0,
TXN-0001741,ACC-00409,ACC-00308,518818.09,2025-12-28T17:11:48,NEFT,0,
TXN-0001742,ACC-00443,ACC-00200,90386.45,2025-11-07T00:32:11,UPI,0,
TXN-0001743,ACC-00200,ACC-00032,3424.65,2025-11-21T21:27:11,UPI,0,
TXN-0001744,ACC-00243,ACC-00055,121565.73,2025-11-01T22:15:21,NEFT,0,
TXN-0001745,ACC-00231,ACC-00327,9005.82,2025-12-26T20:54:14,UPI,0,
TXN-0001746,ACC-00087,ACC-00053,12853.95,2025-12-05T12:35:50,NEFT,0,
TXN-0001747,ACC-00016,ACC-00423,63887.2,2025-12-06T21:32:36,NEFT,0,
TXN-0001748,ACC-00013,ACC-00095,14985.74,2025-10-20T07:42:02,UPI,0,
TXN-0001749,ACC-00493,ACC-00197,181160.83,2025-10-28T13:20:34,UPI,0,
TXN-0001750,ACC-00149,ACC-00337,9008.12,2025-11-20T21:55:49,UPI,0,
TXN-0001751,ACC-00029,ACC-00188,11919.09,2025-11-20T08:15:59,UPI,0,
TXN-0001752,ACC-00167,ACC-00440,11142.62,2025-12-28T08:00:59,NEFT,0,
TXN-0001753,ACC-00080,ACC-00056,13119.44,2025-10-13T12:54:45,NEFT,0,
TXN-0001754,ACC-00244,ACC-00380,262641.38,2025-10-07T16:13:45,UPI,0,
TXN-0001755,ACC-00462,ACC-00443,112626.61,2025-10-21T01:07:57,UPI,0,
TXN-0001756,ACC-00105,ACC-00158,788509.01,2025-11-11T23:06:02,IMPS,0,
TXN-0001757,ACC-00340,ACC-00243,2151680.17,2025-10-16T09:59:13,NEFT,0,
TXN-0001758,ACC-00480,ACC-00158,5680.02,2025-11-27T00:57:19,UPI,0,
TXN-0001759,ACC-00366,ACC-00350,41223.12,2025-11-14T13:26:45,UPI,0,
TXN-0001760,ACC-00003,ACC-00073,4371.4,2025-11-13T06:37:47,UPI,0,
TXN-0001761,ACC-00204,ACC-00309,8958.06,2025-12-18T09:45:53,UPI,0,
TXN-0001762,ACC-00168,ACC-00466,11682.55,2025-11-25T06:23:59,RTGS,0,
TXN-0001763,ACC-00235,ACC-00236,5416.05,2025-11-25T22:29:11,UPI,0,
TXN-0001764,ACC-00046,ACC-00147,5467.64,2025-12-02T17:59:10,RTGS,0,
TXN-0001765,ACC-00233,ACC-00177,28009.19,2025-12-07T23:51:20,IMPS,0,
TXN-0001766,ACC-00405,ACC-00152,4063.93,2025-11-07T23:18:23,NEFT,0,
TXN-0001767,ACC-00414,ACC-00435,165351.46,2025-10-18T00:04:25,NEFT,0,
TXN-0001768,ACC-00091,ACC-00460,6960.76,2025-11-29T23:25:49,IMPS,0,
TXN-0001769,ACC-00234,ACC-00196,5707114.69,2025-12-28T10:23:41,IMPS,0,
TXN-0001770,ACC-00357,ACC-00291,16115.04,2025-10-10T06:36:38,UPI,0,
TXN-0001771,ACC-00484,ACC-00022,41341.9,2025-10-24T06:31:49,RTGS,0,
TXN-0001772,ACC-00080,ACC-00140,3527.65,2025-12-25T16:30:14,NEFT,0,
TXN-0001773,ACC-00149,ACC-00341,783060.44,2025-12-28T23:07:30,UPI,0,
TXN-0001774,ACC-00371,ACC-00369,272420.26,2025-12-27T14:21:33,UPI,0,
TXN-0001775,ACC-00252,ACC-00210,61972.66,2025-12-13T23:15:51,NEFT,0,
TXN-0001776,ACC-00188,ACC-00039,3215.56,2025-12-13T08:12:08,UPI,0,
TXN-0001777,ACC-00392,ACC-00399,53061.15,2025-11-01T15:39:56,NEFT,0,
TXN-0001778,ACC-00084,ACC-00129,4824.32,2025-10-21T03:12:43,NEFT,0,
TXN-0001779,ACC-00236,ACC-00013,504962.51,2025-10-08T02:33:28,NEFT,0,
TXN-0001780,ACC-00345,ACC-00383,155834.61,2025-11-14T20:18:51,UPI,0,
TXN-0001781,ACC-00381,ACC-00204,43122.07,2025-12-23T02:05:45,UPI,0,
TXN-0001782,ACC-00019,ACC-00005,452.38,2025-10-25T07:57:13,UPI,0,
TXN-0001783,ACC-00469,ACC-00069,6184.81,2025-11-01T18:13:20,IMPS,0,
TXN-0001784,ACC-00237,ACC-00248,125237.85,2025-11-14T19:02:23,UPI,0,
TXN-0001785,ACC-00280,ACC-00336,322284.72,2025-10-24T12:35:06,IMPS,0,
TXN-0001786,ACC-00224,ACC-00071,267401.26,2025-11-15T17:00:53,IMPS,0,
TXN-0001787,ACC-00430,ACC-00082,2068.08,2025-10-17T13:30:05,IMPS,0,
TXN-0001788,ACC-00310,ACC-00051,62492.02,2025-10-18T04:59:28,UPI,0,
TXN-0001789,ACC-00273,ACC-00379,225918.0,2025-11-07T22:44:43,UPI,0,
TXN-0001790,ACC-00343,ACC-00390,1835.36,2025-10-02T02:07:21,IMPS,0,
TXN-0001791,ACC-00078,ACC-00225,35802.46,2025-11-04T18:24:11,UPI,0,
TXN-0001792,ACC-00365,ACC-00017,59451.51,2025-12-26T16:06:47,IMPS,0,
TXN-0001793,ACC-00110,ACC-00226,21133.69,2025-12-07T15:31:38,UPI,0,
TXN-0001794,ACC-00325,ACC-00415,1294.8,2025-11-20T18:23:08,NEFT,0,
TXN-0001795,ACC-00366,ACC-00337,20206.17,2025-12-27T02:11:04,UPI,0,
TXN-0001796,ACC-00353,ACC-00157,20147.8,2025-11-13T02:33:50,UPI,0,
TXN-0001797,ACC-00002,ACC-00024,27818.87,2025-12-14T23:50:42,UPI,0,
TXN-0001798,ACC-00103,ACC-00475,13170.72,2025-10-25T05:50:33,UPI,0,
TXN-0001799,ACC-00122,ACC-00102,16359.73,2025-10-09T20:56:44,UPI,0,
TXN-0001800,ACC-00014,ACC-00007,33810.57,2025-11-02T17:32:19,IMPS,0,
TXN-0001801,ACC-00348,ACC-00342,80532.68,2025-10-07T03:12:00,UPI,0,
TXN-0001802,ACC-00451,ACC-00049,20994.84,2025-12-17T08:58:04,IMPS,0,
TXN-0001803,ACC-00340,ACC-00085,17372.29,2025-12-10T07:04:08,UPI,0,
TXN-0001804,ACC-00212,ACC-00262,42883.28,2025-10-11T10:55:17,IMPS,0,
TXN-0001805,ACC-00165,ACC-00287,1144.07,2025-11-30T20:31:05,UPI,0,
TXN-0001806,ACC-00106,ACC-00478,85704.72,2025-11-22T14:15:31,UPI,0,
TXN-0001807,ACC-00219,ACC-00061,36278.71,2025-10-23T13:33:00,UPI,0,
TXN-0001808,ACC-00182,ACC-00165,39005.13,2025-10-17T20:34:03,UPI,0,
TXN-0001809,ACC-00334,ACC-00161,204704.3,2025-10-02T03:55:07,UPI,0,
TXN-0001810,ACC-00234,ACC-00112,1080.23,2025-10-07T09:49:44,IMPS,0,
TXN-0001811,ACC-00142,ACC-00332,1040.13,2025-11-30T13:48:51,UPI,0,
TXN-0001812,ACC-00034,ACC-00453,59447.39,2025-10-22T05:17:01,NEFT,0,
TXN-0001813,ACC-00392,ACC-00306,35853.26,2025-11-18T12:05:47,ATM,0,
TXN-0001814,ACC-00052,ACC-00364,49331.52,2025-11-22T01:23:36,IMPS,0,
TXN-0001815,ACC-00472,ACC-00435,15806.42,2025-11-25T06:20:38,UPI,0,
TXN-0001816,ACC-00491,ACC-00048,120070.77,2025-11-28T05:47:30,UPI,0,
TXN-0001817,ACC-00323,ACC-00356,194609.43,2025-11-07T17:25:23,IMPS,0,
TXN-0001818,ACC-00497,ACC-00394,86783.18,2025-12-07T08:29:11,UPI,0,
TXN-0001819,ACC-00089,ACC-00325,22708.82,2025-12-13T22:55:39,RTGS,0,
TXN-0001820,ACC-00162,ACC-00435,817.42,2025-12-04T16:45:21,NEFT,0,
TXN-0001821,ACC-00171,ACC-00009,145019.74,2025-11-29T01:59:07,RTGS,0,
TXN-0001822,ACC-00229,ACC-00195,327456.86,2025-11-19T14:46:37,NEFT,0,
TXN-0001823,ACC-00119,ACC-00257,115867.8,2025-11-27T00:54:03,IMPS,0,
TXN-0001824,ACC-00006,ACC-00119,7455.03,2025-10-03T01:25:50,NEFT,0,
TXN-0001825,ACC-00459,ACC-00063,122128.61,2025-10-30T23:40:10,UPI,0,
TXN-0001826,ACC-00219,ACC-00387,170920.44,2025-10-24T15:30:09,NEFT,0,
TXN-0001827,ACC-00030,ACC-00070,600711.01,2025-11-06T08:42:11,NEFT,0,
TXN-0001828,ACC-00103,ACC-00077,7502.58,2025-11-06T11:33:22,UPI,0,
TXN-0001829,ACC-00019,ACC-00121,24158.26,2025-12-29T15:41:57,IMPS,0,
TXN-0001830,ACC-00484,ACC-00227,139398.18,2025-12-11T18:35:25,RTGS,0,
TXN-0001831,ACC-00068,ACC-00142,40269.04,2025-10-31T19:55:07,NEFT,0,
TXN-0001832,ACC-00389,ACC-00020,4860.08,2025-11-20T13:43:18,IMPS,0,
TXN-0001833,ACC-00212,ACC-00331,76596.7,2025-12-18T21:45:10,UPI,0,
TXN-0001834,ACC-00012,ACC-00117,102908.03,2025-12-22T05:30:04,IMPS,0,
TXN-0001835,ACC-00175,ACC-00124,42545.66,2025-10-20T23:35:21,NEFT,0,
TXN-0001836,ACC-00464,ACC-00469,53919.79,2025-12-04T13:34:34,ATM,0,
TXN-0001837,ACC-00410,ACC-00351,22795.75,2025-12-07T14:26:43,IMPS,0,
TXN-0001838,ACC-00311,ACC-00446,519645.48,2025-11-07T00:55:35,NEFT,0,
TXN-0001839,ACC-00093,ACC-00226,7177.84,2025-12-01T03:29:58,UPI,0,
TXN-0001840,ACC-00445,ACC-00251,12617.28,2025-10-07T19:04:36,ATM,0,
TXN-0001841,ACC-00026,ACC-00324,37040.75,2025-10-14T17:47:36,RTGS,0,
TXN-0001842,ACC-00064,ACC-00046,176683.85,2025-10-17T20:41:38,NEFT,0,
TXN-0001843,ACC-00425,ACC-00407,2452.17,2025-10-20T20:13:27,UPI,0,
TXN-0001844,ACC-00040,ACC-00218,3433.95,2025-12-10T09:20:49,NEFT,0,
TXN-0001845,ACC-00084,ACC-00369,927.13,2025-10-20T04:17:34,UPI,0,
TXN-0001846,ACC-00090,ACC-00310,38516.86,2025-10-25T04:08:26,UPI,0,
TXN-0001847,ACC-00295,ACC-00229,4851.53,2025-12-01T17:03:50,UPI,0,
TXN-0001848,ACC-00441,ACC-00400,18175.14,2025-11-16T17:12:32,UPI,0,
TXN-0001849,ACC-00497,ACC-00184,119429.41,2025-11-08T15:58:36,UPI,0,
TXN-0001850,ACC-00241,ACC-00225,11444.03,2025-11-11T00:57:21,NEFT,0,
TXN-0001851,ACC-00376,ACC-00221,55067.1,2025-12-13T19:41:03,UPI,0,
TXN-0001852,ACC-00488,ACC-00406,21188.03,2025-11-16T19:08:35,UPI,0,
TXN-0001853,ACC-00195,ACC-00218,121759.83,2025-12-22T22:03:45,UPI,0,
TXN-0001854,ACC-00464,ACC-00471,85411.03,2025-10-30T03:35:24,NEFT,0,
TXN-0001855,ACC-00078,ACC-00283,10451.69,2025-12-10T13:12:47,UPI,0,
TXN-0001856,ACC-00194,ACC-00237,26807.23,2025-10-30T16:40:32,NEFT,0,
TXN-0001857,ACC-00192,ACC-00287,237693.69,2025-11-28T20:08:29,NEFT,0,
TXN-0001858,ACC-00170,ACC-00069,73723.61,2025-12-09T09:45:08,NEFT,0,
TXN-0001859,ACC-00079,ACC-00469,2937.95,2025-10-19T09:51:36,UPI,0,
TXN-0001860,ACC-00441,ACC-00256,118197.53,2025-12-10T21:52:56,IMPS,0,
TXN-0001861,ACC-00251,ACC-00207,5154.89,2025-12-29T21:00:59,NEFT,0,
TXN-0001862,ACC-00202,ACC-00496,461632.1,2025-12-12T01:26:14,UPI,0,
TXN-0001863,ACC-00250,ACC-00157,229435.66,2025-12-02T05:45:06,ATM,0,
TXN-0001864,ACC-00036,ACC-00209,61193.35,2025-12-25T22:11:54,UPI,0,
TXN-0001865,ACC-00471,ACC-00063,48195.41,2025-11-07T08:42:34,RTGS,0,
TXN-0001866,ACC-00083,ACC-00099,24927.88,2025-12-14T01:48:15,NEFT,0,
TXN-0001867,ACC-00130,ACC-00394,123172.75,2025-12-28T15:38:40,IMPS,0,
TXN-0001868,ACC-00178,ACC-00260,18631.32,2025-12-08T20:23:20,NEFT,0,
TXN-0001869,ACC-00352,ACC-00188,55493.75,2025-12-07T14:51:31,UPI,0,
TXN-0001870,ACC-00197,ACC-00474,174465.42,2025-11-11T04:05:08,IMPS,0,
TXN-0001871,ACC-00124,ACC-00244,13210.25,2025-10-04T08:24:30,RTGS,0,
TXN-0001872,ACC-00185,ACC-00323,11978.31,2025-12-08T14:24:06,IMPS,0,
TXN-0001873,ACC-00357,ACC-00340,4230.78,2025-12-02T15:44:10,UPI,0,
TXN-0001874,ACC-00309,ACC-00233,5345.17,2025-12-06T02:59:59,UPI,0,
TXN-0001875,ACC-00126,ACC-00308,1351.39,2025-11-26T03:38:02,ATM,0,
TXN-0001876,ACC-00430,ACC-00082,135089.37,2025-10-02T04:44:53,UPI,0,
TXN-0001877,ACC-00047,ACC-00329,942269.09,2025-12-09T02:10:12,RTGS,0,
TXN-0001878,ACC-00203,ACC-00361,472405.07,2025-11-26T21:51:10,ATM,0,
TXN-0001879,ACC-00041,ACC-00265,1945.06,2025-12-28T08:20:06,UPI,0,
TXN-0001880,ACC-00216,ACC-00084,133885.26,2025-12-20T13:27:23,NEFT,0,
TXN-0001881,ACC-00354,ACC-00154,469672.74,2025-11-18T14:35:29,ATM,0,
TXN-0001882,ACC-00337,ACC-00453,15958.42,2025-11-07T03:57:43,NEFT,0,
TXN-0001883,ACC-00375,ACC-00210,43590.97,2025-12-13T01:21:50,RTGS,0,
TXN-0001884,ACC-00372,ACC-00445,978.28,2025-10-09T15:05:24,UPI,0,
TXN-0001885,ACC-00293,ACC-00397,58695.9,2025-12-17T10:23:19,UPI,0,
TXN-0001886,ACC-00073,ACC-00137,5353.96,2025-12-12T16:40:03,UPI,0,
TXN-0001887,ACC-00383,ACC-00203,52017.89,2025-12-07T20:48:32,UPI,0,
TXN-0001888,ACC-00086,ACC-00417,2186.01,2025-11-17T17:47:53,UPI,0,
TXN-0001889,ACC-00035,ACC-00396,96485.19,2025-12-07T14:32:07,NEFT,0,
TXN-0001890,ACC-00213,ACC-00335,229606.63,2025-10-28T23:52:53,IMPS,0,
TXN-0001891,ACC-00087,ACC-00090,8868.64,2025-11-06T09:00:03,UPI,0,
TXN-0001892,ACC-00068,ACC-00101,4691.65,2025-11-17T05:33:36,UPI,0,
TXN-0001893,ACC-00485,ACC-00056,749.31,2025-11-13T18:06:56,NEFT,0,
TXN-0001894,ACC-00108,ACC-00095,22481.67,2025-10-20T12:13:34,UPI,0,
TXN-0001895,ACC-00093,ACC-00414,12748.02,2025-12-13T16:58:54,UPI,0,
TXN-0001896,ACC-00461,ACC-00446,2226.45,2025-11-09T16:33:19,NEFT,0,
TXN-0001897,ACC-00467,ACC-00319,82078.7,2025-10-11T14:26:37,RTGS,0,
TXN-0001898,ACC-00085,ACC-00040,16156.11,2025-10-29T11:01:55,UPI,0,
TXN-0001899,ACC-00063,ACC-00141,5237.9,2025-10-07T05:44:32,UPI,0,
TXN-0001900,ACC-00299,ACC-00120,13383.39,2025-11-16T09:34:51,NEFT,0,
TXN-0001901,ACC-00389,ACC-00051,249783.09,2025-10-01T22:09:06,UPI,0,
TXN-0001902,ACC-00384,ACC-00489,107504.34,2025-10-01T16:50:21,IMPS,0,
TXN-0001903,ACC-00404,ACC-00021,28737.35,2025-10-10T09:39:28,UPI,0,
TXN-0001904,ACC-00405,ACC-00003,110678.96,2025-11-06T11:21:53,NEFT,0,
TXN-0001905,ACC-00492,ACC-00389,4493.37,2025-10-26T19:26:32,RTGS,0,
TXN-0001906,ACC-00242,ACC-00387,38494.33,2025-11-02T17:20:12,NEFT,0,
TXN-0001907,ACC-00172,ACC-00189,47343.28,2025-12-06T04:50:56,RTGS,0,
TXN-0001908,ACC-00161,ACC-00418,15588.59,2025-10-24T06:18:05,RTGS,0,
TXN-0001909,ACC-00340,ACC-00204,79524.86,2025-11-06T17:49:08,NEFT,0,
TXN-0001910,ACC-00499,ACC-00182,8912.59,2025-12-24T18:25:04,UPI,0,
TXN-0001911,ACC-00051,ACC-00001,90914.73,2025-11-14T08:41:56,RTGS,0,
TXN-0001912,ACC-00205,ACC-00371,98061.08,2025-12-21T02:40:20,RTGS,0,
TXN-0001913,ACC-00071,ACC-00013,190.4,2025-11-28T10:33:00,UPI,0,
TXN-0001914,ACC-00271,ACC-00143,309449.52,2025-12-07T21:24:16,IMPS,0,
TXN-0001915,ACC-00127,ACC-00188,150.54,2025-11-13T21:02:43,NEFT,0,
TXN-0001916,ACC-00337,ACC-00445,11981.41,2025-11-16T03:17:41,NEFT,0,
TXN-0001917,ACC-00338,ACC-00096,229952.14,2025-10-01T07:17:28,ATM,0,
TXN-0001918,ACC-00490,ACC-00482,20514.43,2025-12-18T21:32:22,UPI,0,
TXN-0001919,ACC-00324,ACC-00184,2593.76,2025-12-24T19:14:59,UPI,0,
TXN-0001920,ACC-00413,ACC-00376,5070.9,2025-11-01T14:31:43,IMPS,0,
TXN-0001921,ACC-00119,ACC-00310,230597.8,2025-11-17T01:03:03,NEFT,0,
TXN-0001922,ACC-00313,ACC-00406,1142.86,2025-10-08T21:36:14,UPI,0,
TXN-0001923,ACC-00480,ACC-00476,277113.92,2025-11-16T05:26:40,ATM,0,
TXN-0001924,ACC-00438,ACC-00358,32886.46,2025-12-27T21:16:31,UPI,0,
TXN-0001925,ACC-00197,ACC-00150,4245.81,2025-11-28T22:49:03,UPI,0,
TXN-0001926,ACC-00073,ACC-00445,12713.16,2025-11-20T11:48:52,RTGS,0,
TXN-0001927,ACC-00401,ACC-00438,5819.65,2025-12-09T13:57:07,NEFT,0,
TXN-0001928,ACC-00065,ACC-00254,172681.71,2025-12-17T08:43:37,UPI,0,
TXN-0001929,ACC-00426,ACC-00344,135722.83,2025-11-23T06:40:20,ATM,0,
TXN-0001930,ACC-00239,ACC-00086,1645.02,2025-12-27T00:47:00,NEFT,0,
TXN-0001931,ACC-00059,ACC-00246,17562.73,2025-12-04T08:04:04,NEFT,0,
TXN-0001932,ACC-00124,ACC-00108,7679.16,2025-10-17T13:08:15,IMPS,0,
TXN-0001933,ACC-00337,ACC-00358,372621.32,2025-10-09T16:23:28,UPI,0,
TXN-0001934,ACC-00366,ACC-00014,3196.53,2025-10-16T13:22:30,RTGS,0,
TXN-0001935,ACC-00167,ACC-00462,651877.79,2025-11-07T05:35:45,IMPS,0,
TXN-0001936,ACC-00112,ACC-00368,34203.03,2025-10-26T00:19:04,IMPS,0,
TXN-0001937,ACC-00487,ACC-00459,4485.11,2025-12-05T02:36:51,UPI,0,
TXN-0001938,ACC-00069,ACC-00472,10731.15,2025-11-21T21:34:34,NEFT,0,
TXN-0001939,ACC-00251,ACC-00046,8579.12,2025-12-17T05:44:37,IMPS,0,
TXN-0001940,ACC-00446,ACC-00114,3661.71,2025-11-25T22:06:44,IMPS,0,
TXN-0001941,ACC-00307,ACC-00033,43074.58,2025-12-02T12:35:50,UPI,0,
TXN-0001942,ACC-00466,ACC-00367,3982.85,2025-12-12T03:14:25,IMPS,0,
TXN-0001943,ACC-00195,ACC-00334,717.19,2025-12-02T08:12:23,IMPS,0,
TXN-0001944,ACC-00494,ACC-00438,18335.28,2025-11-12T10:11:45,IMPS,0,
TXN-0001945,ACC-00114,ACC-00132,1414.96,2025-10-12T05:34:37,UPI,0,
TXN-0001946,ACC-00057,ACC-00045,9377.89,2025-11-03T00:48:41,IMPS,0,
TXN-0001947,ACC-00479,ACC-00096,7069.99,2025-12-12T07:05:06,RTGS,0,
TXN-0001948,ACC-00293,ACC-00188,7568.96,2025-10-13T08:54:15,RTGS,0,
TXN-0001949,ACC-00488,ACC-00194,1331389.36,2025-11-26T00:18:49,IMPS,0,
TXN-0001950,ACC-00159,ACC-00031,40196.73,2025-11-27T06:56:20,NEFT,0,
TXN-0001951,ACC-00433,ACC-00198,56481.47,2025-11-11T03:17:20,UPI,0,
TXN-0001952,ACC-00186,ACC-00408,1483.98,2025-12-05T22:53:19,RTGS,0,
TXN-0001953,ACC-00064,ACC-00266,11191.01,2025-12-04T10:37:57,NEFT,0,
TXN-0001954,ACC-00113,ACC-00054,53505.77,2025-11-08T09:08:40,UPI,0,
TXN-0001955,ACC-00436,ACC-00235,5743.64,2025-10-31T16:09:41,UPI,0,
TXN-0001956,ACC-00482,ACC-00151,186188.17,2025-12-21T06:51:22,UPI,0,
TXN-0001957,ACC-00348,ACC-00233,4167.81,2025-10-15T07:31:33,NEFT,0,
TXN-0001958,ACC-00074,ACC-00382,21688.58,2025-12-04T14:22:46,IMPS,0,
TXN-0001959,ACC-00423,ACC-00359,12646.14,2025-10-04T08:01:37,NEFT,0,
TXN-0001960,ACC-00158,ACC-00257,48814.23,2025-12-06T20:33:15,UPI,0,
TXN-0001961,ACC-00434,ACC-00361,11465.73,2025-11-25T17:27:05,NEFT,0,
TXN-0001962,ACC-00424,ACC-00110,22301.1,2025-11-18T01:29:35,UPI,0,
TXN-0001963,ACC-00494,ACC-00192,23741.17,2025-10-06T17:02:35,ATM,0,
TXN-0001964,ACC-00170,ACC-00078,9682.76,2025-12-20T09:06:40,IMPS,0,
TXN-0001965,ACC-00434,ACC-00375,86956.99,2025-12-18T16:24:44,UPI,0,
TXN-0001966,ACC-00376,ACC-00026,55776.01,2025-12-29T15:06:49,RTGS,0,
TXN-0001967,ACC-00091,ACC-00438,30961.35,2025-11-17T07:58:05,IMPS,0,
TXN-0001968,ACC-00153,ACC-00417,16733.62,2025-12-04T00:09:52,RTGS,0,
TXN-0001969,ACC-00081,ACC-00011,152326.15,2025-11-23T04:47:58,UPI,0,
TXN-0001970,ACC-00216,ACC-00347,23753.81,2025-11-15T23:09:08,ATM,0,
TXN-0001971,ACC-00387,ACC-00200,20909.21,2025-11-07T23:14:35,UPI,0,
TXN-0001972,ACC-00372,ACC-00144,43846.14,2025-10-28T09:57:21,IMPS,0,
TXN-0001973,ACC-00099,ACC-00358,769776.91,2025-12-23T03:12:44,NEFT,0,
TXN-0001974,ACC-00049,ACC-00067,3253.08,2025-11-01T09:37:11,IMPS,0,
TXN-0001975,ACC-00297,ACC-00443,145181.85,2025-12-18T03:57:11,UPI,0,
TXN-0001976,ACC-00478,ACC-00363,1202.66,2025-10-30T12:32:37,NEFT,0,
TXN-0001977,ACC-00083,ACC-00295,53695.89,2025-10-14T08:32:24,NEFT,0,
TXN-0001978,ACC-00247,ACC-00149,618559.76,2025-12-27T02:40:10,UPI,0,
TXN-0001979,ACC-00111,ACC-00411,87518.31,2025-12-12T15:51:27,UPI,0,
TXN-0001980,ACC-00333,ACC-00004,49371.33,2025-11-05T04:02:50,IMPS,0,
TXN-0001981,ACC-00294,ACC-00052,13242.56,2025-12-05T20:35:42,IMPS,0,
TXN-0001982,ACC-00439,ACC-00075,38402.77,2025-11-06T13:26:18,ATM,0,
TXN-0001983,ACC-00218,ACC-00347,23069.97,2025-12-21T17:12:36,UPI,0,
TXN-0001984,ACC-00028,ACC-00049,8824.1,2025-11-04T12:34:13,ATM,0,
TXN-0001985,ACC-00091,ACC-00483,21552.0,2025-10-06T02:16:08,UPI,0,
TXN-0001986,ACC-00263,ACC-00332,51900.62,2025-11-02T20:43:44,NEFT,0,
TXN-0001987,ACC-00496,ACC-00076,9127.15,2025-11-30T20:57:06,IMPS,0,
TXN-0001988,ACC-00125,ACC-00017,8507.41,2025-10-12T12:49:47,UPI,0,
TXN-0001989,ACC-00250,ACC-00154,3138.69,2025-12-06T19:07:08,NEFT,0,
TXN-0001990,ACC-00088,ACC-00334,73372.54,2025-12-12T08:26:32,UPI,0,
TXN-0001991,ACC-00354,ACC-00407,96914.25,2025-12-05T02:55:40,IMPS,0,
TXN-0001992,ACC-00398,ACC-00237,55104.62,2025-12-23T23:21:11,IMPS,0,
TXN-0001993,ACC-00195,ACC-00140,206345.43,2025-12-01T09:26:37,IMPS,0,
TXN-0001994,ACC-00188,ACC-00005,42538.37,2025-10-12T15:37:16,UPI,0,
TXN-0001995,ACC-00062,ACC-00250,73542.57,2025-12-02T06:35:31,IMPS,0,
TXN-0001996,ACC-00260,ACC-00115,62749.59,2025-10-03T05:39:22,NEFT,0,
TXN-0001997,ACC-00293,ACC-00245,30798.71,2025-10-27T13:49:30,IMPS,0,
TXN-0001998,ACC-00048,ACC-00406,13967.95,2025-11-27T13:30:29,UPI,0,
TXN-0001999,ACC-00247,ACC-00330,1954167.26,2025-12-08T05:29:45,NEFT,0,
TXN-0002000,ACC-00292,ACC-00064,16098.61,2025-10-10T15:42:53,UPI,0,
TXN-0002001,ACC-00365,ACC-00465,10953.56,2025-12-23T17:05:45,IMPS,0,
TXN-0002002,ACC-00094,ACC-00207,79317.79,2025-12-18T22:07:10,IMPS,0,
TXN-0002003,ACC-00201,ACC-00284,57144.47,2025-12-19T08:49:35,NEFT,0,
TXN-0002004,ACC-00415,ACC-00271,2896.84,2025-11-17T10:26:05,UPI,0,
TXN-0002005,ACC-00428,ACC-00299,273982.87,2025-11-22T07:55:06,IMPS,0,
TXN-0002006,ACC-00404,ACC-00333,30651.89,2025-10-13T01:08:56,IMPS,0,
TXN-0002007,ACC-00106,ACC-00494,4916.36,2025-12-03T22:36:29,RTGS,0,
TXN-0002008,ACC-00092,ACC-00441,308603.14,2025-11-28T04:00:36,IMPS,0,
TXN-0002009,ACC-00002,ACC-00284,111995.73,2025-11-13T10:07:41,IMPS,0,
TXN-0002010,ACC-00062,ACC-00020,3728.74,2025-10-13T12:09:46,NEFT,0,
TXN-0002011,ACC-00334,ACC-00082,889957.61,2025-10-09T12:38:15,NEFT,0,
TXN-0002012,ACC-00435,ACC-00385,118875.89,2025-10-04T09:34:05,UPI,0,
TXN-0002013,ACC-00063,ACC-00259,35655.08,2025-10-29T23:44:13,UPI,0,
TXN-0002014,ACC-00278,ACC-00087,635643.94,2025-11-11T01:46:51,ATM,0,
TXN-0002015,ACC-00336,ACC-00000,48374.88,2025-10-25T02:40:02,UPI,0,
TXN-0002016,ACC-00484,ACC-00265,34525.4,2025-12-27T19:54:58,IMPS,0,
TXN-0002017,ACC-00337,ACC-00273,11064.09,2025-11-13T04:44:21,UPI,0,
TXN-0002018,ACC-00251,ACC-00355,103500.4,2025-10-31T09:11:37,NEFT,0,
TXN-0002019,ACC-00180,ACC-00310,85638.08,2025-11-22T06:07:08,NEFT,0,
TXN-0002020,ACC-00352,ACC-00050,37287.9,2025-12-04T08:00:34,IMPS,0,
TXN-0002021,ACC-00121,ACC-00018,8760.64,2025-10-19T06:14:36,UPI,0,
TXN-0002022,ACC-00438,ACC-00426,45884.09,2025-10-21T21:28:56,ATM,0,
TXN-0002023,ACC-00308,ACC-00282,32027.88,2025-10-21T23:24:34,NEFT,0,
TXN-0002024,ACC-00142,ACC-00065,3293.63,2025-12-10T18:56:11,NEFT,0,
TXN-0002025,ACC-00038,ACC-00281,2567.63,2025-10-25T18:07:01,UPI,0,
TXN-0002026,ACC-00332,ACC-00462,100436.01,2025-10-16T20:33:42,NEFT,0,
TXN-0002027,ACC-00042,ACC-00483,335.83,2025-10-25T16:16:51,IMPS,0,
TXN-0002028,ACC-00481,ACC-00355,52561.49,2025-10-14T21:46:57,NEFT,0,
TXN-0002029,ACC-00036,ACC-00322,15358.9,2025-12-11T03:15:22,UPI,0,
TXN-0002030,ACC-00324,ACC-00356,382637.71,2025-12-02T16:17:23,UPI,0,
TXN-0002031,ACC-00190,ACC-00288,14939.4,2025-12-03T19:39:43,NEFT,0,
TXN-0002032,ACC-00261,ACC-00309,119022.95,2025-10-16T22:14:53,NEFT,0,
TXN-0002033,ACC-00078,ACC-00161,17775.12,2025-12-16T11:40:11,NEFT,0,
TXN-0002034,ACC-00013,ACC-00493,44566.9,2025-11-28T14:30:24,UPI,0,
TXN-0002035,ACC-00138,ACC-00063,136804.17,2025-11-21T14:24:54,UPI,0,
TXN-0002036,ACC-00280,ACC-00208,15794.23,2025-10-07T09:41:47,UPI,0,
TXN-0002037,ACC-00045,ACC-00185,218337.82,2025-12-28T06:41:43,UPI,0,
TXN-0002038,ACC-00139,ACC-00074,6071.4,2025-12-24T08:34:47,IMPS,0,
TXN-0002039,ACC-00140,ACC-00005,61714.06,2025-10-10T12:13:57,UPI,0,
TXN-0002040,ACC-00496,ACC-00113,191138.1,2025-11-06T18:16:38,ATM,0,
TXN-0002041,ACC-00400,ACC-00473,119141.54,2025-10-12T23:47:02,UPI,0,
TXN-0002042,ACC-00372,ACC-00448,1143495.98,2025-10-30T18:18:44,NEFT,0,
TXN-0002043,ACC-00413,ACC-00250,9189.43,2025-10-10T06:37:32,NEFT,0,
TXN-0002044,ACC-00358,ACC-00292,3033.68,2025-12-24T00:31:27,UPI,0,
TXN-0002045,ACC-00138,ACC-00311,6064.44,2025-10-10T14:50:27,RTGS,0,
TXN-0002046,ACC-00087,ACC-00162,119228.44,2025-12-12T23:59:27,UPI,0,
TXN-0002047,ACC-00176,ACC-00412,88988.4,2025-12-11T23:20:51,IMPS,0,
TXN-0002048,ACC-00403,ACC-00272,43654.51,2025-11-23T13:29:17,NEFT,0,
TXN-0002049,ACC-00435,ACC-00206,4811.08,2025-11-16T07:10:07,NEFT,0,
TXN-0002050,ACC-00132,ACC-00004,144402.69,2025-12-06T16:01:47,NEFT,0,
TXN-0002051,ACC-00079,ACC-00336,4005.93,2025-10-13T06:27:34,UPI,0,
TXN-0002052,ACC-00290,ACC-00376,292467.62,2025-10-26T23:01:01,UPI,0,
TXN-0002053,ACC-00371,ACC-00327,6220676.13,2025-11-05T22:30:49,IMPS,0,
TXN-0002054,ACC-00127,ACC-00347,70235.7,2025-11-29T02:22:50,NEFT,0,
TXN-0002055,ACC-00234,ACC-00093,103734.98,2025-11-12T14:51:03,ATM,0,
TXN-0002056,ACC-00408,ACC-00239,14955.77,2025-11-18T18:16:44,UPI,0,
TXN-0002057,ACC-00487,ACC-00219,1396.35,2025-11-20T13:04:24,RTGS,0,
TXN-0002058,ACC-00451,ACC-00472,12272.36,2025-12-19T00:48:41,UPI,0,
TXN-0002059,ACC-00325,ACC-00439,5078.59,2025-10-09T10:35:24,RTGS,0,
TXN-0002060,ACC-00208,ACC-00394,2684.88,2025-10-31T08:43:47,IMPS,0,
TXN-0002061,ACC-00324,ACC-00040,806329.62,2025-10-08T10:42:29,IMPS,0,
TXN-0002062,ACC-00483,ACC-00047,59346.74,2025-10-17T00:44:29,NEFT,0,
TXN-0002063,ACC-00043,ACC-00380,71929.2,2025-10-28T18:04:50,NEFT,0,
TXN-0002064,ACC-00252,ACC-00413,20821.88,2025-12-24T21:23:24,UPI,0,
TXN-0002065,ACC-00485,ACC-00217,26604.4,2025-12-05T17:36:04,NEFT,0,
TXN-0002066,ACC-00374,ACC-00069,206115.35,2025-11-16T13:40:45,NEFT,0,
TXN-0002067,ACC-00350,ACC-00346,34262.04,2025-12-26T05:22:39,NEFT,0,
TXN-0002068,ACC-00063,ACC-00207,94395.54,2025-10-02T08:23:23,NEFT,0,
TXN-0002069,ACC-00466,ACC-00425,25519.35,2025-12-12T10:06:47,UPI,0,
TXN-0002070,ACC-00217,ACC-00359,19616.47,2025-11-21T21:04:01,IMPS,0,
TXN-0002071,ACC-00125,ACC-00378,2885.79,2025-12-04T04:38:50,ATM,0,
TXN-0002072,ACC-00421,ACC-00450,1032.82,2025-11-21T06:35:19,IMPS,0,
TXN-0002073,ACC-00021,ACC-00310,22678.86,2025-11-13T13:26:06,ATM,0,
TXN-0002074,ACC-00345,ACC-00476,40202.89,2025-12-25T15:02:49,IMPS,0,
TXN-0002075,ACC-00462,ACC-00115,3586.62,2025-10-17T23:20:47,UPI,0,
TXN-0002076,ACC-00429,ACC-00068,34130.45,2025-11-19T20:58:17,UPI,0,
TXN-0002077,ACC-00026,ACC-00216,40004.8,2025-11-18T02:37:01,UPI,0,
TXN-0002078,ACC-00191,ACC-00496,749.33,2025-10-11T23:51:11,UPI,0,
TXN-0002079,ACC-00347,ACC-00127,6993.77,2025-12-20T18:03:46,NEFT,0,
TXN-0002080,ACC-00392,ACC-00439,75589.68,2025-10-12T10:38:46,UPI,0,
TXN-0002081,ACC-00247,ACC-00150,72889.93,2025-10-26T16:54:50,UPI,0,
TXN-0002082,ACC-00377,ACC-00323,4552.29,2025-11-25T05:29:52,UPI,0,
TXN-0002083,ACC-00472,ACC-00156,48300.95,2025-12-02T10:14:13,NEFT,0,
TXN-0002084,ACC-00457,ACC-00018,228738.11,2025-11-14T23:00:03,RTGS,0,
TXN-0002085,ACC-00434,ACC-00249,147079.91,2025-10-06T13:58:37,UPI,0,
TXN-0002086,ACC-00315,ACC-00235,30591.75,2025-11-01T21:34:52,UPI,0,
TXN-0002087,ACC-00054,ACC-00002,15640.87,2025-11-03T22:54:38,RTGS,0,
TXN-0002088,ACC-00095,ACC-00205,11698.08,2025-11-04T10:07:12,UPI,0,
TXN-0002089,ACC-00220,ACC-00251,84294.81,2025-10-20T04:18:42,UPI,0,
TXN-0002090,ACC-00263,ACC-00460,51595.37,2025-10-15T22:10:18,NEFT,0,
TXN-0002091,ACC-00467,ACC-00249,112749.88,2025-10-01T16:06:09,UPI,0,
TXN-0002092,ACC-00336,ACC-00128,46044.93,2025-10-22T22:50:24,NEFT,0,
TXN-0002093,ACC-00191,ACC-00153,158542.05,2025-11-05T09:20:11,NEFT,0,
TXN-0002094,ACC-00093,ACC-00274,43056.42,2025-12-18T19:02:03,UPI,0,
TXN-0002095,ACC-00224,ACC-00336,149110.02,2025-12-21T11:50:40,NEFT,0,
TXN-0002096,ACC-00071,ACC-00181,174116.69,2025-12-12T12:50:54,NEFT,0,
TXN-0002097,ACC-00183,ACC-00452,8534.33,2025-12-24T12:26:41,IMPS,0,
TXN-0002098,ACC-00056,ACC-00097,1401.56,2025-10-28T15:51:52,UPI,0,
TXN-0002099,ACC-00202,ACC-00215,584368.55,2025-12-12T05:28:06,UPI,0,
TXN-0002100,ACC-00016,ACC-00082,57640.79,2025-12-04T16:22:11,UPI,0,
TXN-0002101,ACC-00245,ACC-00491,1658.93,2025-12-04T14:07:41,ATM,0,
TXN-0002102,ACC-00060,ACC-00215,10047.96,2025-11-17T11:36:38,NEFT,0,
TXN-0002103,ACC-00409,ACC-00349,145710.01,2025-12-09T08:29:18,UPI,0,
TXN-0002104,ACC-00384,ACC-00391,21951.3,2025-12-15T18:19:05,RTGS,0,
TXN-0002105,ACC-00256,ACC-00371,14447.68,2025-12-29T16:03:13,IMPS,0,
TXN-0002106,ACC-00422,ACC-00199,452067.76,2025-10-13T18:13:31,UPI,0,
TXN-0002107,ACC-00055,ACC-00405,5513.1,2025-10-03T01:17:17,UPI,0,
TXN-0002108,ACC-00176,ACC-00256,8632.8,2025-10-02T07:48:15,IMPS,0,
TXN-0002109,ACC-00121,ACC-00026,53129.93,2025-12-05T20:34:39,IMPS,0,
TXN-0002110,ACC-00219,ACC-00499,73336.88,2025-11-27T23:18:47,IMPS,0,
TXN-0002111,ACC-00222,ACC-00245,88735.69,2025-10-29T02:30:22,UPI,0,
TXN-0002112,ACC-00042,ACC-00389,187255.35,2025-11-11T15:31:49,UPI,0,
TXN-0002113,ACC-00078,ACC-00373,51919.07,2025-11-19T15:16:30,UPI,0,
TXN-0002114,ACC-00143,ACC-00392,87631.09,2025-10-12T04:00:57,RTGS,0,
TXN-0002115,ACC-00358,ACC-00126,22775.11,2025-12-04T16:39:44,IMPS,0,
TXN-0002116,ACC-00101,ACC-00242,40654.18,2025-12-08T14:10:23,IMPS,0,
TXN-0002117,ACC-00052,ACC-00358,44071.19,2025-12-10T22:05:15,NEFT,0,
TXN-0002118,ACC-00092,ACC-00096,53486.08,2025-12-22T23:59:45,NEFT,0,
TXN-0002119,ACC-00324,ACC-00076,145884.67,2025-10-23T06:30:14,UPI,0,
TXN-0002120,ACC-00205,ACC-00019,98642.97,2025-10-27T14:08:37,ATM,0,
TXN-0002121,ACC-00475,ACC-00074,39324.01,2025-11-11T09:21:28,UPI,0,
TXN-0002122,ACC-00102,ACC-00046,8463.97,2025-12-23T22:04:54,UPI,0,
TXN-0002123,ACC-00208,ACC-00268,41019.72,2025-10-30T18:04:14,IMPS,0,
TXN-0002124,ACC-00118,ACC-00113,34529.45,2025-11-02T15:21:04,NEFT,0,
TXN-0002125,ACC-00031,ACC-00261,51417.14,2025-11-11T11:09:06,NEFT,0,
TXN-0002126,ACC-00155,ACC-00056,1927521.53,2025-10-27T03:23:19,UPI,0,
TXN-0002127,ACC-00482,ACC-00179,14146.31,2025-12-09T02:06:52,NEFT,0,
TXN-0002128,ACC-00163,ACC-00458,77661.91,2025-10-05T14:48:51,UPI,0,
TXN-0002129,ACC-00000,ACC-00026,248508.35,2025-12-04T02:54:54,IMPS,0,
TXN-0002130,ACC-00108,ACC-00146,43321.46,2025-11-15T19:58:30,UPI,0,
TXN-0002131,ACC-00310,ACC-00051,2441495.24,2025-11-11T20:05:14,UPI,0,
TXN-0002132,ACC-00485,ACC-00251,18389.39,2025-11-05T07:12:20,UPI,0,
TXN-0002133,ACC-00057,ACC-00049,65079.22,2025-12-04T22:45:38,UPI,0,
TXN-0002134,ACC-00282,ACC-00394,8622.67,2025-12-23T16:32:44,UPI,0,
TXN-0002135,ACC-00184,ACC-00379,19288.33,2025-12-18T15:31:08,UPI,0,
TXN-0002136,ACC-00398,ACC-00301,56844.86,2025-11-21T08:20:16,NEFT,0,
TXN-0002137,ACC-00121,ACC-00332,166599.38,2025-10-27T19:00:10,UPI,0,
TXN-0002138,ACC-00196,ACC-00044,64496.79,2025-12-26T03:18:41,UPI,0,
TXN-0002139,ACC-00322,ACC-00380,350251.49,2025-11-28T10:22:38,UPI,0,
TXN-0002140,ACC-00300,ACC-00495,30609.4,2025-12-28T13:31:33,RTGS,0,
TXN-0002141,ACC-00418,ACC-00097,19972.2,2025-10-19T17:33:13,IMPS,0,
TXN-0002142,ACC-00473,ACC-00050,4719310.15,2025-10-08T06:28:55,RTGS,0,
TXN-0002143,ACC-00316,ACC-00175,73837.93,2025-10-30T06:29:27,IMPS,0,
TXN-0002144,ACC-00389,ACC-00103,9946.07,2025-11-21T19:16:45,IMPS,0,
TXN-0002145,ACC-00022,ACC-00065,10407.95,2025-10-19T14:42:32,NEFT,0,
TXN-0002146,ACC-00364,ACC-00129,6655.35,2025-12-26T13:32:50,RTGS,0,
TXN-0002147,ACC-00436,ACC-00433,195991.16,2025-12-28T01:01:54,NEFT,0,
TXN-0002148,ACC-00177,ACC-00458,18847.22,2025-11-05T12:52:11,NEFT,0,
TXN-0002149,ACC-00367,ACC-00060,45672.54,2025-12-28T10:25:56,NEFT,0,
TXN-0002150,ACC-00247,ACC-00214,32392.57,2025-11-20T20:27:20,RTGS,0,
TXN-0002151,ACC-00257,ACC-00404,135494.5,2025-10-03T02:58:19,UPI,0,
TXN-0002152,ACC-00140,ACC-00356,7909.82,2025-10-13T12:26:18,UPI,0,
TXN-0002153,ACC-00489,ACC-00289,5239.44,2025-10-06T21:39:31,IMPS,0,
TXN-0002154,ACC-00355,ACC-00097,54379.1,2025-12-11T21:59:29,IMPS,0,
TXN-0002155,ACC-00253,ACC-00350,107122.33,2025-11-21T16:44:40,RTGS,0,
TXN-0002156,ACC-00497,ACC-00038,66075.82,2025-10-17T01:41:07,NEFT,0,
TXN-0002157,ACC-00260,ACC-00196,8458.98,2025-11-24T14:43:00,IMPS,0,
TXN-0002158,ACC-00205,ACC-00310,122942.58,2025-10-27T08:37:38,UPI,0,
TXN-0002159,ACC-00001,ACC-00081,9519.05,2025-11-25T12:37:07,UPI,0,
TXN-0002160,ACC-00356,ACC-00004,14203.31,2025-12-25T08:34:46,RTGS,0,
TXN-0002161,ACC-00262,ACC-00233,6640.11,2025-11-18T21:58:49,IMPS,0,
TXN-0002162,ACC-00268,ACC-00132,377786.7,2025-10-30T10:59:48,RTGS,0,
TXN-0002163,ACC-00151,ACC-00362,113568.2,2025-10-27T01:41:04,NEFT,0,
TXN-0002164,ACC-00087,ACC-00114,107903.01,2025-10-05T10:17:05,NEFT,0,
TXN-0002165,ACC-00149,ACC-00020,342826.77,2025-12-02T02:24:42,UPI,0,
TXN-0002166,ACC-00452,ACC-00142,5738845.68,2025-10-13T21:50:44,UPI,0,
TXN-0002167,ACC-00404,ACC-00026,1674.71,2025-12-02T08:55:51,ATM,0,
TXN-0002168,ACC-00421,ACC-00107,9613.49,2025-11-21T21:41:47,UPI,0,
TXN-0002169,ACC-00332,ACC-00177,11978.69,2025-12-01T10:15:28,NEFT,0,
TXN-0002170,ACC-00188,ACC-00166,7852.01,2025-10-09T01:58:39,RTGS,0,
TXN-0002171,ACC-00452,ACC-00281,5220.51,2025-10-26T15:15:12,IMPS,0,
TXN-0002172,ACC-00209,ACC-00459,21176.02,2025-11-29T08:51:23,UPI,0,
TXN-0002173,ACC-00029,ACC-00320,4064.77,2025-12-19T05:14:11,UPI,0,
TXN-0002174,ACC-00182,ACC-00112,66375.03,2025-12-10T22:08:02,ATM,0,
TXN-0002175,ACC-00090,ACC-00131,39857.15,2025-10-02T12:26:25,NEFT,0,
TXN-0002176,ACC-00444,ACC-00398,86323.02,2025-12-15T18:43:39,NEFT,0,
TXN-0002177,ACC-00369,ACC-00381,90572.98,2025-12-06T19:25:30,UPI,0,
TXN-0002178,ACC-00334,ACC-00131,107517.87,2025-12-24T11:18:25,NEFT,0,
TXN-0002179,ACC-00309,ACC-00282,18543.3,2025-10-21T00:23:07,IMPS,0,
TXN-0002180,ACC-00112,ACC-00166,1652926.85,2025-10-27T02:20:03,UPI,0,
TXN-0002181,ACC-00322,ACC-00413,55380.12,2025-12-23T07:48:02,IMPS,0,
TXN-0002182,ACC-00079,ACC-00228,1270.96,2025-10-23T11:57:14,IMPS,0,
TXN-0002183,ACC-00222,ACC-00188,5977.3,2025-10-15T09:38:37,RTGS,0,
TXN-0002184,ACC-00047,ACC-00253,1583.03,2025-10-18T14:57:25,NEFT,0,
TXN-0002185,ACC-00417,ACC-00441,37466.49,2025-10-18T02:22:02,UPI,0,
TXN-0002186,ACC-00251,ACC-00482,29165.76,2025-12-10T19:48:41,UPI,0,
TXN-0002187,ACC-00144,ACC-00010,15628.22,2025-10-31T02:43:32,UPI,0,
TXN-0002188,ACC-00090,ACC-00418,1355481.1,2025-11-08T06:32:46,IMPS,0,
TXN-0002189,ACC-00096,ACC-00035,97554.76,2025-10-14T22:25:52,UPI,0,
TXN-0002190,ACC-00125,ACC-00232,134185.31,2025-12-28T06:25:44,NEFT,0,
TXN-0002191,ACC-00206,ACC-00051,6795.85,2025-12-10T07:45:26,NEFT,0,
TXN-0002192,ACC-00372,ACC-00384,6012.16,2025-12-18T10:45:34,UPI,0,
TXN-0002193,ACC-00051,ACC-00193,38802.89,2025-11-07T06:45:46,UPI,0,
TXN-0002194,ACC-00423,ACC-00006,49583.47,2025-12-14T02:57:27,IMPS,0,
TXN-0002195,ACC-00478,ACC-00022,1285.16,2025-10-13T19:59:58,UPI,0,
TXN-0002196,ACC-00042,ACC-00137,26250.68,2025-10-14T20:21:54,RTGS,0,
TXN-0002197,ACC-00307,ACC-00006,37247.11,2025-12-16T22:25:36,ATM,0,
TXN-0002198,ACC-00490,ACC-00405,24654.91,2025-10-11T07:47:15,NEFT,0,
TXN-0002199,ACC-00418,ACC-00173,8399.25,2025-12-22T18:58:55,IMPS,0,
TXN-0002200,ACC-00103,ACC-00071,13750.59,2025-11-16T15:28:20,IMPS,0,
TXN-0002201,ACC-00456,ACC-00227,26414.11,2025-12-19T04:10:15,UPI,0,
TXN-0002202,ACC-00169,ACC-00245,42763.49,2025-10-16T00:02:31,UPI,0,
TXN-0002203,ACC-00278,ACC-00354,107863.83,2025-10-26T23:13:08,NEFT,0,
TXN-0002204,ACC-00063,ACC-00010,254114.74,2025-12-20T02:12:51,UPI,0,
TXN-0002205,ACC-00278,ACC-00151,21379.21,2025-10-10T22:59:46,NEFT,0,
TXN-0002206,ACC-00428,ACC-00212,15977.21,2025-10-14T18:29:58,UPI,0,
TXN-0002207,ACC-00114,ACC-00012,79840.02,2025-10-23T00:11:28,NEFT,0,
TXN-0002208,ACC-00075,ACC-00180,109045.54,2025-12-03T15:06:36,UPI,0,
TXN-0002209,ACC-00471,ACC-00450,16621.28,2025-12-06T10:48:29,UPI,0,
TXN-0002210,ACC-00452,ACC-00366,150649.05,2025-12-19T21:13:39,RTGS,0,
TXN-0002211,ACC-00251,ACC-00086,211769.48,2025-10-11T16:38:04,UPI,0,
TXN-0002212,ACC-00489,ACC-00144,371400.26,2025-11-04T16:35:15,UPI,0,
TXN-0002213,ACC-00170,ACC-00060,891782.58,2025-11-05T00:00:38,RTGS,0,
TXN-0002214,ACC-00470,ACC-00043,7634.64,2025-12-26T22:52:04,UPI,0,
TXN-0002215,ACC-00077,ACC-00091,37235.46,2025-11-11T14:46:35,NEFT,0,
TXN-0002216,ACC-00307,ACC-00092,37060.24,2025-12-05T23:11:39,NEFT,0,
TXN-0002217,ACC-00457,ACC-00341,30438.62,2025-12-06T17:12:01,UPI,0,
TXN-0002218,ACC-00418,ACC-00146,11286.1,2025-11-03T19:47:50,RTGS,0,
TXN-0002219,ACC-00138,ACC-00469,2504.86,2025-11-18T11:20:19,IMPS,0,
TXN-0002220,ACC-00477,ACC-00135,42908.4,2025-12-18T17:06:47,RTGS,0,
TXN-0002221,ACC-00408,ACC-00039,9108.47,2025-12-16T14:10:04,UPI,0,
TXN-0002222,ACC-00477,ACC-00076,42395.11,2025-12-15T12:22:05,IMPS,0,
TXN-0002223,ACC-00163,ACC-00075,8696.9,2025-11-07T22:09:46,NEFT,0,
TXN-0002224,ACC-00407,ACC-00402,5017.14,2025-11-16T10:49:38,IMPS,0,
TXN-0002225,ACC-00057,ACC-00295,55366.89,2025-11-11T12:02:16,ATM,0,
TXN-0002226,ACC-00142,ACC-00074,47650.99,2025-10-09T18:45:24,UPI,0,
TXN-0002227,ACC-00065,ACC-00093,103023.0,2025-12-14T12:29:13,UPI,0,
TXN-0002228,ACC-00163,ACC-00253,1857152.17,2025-11-11T03:36:01,NEFT,0,
TXN-0002229,ACC-00498,ACC-00211,59821.54,2025-11-28T10:09:47,IMPS,0,
TXN-0002230,ACC-00170,ACC-00070,86955.1,2025-12-17T21:07:25,RTGS,0,
TXN-0002231,ACC-00471,ACC-00125,5220.71,2025-11-07T04:53:10,NEFT,0,
TXN-0002232,ACC-00254,ACC-00275,3581.61,2025-11-21T19:46:32,NEFT,0,
TXN-0002233,ACC-00274,ACC-00420,627245.32,2025-10-23T08:12:20,UPI,0,
TXN-0002234,ACC-00297,ACC-00366,6889.38,2025-11-10T22:57:36,NEFT,0,
TXN-0002235,ACC-00397,ACC-00355,5546.38,2025-12-18T18:26:51,IMPS,0,
TXN-0002236,ACC-00359,ACC-00044,33847.55,2025-10-23T20:02:22,UPI,0,
TXN-0002237,ACC-00104,ACC-00435,30873.51,2025-10-02T15:58:23,UPI,0,
TXN-0002238,ACC-00242,ACC-00490,7154.44,2025-10-13T23:17:36,RTGS,0,
TXN-0002239,ACC-00030,ACC-00466,20974.2,2025-11-03T22:02:19,UPI,0,
TXN-0002240,ACC-00434,ACC-00443,331995.37,2025-12-15T14:22:43,IMPS,0,
TXN-0002241,ACC-00150,ACC-00235,8511.82,2025-10-14T23:52:15,IMPS,0,
TXN-0002242,ACC-00282,ACC-00497,2955.4,2025-12-28T15:20:12,NEFT,0,
TXN-0002243,ACC-00107,ACC-00423,198127.99,2025-10-22T19:19:33,UPI,0,
TXN-0002244,ACC-00070,ACC-00060,88091.77,2025-12-07T13:17:11,IMPS,0,
TXN-0002245,ACC-00193,ACC-00375,11885.41,2025-10-03T13:23:33,IMPS,0,
TXN-0002246,ACC-00217,ACC-00190,2105.06,2025-10-06T06:01:23,IMPS,0,
TXN-0002247,ACC-00339,ACC-00297,9506.0,2025-10-08T03:53:50,NEFT,0,
TXN-0002248,ACC-00304,ACC-00445,32910.01,2025-10-16T08:34:12,UPI,0,
TXN-0002249,ACC-00187,ACC-00072,296028.13,2025-10-08T16:04:03,UPI,0,
TXN-0002250,ACC-00006,ACC-00291,5620.37,2025-12-20T16:31:43,IMPS,0,
TXN-0002251,ACC-00076,ACC-00391,31190.36,2025-10-18T17:04:47,NEFT,0,
TXN-0002252,ACC-00071,ACC-00383,122425.8,2025-11-21T05:02:51,IMPS,0,
TXN-0002253,ACC-00153,ACC-00240,499.56,2025-11-09T22:55:00,IMPS,0,
TXN-0002254,ACC-00227,ACC-00400,233471.46,2025-12-02T14:36:09,IMPS,0,
TXN-0002255,ACC-00146,ACC-00056,4322.5,2025-10-16T03:14:37,UPI,0,
TXN-0002256,ACC-00328,ACC-00016,66012.0,2025-11-28T15:49:35,IMPS,0,
TXN-0002257,ACC-00257,ACC-00082,56615.02,2025-10-02T01:19:23,UPI,0,
TXN-0002258,ACC-00216,ACC-00348,255826.69,2025-12-25T01:10:23,NEFT,0,
TXN-0002259,ACC-00364,ACC-00424,97896.29,2025-10-26T01:18:36,RTGS,0,
TXN-0002260,ACC-00256,ACC-00156,503.14,2025-12-08T20:54:42,UPI,0,
TXN-0002261,ACC-00476,ACC-00080,8843.14,2025-10-27T09:24:15,ATM,0,
TXN-0002262,ACC-00267,ACC-00193,46572.67,2025-10-13T03:34:54,IMPS,0,
TXN-0002263,ACC-00205,ACC-00316,25566.45,2025-10-06T10:28:55,UPI,0,
TXN-0002264,ACC-00094,ACC-00421,85793.57,2025-12-12T10:17:45,ATM,0,
TXN-0002265,ACC-00309,ACC-00430,150370.84,2025-10-08T11:54:38,IMPS,0,
TXN-0002266,ACC-00239,ACC-00244,108576.81,2025-10-31T09:47:05,IMPS,0,
TXN-0002267,ACC-00207,ACC-00423,24693.74,2025-11-06T22:33:34,UPI,0,
TXN-0002268,ACC-00411,ACC-00190,1308.44,2025-12-02T18:47:49,NEFT,0,
TXN-0002269,ACC-00138,ACC-00055,15996.64,2025-10-11T03:16:11,UPI,0,
TXN-0002270,ACC-00308,ACC-00398,76838.62,2025-12-22T04:44:33,UPI,0,
TXN-0002271,ACC-00122,ACC-00144,5101.02,2025-10-16T19:15:33,NEFT,0,
TXN-0002272,ACC-00033,ACC-00108,113130.19,2025-11-27T23:22:08,UPI,0,
TXN-0002273,ACC-00465,ACC-00158,186298.95,2025-10-19T05:28:29,NEFT,0,
TXN-0002274,ACC-00326,ACC-00475,45631.82,2025-10-04T03:25:12,UPI,0,
TXN-0002275,ACC-00043,ACC-00291,146.23,2025-11-24T20:04:19,UPI,0,
TXN-0002276,ACC-00404,ACC-00247,3638.92,2025-10-05T10:26:36,UPI,0,
TXN-0002277,ACC-00047,ACC-00483,1082886.25,2025-10-30T23:06:05,UPI,0,
TXN-0002278,ACC-00182,ACC-00384,13578.35,2025-10-28T10:02:41,ATM,0,
TXN-0002279,ACC-00256,ACC-00099,1021.0,2025-10-31T12:46:26,IMPS,0,
TXN-0002280,ACC-00371,ACC-00182,335522.84,2025-10-13T13:47:46,IMPS,0,
TXN-0002281,ACC-00049,ACC-00169,37199.11,2025-11-09T13:02:47,RTGS,0,
TXN-0002282,ACC-00257,ACC-00051,265373.32,2025-11-18T18:09:26,IMPS,0,
TXN-0002283,ACC-00076,ACC-00012,59785.93,2025-11-27T00:13:05,IMPS,0,
TXN-0002284,ACC-00244,ACC-00300,82901.34,2025-12-24T08:28:46,RTGS,0,
TXN-0002285,ACC-00148,ACC-00082,69801.91,2025-10-15T17:06:31,IMPS,0,
TXN-0002286,ACC-00040,ACC-00453,127449.94,2025-11-30T18:34:32,UPI,0,
TXN-0002287,ACC-00367,ACC-00118,2189918.33,2025-12-25T20:48:22,UPI,0,
TXN-0002288,ACC-00348,ACC-00334,208524.41,2025-10-14T16:14:01,IMPS,0,
TXN-0002289,ACC-00082,ACC-00493,2112.0,2025-11-18T16:51:32,NEFT,0,
TXN-0002290,ACC-00373,ACC-00311,81144.82,2025-12-03T05:51:36,NEFT,0,
TXN-0002291,ACC-00393,ACC-00174,283414.39,2025-11-13T10:42:16,IMPS,0,
TXN-0002292,ACC-00173,ACC-00148,316431.31,2025-11-04T23:35:52,NEFT,0,
TXN-0002293,ACC-00481,ACC-00220,16850.09,2025-10-04T21:14:12,RTGS,0,
TXN-0002294,ACC-00396,ACC-00349,295640.66,2025-11-07T15:15:11,UPI,0,
TXN-0002295,ACC-00312,ACC-00310,192901.76,2025-10-08T06:45:31,ATM,0,
TXN-0002296,ACC-00290,ACC-00321,3724828.57,2025-11-18T07:18:43,UPI,0,
TXN-0002297,ACC-00007,ACC-00073,9414.41,2025-12-14T09:38:55,RTGS,0,
TXN-0002298,ACC-00280,ACC-00444,14569.4,2025-12-17T10:02:13,IMPS,0,
TXN-0002299,ACC-00044,ACC-00255,20930.98,2025-10-10T03:18:05,NEFT,0,
TXN-0002300,ACC-00086,ACC-00478,15026.94,2025-10-29T16:49:01,UPI,0,
TXN-0002301,ACC-00143,ACC-00295,7317.05,2025-11-05T06:36:58,UPI,0,
TXN-0002302,ACC-00036,ACC-00091,251.43,2025-12-08T23:56:46,IMPS,0,
TXN-0002303,ACC-00132,ACC-00242,16606.36,2025-10-25T20:35:04,IMPS,0,
TXN-0002304,ACC-00226,ACC-00332,70604.17,2025-12-29T17:27:02,UPI,0,
TXN-0002305,ACC-00063,ACC-00497,14946.03,2025-11-25T05:14:41,NEFT,0,
TXN-0002306,ACC-00186,ACC-00439,1183144.32,2025-10-28T19:53:05,NEFT,0,
TXN-0002307,ACC-00438,ACC-00317,37200.46,2025-12-29T01:05:28,IMPS,0,
TXN-0002308,ACC-00225,ACC-00187,370961.03,2025-11-19T18:09:47,IMPS,0,
TXN-0002309,ACC-00487,ACC-00160,58136.95,2025-11-06T06:44:41,UPI,0,
TXN-0002310,ACC-00211,ACC-00259,160738.35,2025-11-13T16:47:27,UPI,0,
TXN-0002311,ACC-00448,ACC-00349,60032.11,2025-10-05T03:26:28,NEFT,0,
TXN-0002312,ACC-00329,ACC-00029,426689.7,2025-12-11T22:45:15,IMPS,0,
TXN-0002313,ACC-00358,ACC-00420,40162.57,2025-11-24T10:45:34,UPI,0,
TXN-0002314,ACC-00436,ACC-00053,88700.19,2025-10-29T05:17:17,UPI,0,
TXN-0002315,ACC-00291,ACC-00204,70220.76,2025-12-22T21:33:58,UPI,0,
TXN-0002316,ACC-00198,ACC-00447,21613.78,2025-11-14T21:11:13,IMPS,0,
TXN-0002317,ACC-00178,ACC-00238,75279.88,2025-11-15T11:39:28,NEFT,0,
TXN-0002318,ACC-00460,ACC-00418,2026651.02,2025-11-15T03:11:09,UPI,0,
TXN-0002319,ACC-00092,ACC-00374,22321.05,2025-10-11T12:28:11,RTGS,0,
TXN-0002320,ACC-00472,ACC-00203,77268.13,2025-12-14T14:04:28,NEFT,0,
TXN-0002321,ACC-00205,ACC-00168,349410.28,2025-10-07T06:13:46,UPI,0,
TXN-0002322,ACC-00309,ACC-00248,282788.88,2025-10-21T15:28:33,IMPS,0,
TXN-0002323,ACC-00243,ACC-00058,37089.51,2025-10-28T00:39:39,NEFT,0,
TXN-0002324,ACC-00279,ACC-00079,497.65,2025-11-15T15:06:13,UPI,0,
TXN-0002325,ACC-00109,ACC-00163,92047.96,2025-11-25T04:01:02,UPI,0,
TXN-0002326,ACC-00307,ACC-00396,668.44,2025-11-06T22:07:40,UPI,0,
TXN-0002327,ACC-00413,ACC-00185,511901.25,2025-12-16T15:48:22,NEFT,0,
TXN-0002328,ACC-00242,ACC-00109,49269.13,2025-10-06T06:00:35,UPI,0,
TXN-0002329,ACC-00011,ACC-00487,219567.12,2025-12-13T15:42:15,IMPS,0,
TXN-0002330,ACC-00138,ACC-00129,7159.53,2025-12-01T17:15:31,UPI,0,
TXN-0002331,ACC-00072,ACC-00035,2220.5,2025-10-27T14:14:44,NEFT,0,
TXN-0002332,ACC-00152,ACC-00447,58067.3,2025-12-09T03:33:42,NEFT,0,
TXN-0002333,ACC-00214,ACC-00268,34184.03,2025-10-21T18:54:02,IMPS,0,
TXN-0002334,ACC-00132,ACC-00094,14991.32,2025-12-20T15:19:10,UPI,0,
TXN-0002335,ACC-00458,ACC-00461,42293.57,2025-11-11T14:33:26,UPI,0,
TXN-0002336,ACC-00385,ACC-00152,5290295.2,2025-10-16T23:23:25,UPI,0,
TXN-0002337,ACC-00482,ACC-00214,163104.44,2025-11-16T18:16:05,NEFT,0,
TXN-0002338,ACC-00352,ACC-00401,240168.85,2025-10-16T14:25:58,ATM,0,
TXN-0002339,ACC-00223,ACC-00181,165891.03,2025-12-28T14:30:25,IMPS,0,
TXN-0002340,ACC-00199,ACC-00421,520753.38,2025-10-01T23:08:31,NEFT,0,
TXN-0002341,ACC-00457,ACC-00305,25793.32,2025-10-20T06:40:41,UPI,0,
TXN-0002342,ACC-00341,ACC-00296,899.13,2025-11-29T20:34:40,UPI,0,
TXN-0002343,ACC-00340,ACC-00421,25862.39,2025-12-11T07:10:29,IMPS,0,
TXN-0002344,ACC-00377,ACC-00375,156548.99,2025-10-31T17:32:02,UPI,0,
TXN-0002345,ACC-00459,ACC-00234,6338.26,2025-10-15T07:40:07,NEFT,0,
TXN-0002346,ACC-00162,ACC-00058,26437.57,2025-12-16T21:31:58,ATM,0,
TXN-0002347,ACC-00208,ACC-00134,10454.78,2025-11-20T13:17:58,IMPS,0,
TXN-0002348,ACC-00230,ACC-00482,542342.31,2025-12-20T19:53:26,RTGS,0,
TXN-0002349,ACC-00324,ACC-00230,139947.5,2025-12-02T00:46:59,ATM,0,
TXN-0002350,ACC-00049,ACC-00018,117333.21,2025-10-22T05:25:40,IMPS,0,
TXN-0002351,ACC-00096,ACC-00215,111177.4,2025-12-07T14:50:13,NEFT,0,
TXN-0002352,ACC-00085,ACC-00307,33960.43,2025-11-06T15:46:14,UPI,0,
TXN-0002353,ACC-00107,ACC-00487,51823.62,2025-10-19T13:25:57,ATM,0,
TXN-0002354,ACC-00295,ACC-00489,4301.28,2025-10-02T09:29:12,UPI,0,
TXN-0002355,ACC-00186,ACC-00008,709.39,2025-10-30T07:34:53,RTGS,0,
TXN-0002356,ACC-00257,ACC-00419,47578.97,2025-12-24T06:01:22,UPI,0,
TXN-0002357,ACC-00255,ACC-00332,65067.63,2025-11-14T06:33:04,NEFT,0,
TXN-0002358,ACC-00180,ACC-00424,320192.04,2025-11-22T16:02:23,NEFT,0,
TXN-0002359,ACC-00498,ACC-00391,614401.85,2025-11-02T14:31:57,UPI,0,
TXN-0002360,ACC-00090,ACC-00234,612924.64,2025-11-11T14:12:22,UPI,0,
TXN-0002361,ACC-00283,ACC-00304,6024.31,2025-10-16T19:01:06,NEFT,0,
TXN-0002362,ACC-00195,ACC-00145,19262.64,2025-12-22T01:12:22,IMPS,0,
TXN-0002363,ACC-00348,ACC-00223,86215.2,2025-12-01T13:34:37,UPI,0,
TXN-0002364,ACC-00317,ACC-00480,3462247.21,2025-12-29T19:43:19,RTGS,0,
TXN-0002365,ACC-00050,ACC-00044,521350.88,2025-12-18T05:58:32,IMPS,0,
TXN-0002366,ACC-00045,ACC-00332,272369.5,2025-10-02T14:16:35,NEFT,0,
TXN-0002367,ACC-00210,ACC-00053,18069.52,2025-11-18T04:42:26,IMPS,0,
TXN-0002368,ACC-00319,ACC-00474,7407.44,2025-11-22T21:19:17,UPI,0,
TXN-0002369,ACC-00227,ACC-00257,150246.75,2025-11-26T10:22:20,IMPS,0,
TXN-0002370,ACC-00341,ACC-00148,5008.09,2025-12-22T16:37:01,NEFT,0,
TXN-0002371,ACC-00114,ACC-00397,23642.82,2025-11-14T03:21:51,NEFT,0,
TXN-0002372,ACC-00058,ACC-00100,29537.02,2025-12-23T03:25:22,NEFT,0,
TXN-0002373,ACC-00063,ACC-00179,638732.97,2025-12-17T01:34:27,RTGS,0,
TXN-0002374,ACC-00211,ACC-00464,19178.49,2025-12-19T15:42:44,NEFT,0,
TXN-0002375,ACC-00401,ACC-00379,450.05,2025-11-08T10:18:02,UPI,0,
TXN-0002376,ACC-00191,ACC-00400,90039.2,2025-10-22T17:48:36,NEFT,0,
TXN-0002377,ACC-00137,ACC-00450,10319.19,2025-12-03T22:50:23,UPI,0,
TXN-0002378,ACC-00429,ACC-00462,39211.91,2025-12-17T04:48:22,RTGS,0,
TXN-0002379,ACC-00344,ACC-00123,31067.94,2025-10-01T09:41:16,RTGS,0,
TXN-0002380,ACC-00212,ACC-00016,22188.58,2025-10-02T12:11:15,UPI,0,
TXN-0002381,ACC-00404,ACC-00191,150634.71,2025-12-21T15:08:06,IMPS,0,
TXN-0002382,ACC-00419,ACC-00379,2300.41,2025-11-28T05:58:29,UPI,0,
TXN-0002383,ACC-00087,ACC-00491,14319.46,2025-11-25T13:17:36,ATM,0,
TXN-0002384,ACC-00123,ACC-00284,124401.34,2025-11-07T23:56:25,UPI,0,
TXN-0002385,ACC-00329,ACC-00201,12023.85,2025-12-20T10:39:40,UPI,0,
TXN-0002386,ACC-00477,ACC-00295,2006.5,2025-11-11T15:52:52,UPI,0,
TXN-0002387,ACC-00325,ACC-00199,120982.31,2025-12-10T16:37:32,UPI,0,
TXN-0002388,ACC-00462,ACC-00162,274188.29,2025-11-20T05:20:34,UPI,0,
TXN-0002389,ACC-00118,ACC-00050,33490.22,2025-12-08T22:28:40,IMPS,0,
TXN-0002390,ACC-00258,ACC-00060,1064.73,2025-12-01T07:21:51,NEFT,0,
TXN-0002391,ACC-00200,ACC-00431,129410.6,2025-12-13T23:59:21,NEFT,0,
TXN-0002392,ACC-00133,ACC-00428,1830.24,2025-11-23T16:21:47,UPI,0,
TXN-0002393,ACC-00165,ACC-00104,63312.54,2025-10-10T01:17:54,UPI,0,
TXN-0002394,ACC-00223,ACC-00005,7350.81,2025-12-01T01:25:46,IMPS,0,
TXN-0002395,ACC-00078,ACC-00014,4502.06,2025-11-30T00:16:35,IMPS,0,
TXN-0002396,ACC-00471,ACC-00497,16392.22,2025-10-08T15:33:11,NEFT,0,
TXN-0002397,ACC-00012,ACC-00380,26109.76,2025-12-11T06:44:17,UPI,0,
TXN-0002398,ACC-00232,ACC-00324,11389.25,2025-12-01T07:30:20,IMPS,0,
TXN-0002399,ACC-00095,ACC-00122,104785.0,2025-12-03T08:29:17,RTGS,0,
TXN-0002400,ACC-00152,ACC-00099,16269.95,2025-11-21T23:36:45,IMPS,0,
TXN-0002401,ACC-00371,ACC-00399,212000.43,2025-12-18T08:40:23,IMPS,0,
TXN-0002402,ACC-00394,ACC-00133,60241.19,2025-12-04T00:10:54,UPI,0,
TXN-0002403,ACC-00042,ACC-00478,10346.43,2025-10-14T23:00:26,NEFT,0,
TXN-0002404,ACC-00326,ACC-00296,7641.19,2025-12-24T04:06:51,UPI,0,
TXN-0002405,ACC-00235,ACC-00474,1871.52,2025-11-27T20:32:04,UPI,0,
TXN-0002406,ACC-00072,ACC-00144,61286.8,2025-10-26T10:29:30,RTGS,0,
TXN-0002407,ACC-00047,ACC-00039,19182.28,2025-11-17T23:40:27,IMPS,0,
TXN-0002408,ACC-00467,ACC-00429,507.78,2025-10-21T04:36:39,UPI,0,
TXN-0002409,ACC-00251,ACC-00407,13845.47,2025-10-03T03:09:48,NEFT,0,
TXN-0002410,ACC-00249,ACC-00491,7173.43,2025-11-30T17:56:47,UPI,0,
TXN-0002411,ACC-00351,ACC-00214,619222.33,2025-11-06T10:24:21,RTGS,0,
TXN-0002412,ACC-00324,ACC-00465,1694.26,2025-11-13T18:37:23,IMPS,0,
TXN-0002413,ACC-00092,ACC-00152,2712.34,2025-10-01T23:37:42,RTGS,0,
TXN-0002414,ACC-00337,ACC-00290,267786.52,2025-12-01T06:50:01,NEFT,0,
TXN-0002415,ACC-00016,ACC-00060,417555.89,2025-11-03T06:48:22,ATM,0,
TXN-0002416,ACC-00247,ACC-00314,9499.84,2025-11-28T06:05:04,NEFT,0,
TXN-0002417,ACC-00081,ACC-00267,11640.5,2025-12-12T00:16:43,UPI,0,
TXN-0002418,ACC-00062,ACC-00098,110108.74,2025-11-28T20:20:25,UPI,0,
TXN-0002419,ACC-00011,ACC-00265,550.72,2025-11-19T16:27:05,IMPS,0,
TXN-0002420,ACC-00110,ACC-00443,1273.92,2025-11-05T10:15:24,UPI,0,
TXN-0002421,ACC-00111,ACC-00015,21909.59,2025-11-01T19:13:22,UPI,0,
TXN-0002422,ACC-00042,ACC-00372,591136.96,2025-12-07T03:32:55,RTGS,0,
TXN-0002423,ACC-00137,ACC-00140,16575.58,2025-11-16T18:09:02,UPI,0,
TXN-0002424,ACC-00047,ACC-00178,43550.93,2025-12-08T17:57:15,NEFT,0,
TXN-0002425,ACC-00150,ACC-00239,279517.64,2025-12-12T08:25:44,IMPS,0,
TXN-0002426,ACC-00223,ACC-00262,1611043.27,2025-11-08T19:55:57,RTGS,0,
TXN-0002427,ACC-00128,ACC-00088,12857.37,2025-10-20T05:05:07,IMPS,0,
TXN-0002428,ACC-00454,ACC-00367,35231.43,2025-10-28T06:58:13,ATM,0,
TXN-0002429,ACC-00052,ACC-00298,964822.47,2025-12-17T00:10:51,IMPS,0,
TXN-0002430,ACC-00159,ACC-00084,2345.0,2025-12-17T02:23:09,UPI,0,
TXN-0002431,ACC-00369,ACC-00249,230878.28,2025-11-12T02:03:43,RTGS,0,
TXN-0002432,ACC-00216,ACC-00305,5808.24,2025-12-12T12:49:15,UPI,0,
TXN-0002433,ACC-00163,ACC-00318,43671.47,2025-10-11T10:37:51,NEFT,0,
TXN-0002434,ACC-00219,ACC-00102,23465.48,2025-11-25T01:32:12,UPI,0,
TXN-0002435,ACC-00459,ACC-00323,6474.19,2025-12-19T13:12:16,UPI,0,
TXN-0002436,ACC-00085,ACC-00455,6188.31,2025-10-04T06:39:59,ATM,0,
TXN-0002437,ACC-00129,ACC-00300,59727.38,2025-11-09T18:55:20,UPI,0,
TXN-0002438,ACC-00423,ACC-00449,217939.07,2025-12-02T15:11:13,ATM,0,
TXN-0002439,ACC-00271,ACC-00180,28752.35,2025-11-08T16:07:18,UPI,0,
TXN-0002440,ACC-00092,ACC-00414,41200.42,2025-11-01T07:54:05,NEFT,0,
TXN-0002441,ACC-00095,ACC-00183,101530.38,2025-10-24T19:37:57,UPI,0,
TXN-0002442,ACC-00336,ACC-00190,6317.55,2025-11-06T02:44:22,UPI,0,
TXN-0002443,ACC-00160,ACC-00062,137509.26,2025-10-01T22:26:47,UPI,0,
TXN-0002444,ACC-00005,ACC-00367,158707.41,2025-11-01T22:19:16,UPI,0,
TXN-0002445,ACC-00290,ACC-00407,3939354.12,2025-11-01T05:17:31,RTGS,0,
TXN-0002446,ACC-00287,ACC-00033,18453.56,2025-11-07T10:29:30,UPI,0,
TXN-0002447,ACC-00108,ACC-00269,15921.93,2025-10-22T02:43:35,UPI,0,
TXN-0002448,ACC-00142,ACC-00366,144949.19,2025-11-29T00:31:11,RTGS,0,
TXN-0002449,ACC-00413,ACC-00440,158639.17,2025-12-05T04:20:49,UPI,0,
TXN-0002450,ACC-00457,ACC-00330,13861.12,2025-11-10T22:44:56,IMPS,0,
TXN-0002451,ACC-00222,ACC-00162,17576.31,2025-12-18T23:20:47,UPI,0,
TXN-0002452,ACC-00100,ACC-00025,96185.65,2025-12-17T22:29:06,NEFT,0,
TXN-0002453,ACC-00023,ACC-00140,8187.37,2025-11-10T21:33:14,UPI,0,
TXN-0002454,ACC-00231,ACC-00087,17344.64,2025-11-28T09:26:06,UPI,0,
TXN-0002455,ACC-00196,ACC-00121,42670.67,2025-11-25T23:08:29,UPI,0,
TXN-0002456,ACC-00009,ACC-00329,218095.79,2025-12-16T01:14:03,RTGS,0,
TXN-0002457,ACC-00002,ACC-00466,12230.92,2025-11-14T20:00:23,UPI,0,
TXN-0002458,ACC-00430,ACC-00495,1317.79,2025-11-09T02:37:01,UPI,0,
TXN-0002459,ACC-00273,ACC-00470,1153.0,2025-11-21T05:11:45,UPI,0,
TXN-0002460,ACC-00330,ACC-00008,3763.32,2025-10-07T17:50:23,NEFT,0,
TXN-0002461,ACC-00424,ACC-00410,3416.25,2025-11-10T07:12:13,IMPS,0,
TXN-0002462,ACC-00140,ACC-00162,27493.38,2025-12-13T04:13:49,UPI,0,
TXN-0002463,ACC-00040,ACC-00284,4272.76,2025-12-15T04:58:48,UPI,0,
TXN-0002464,ACC-00313,ACC-00024,10250.08,2025-11-08T04:31:10,UPI,0,
TXN-0002465,ACC-00232,ACC-00252,9015.0,2025-12-22T09:32:59,NEFT,0,
TXN-0002466,ACC-00466,ACC-00062,16433.64,2025-12-21T20:30:31,UPI,0,
TXN-0002467,ACC-00316,ACC-00052,392584.78,2025-10-03T20:14:47,UPI,0,
TXN-0002468,ACC-00422,ACC-00005,119551.88,2025-10-14T11:16:28,UPI,0,
TXN-0002469,ACC-00165,ACC-00441,37385.3,2025-12-06T18:13:17,IMPS,0,
TXN-0002470,ACC-00115,ACC-00087,15837.77,2025-10-09T13:05:37,UPI,0,
TXN-0002471,ACC-00461,ACC-00415,16650.26,2025-11-05T19:33:05,IMPS,0,
TXN-0002472,ACC-00275,ACC-00002,65509.05,2025-12-06T19:43:06,RTGS,0,
TXN-0002473,ACC-00132,ACC-00452,103933.27,2025-12-16T05:03:07,UPI,0,
TXN-0002474,ACC-00024,ACC-00484,7088.92,2025-10-30T13:02:50,UPI,0,
TXN-0002475,ACC-00168,ACC-00352,38780.21,2025-11-29T11:48:44,IMPS,0,
TXN-0002476,ACC-00194,ACC-00138,937.38,2025-12-07T20:00:25,UPI,0,
TXN-0002477,ACC-00070,ACC-00298,53161.24,2025-11-14T17:29:39,UPI,0,
TXN-0002478,ACC-00163,ACC-00441,143181.54,2025-10-15T08:52:06,IMPS,0,
TXN-0002479,ACC-00454,ACC-00435,21935.83,2025-12-26T22:36:46,NEFT,0,
TXN-0002480,ACC-00228,ACC-00342,955269.32,2025-10-12T21:09:01,NEFT,0,
TXN-0002481,ACC-00123,ACC-00295,7433.64,2025-11-16T09:39:00,IMPS,0,
TXN-0002482,ACC-00499,ACC-00143,53712.06,2025-11-01T06:06:28,IMPS,0,
TXN-0002483,ACC-00247,ACC-00115,34047.62,2025-10-09T21:54:28,UPI,0,
TXN-0002484,ACC-00151,ACC-00364,30317.01,2025-10-09T00:55:28,UPI,0,
TXN-0002485,ACC-00427,ACC-00446,29561.26,2025-10-24T12:46:39,IMPS,0,
TXN-0002486,ACC-00376,ACC-00438,44037.16,2025-10-20T23:45:40,IMPS,0,
TXN-0002487,ACC-00038,ACC-00497,167096.33,2025-11-18T00:30:53,UPI,0,
TXN-0002488,ACC-00006,ACC-00343,433620.59,2025-10-21T23:37:55,NEFT,0,
TXN-0002489,ACC-00197,ACC-00096,36168.71,2025-11-17T08:17:47,UPI,0,
TXN-0002490,ACC-00106,ACC-00416,157561.15,2025-11-27T08:01:06,IMPS,0,
TXN-0002491,ACC-00263,ACC-00439,10268.33,2025-10-31T10:10:46,IMPS,0,
TXN-0002492,ACC-00159,ACC-00362,144165.87,2025-11-14T01:56:52,IMPS,0,
TXN-0002493,ACC-00434,ACC-00258,9213.41,2025-10-11T06:12:24,RTGS,0,
TXN-0002494,ACC-00112,ACC-00469,258638.83,2025-11-05T07:21:05,UPI,0,
TXN-0002495,ACC-00231,ACC-00444,1941853.68,2025-11-30T05:49:07,NEFT,0,
TXN-0002496,ACC-00399,ACC-00204,29151.13,2025-10-19T05:57:48,UPI,0,
TXN-0002497,ACC-00216,ACC-00084,701.64,2025-12-06T15:06:56,UPI,0,
TXN-0002498,ACC-00445,ACC-00295,13540.88,2025-12-02T22:50:30,UPI,0,
TXN-0002499,ACC-00236,ACC-00448,333492.36,2025-10-11T09:43:55,IMPS,0,
TXN-0002500,ACC-00123,ACC-00008,98276.3,2025-12-26T19:23:58,NEFT,0,
TXN-0002501,ACC-00136,ACC-00014,56842.78,2025-11-16T05:43:14,IMPS,0,
TXN-0002502,ACC-00231,ACC-00180,223150.8,2025-10-26T18:50:35,UPI,0,
TXN-0002503,ACC-00281,ACC-00043,86856.81,2025-11-04T09:52:27,NEFT,0,
TXN-0002504,ACC-00077,ACC-00203,325105.6,2025-11-18T18:11:18,NEFT,0,
TXN-0002505,ACC-00170,ACC-00027,190034.82,2025-11-12T20:23:53,UPI,0,
TXN-0002506,ACC-00050,ACC-00025,561889.68,2025-12-02T23:23:53,UPI,0,
TXN-0002507,ACC-00475,ACC-00216,69274.56,2025-10-19T19:53:36,UPI,0,
TXN-0002508,ACC-00206,ACC-00090,185251.0,2025-11-27T16:14:05,UPI,0,
TXN-0002509,ACC-00311,ACC-00252,20893.04,2025-11-20T08:28:06,NEFT,0,
TXN-0002510,ACC-00348,ACC-00025,12300.2,2025-12-02T18:05:33,UPI,0,
TXN-0002511,ACC-00056,ACC-00112,784013.68,2025-10-12T04:24:26,UPI,0,
TXN-0002512,ACC-00018,ACC-00294,53592.71,2025-10-26T20:14:24,UPI,0,
TXN-0002513,ACC-00272,ACC-00051,154629.16,2025-10-27T17:52:01,UPI,0,
TXN-0002514,ACC-00317,ACC-00358,45375.7,2025-12-09T11:59:21,NEFT,0,
TXN-0002515,ACC-00201,ACC-00051,12635.58,2025-10-22T08:22:36,IMPS,0,
TXN-0002516,ACC-00450,ACC-00354,37040.57,2025-10-27T01:06:26,NEFT,0,
TXN-0002517,ACC-00087,ACC-00402,481561.5,2025-10-20T18:21:54,UPI,0,
TXN-0002518,ACC-00147,ACC-00361,98659.73,2025-11-27T21:30:39,UPI,0,
TXN-0002519,ACC-00001,ACC-00048,1667.95,2025-10-18T23:15:53,NEFT,0,
TXN-0002520,ACC-00358,ACC-00318,24650.69,2025-11-16T06:55:38,IMPS,0,
TXN-0002521,ACC-00436,ACC-00464,898182.74,2025-12-06T19:00:24,UPI,0,
TXN-0002522,ACC-00161,ACC-00348,24715.0,2025-10-07T17:50:27,UPI,0,
TXN-0002523,ACC-00170,ACC-00460,1421.03,2025-11-14T04:43:51,UPI,0,
TXN-0002524,ACC-00006,ACC-00341,1096340.08,2025-11-16T01:53:59,NEFT,0,
TXN-0002525,ACC-00010,ACC-00090,124033.44,2025-10-26T14:46:24,RTGS,0,
TXN-0002526,ACC-00087,ACC-00347,32015.55,2025-12-13T19:32:09,RTGS,0,
TXN-0002527,ACC-00304,ACC-00180,18609.88,2025-11-16T00:06:15,NEFT,0,
TXN-0002528,ACC-00250,ACC-00447,254799.81,2025-10-25T00:44:27,NEFT,0,
TXN-0002529,ACC-00023,ACC-00419,13690.12,2025-10-02T16:31:24,NEFT,0,
TXN-0002530,ACC-00148,ACC-00427,286892.13,2025-10-23T03:56:55,NEFT,0,
TXN-0002531,ACC-00085,ACC-00386,96370.12,2025-10-15T05:33:46,IMPS,0,
TXN-0002532,ACC-00051,ACC-00155,56411.45,2025-12-18T01:12:20,IMPS,0,
TXN-0002533,ACC-00231,ACC-00251,47189.5,2025-12-11T08:14:35,UPI,0,
TXN-0002534,ACC-00279,ACC-00131,26504.17,2025-12-04T09:51:14,NEFT,0,
TXN-0002535,ACC-00186,ACC-00234,238506.59,2025-10-02T07:35:58,IMPS,0,
TXN-0002536,ACC-00154,ACC-00363,7649.4,2025-11-02T09:40:04,RTGS,0,
TXN-0002537,ACC-00396,ACC-00339,1959.68,2025-12-23T04:51:09,RTGS,0,
TXN-0002538,ACC-00431,ACC-00305,109753.5,2025-11-17T00:37:42,UPI,0,
TXN-0002539,ACC-00351,ACC-00265,113122.77,2025-12-10T16:51:54,NEFT,0,
TXN-0002540,ACC-00075,ACC-00210,86200.74,2025-12-23T03:14:35,UPI,0,
TXN-0002541,ACC-00072,ACC-00182,75652.9,2025-11-18T08:01:59,UPI,0,
TXN-0002542,ACC-00295,ACC-00379,20394.64,2025-12-07T13:20:44,ATM,0,
TXN-0002543,ACC-00184,ACC-00105,149861.81,2025-12-12T06:29:47,UPI,0,
TXN-0002544,ACC-00471,ACC-00488,33456.3,2025-11-06T16:17:13,NEFT,0,
TXN-0002545,ACC-00494,ACC-00140,15111.26,2025-12-25T03:53:37,NEFT,0,
TXN-0002546,ACC-00278,ACC-00460,20714.63,2025-12-28T14:01:25,NEFT,0,
TXN-0002547,ACC-00490,ACC-00448,1379389.35,2025-11-21T03:46:55,UPI,0,
TXN-0002548,ACC-00466,ACC-00347,1598.86,2025-11-03T20:52:04,RTGS,0,
TXN-0002549,ACC-00200,ACC-00301,89287.66,2025-11-10T12:21:58,RTGS,0,
TXN-0002550,ACC-00141,ACC-00158,1767.99,2025-10-19T12:03:59,UPI,0,
TXN-0002551,ACC-00266,ACC-00359,29887.03,2025-11-03T07:53:14,IMPS,0,
TXN-0002552,ACC-00062,ACC-00221,16638.43,2025-12-17T05:15:35,NEFT,0,
TXN-0002553,ACC-00495,ACC-00405,851.46,2025-12-16T22:17:13,UPI,0,
TXN-0002554,ACC-00056,ACC-00496,73150.02,2025-10-01T19:25:18,NEFT,0,
TXN-0002555,ACC-00350,ACC-00075,18323.35,2025-11-15T06:35:54,IMPS,0,
TXN-0002556,ACC-00267,ACC-00494,830.0,2025-10-29T03:14:25,NEFT,0,
TXN-0002557,ACC-00340,ACC-00083,164591.6,2025-10-30T11:32:43,NEFT,0,
TXN-0002558,ACC-00033,ACC-00409,480705.99,2025-10-29T14:45:47,UPI,0,
TXN-0002559,ACC-00020,ACC-00111,530844.18,2025-10-28T11:28:41,IMPS,0,
TXN-0002560,ACC-00063,ACC-00027,69294.55,2025-11-17T09:58:34,UPI,0,
TXN-0002561,ACC-00220,ACC-00180,39454.55,2025-12-04T02:30:06,IMPS,0,
TXN-0002562,ACC-00025,ACC-00128,396599.37,2025-10-14T08:54:28,UPI,0,
TXN-0002563,ACC-00145,ACC-00402,750346.56,2025-12-23T09:38:22,NEFT,0,
TXN-0002564,ACC-00490,ACC-00393,279406.69,2025-11-24T10:38:24,UPI,0,
TXN-0002565,ACC-00044,ACC-00365,6669.05,2025-10-27T06:42:15,UPI,0,
TXN-0002566,ACC-00375,ACC-00100,52178.24,2025-11-11T22:45:04,NEFT,0,
TXN-0002567,ACC-00041,ACC-00148,80107.84,2025-10-22T05:58:32,UPI,0,
TXN-0002568,ACC-00477,ACC-00181,1397.85,2025-10-25T03:34:45,IMPS,0,
TXN-0002569,ACC-00326,ACC-00197,84528.94,2025-11-11T00:38:37,UPI,0,
TXN-0002570,ACC-00462,ACC-00050,2172491.64,2025-12-26T16:55:09,UPI,0,
TXN-0002571,ACC-00154,ACC-00305,114907.77,2025-10-31T04:04:00,UPI,0,
TXN-0002572,ACC-00223,ACC-00347,515114.02,2025-12-25T01:04:13,UPI,0,
TXN-0002573,ACC-00296,ACC-00071,50475.66,2025-12-06T08:15:13,IMPS,0,
TXN-0002574,ACC-00128,ACC-00069,31831.35,2025-11-10T10:04:40,NEFT,0,
TXN-0002575,ACC-00154,ACC-00156,72134.56,2025-10-09T07:27:27,UPI,0,
TXN-0002576,ACC-00474,ACC-00321,8362.49,2025-11-14T18:34:03,NEFT,0,
TXN-0002577,ACC-00192,ACC-00400,6407.37,2025-12-25T01:02:41,IMPS,0,
TXN-0002578,ACC-00049,ACC-00070,354813.72,2025-11-21T03:00:01,NEFT,0,
TXN-0002579,ACC-00160,ACC-00257,429430.94,2025-12-06T12:32:46,IMPS,0,
TXN-0002580,ACC-00239,ACC-00181,6099.78,2025-11-11T12:32:29,NEFT,0,
TXN-0002581,ACC-00492,ACC-00210,207398.6,2025-11-14T18:52:10,UPI,0,
TXN-0002582,ACC-00286,ACC-00013,31053.66,2025-12-14T10:42:10,NEFT,0,
TXN-0002583,ACC-00386,ACC-00071,66946.93,2025-11-29T17:32:23,RTGS,0,
TXN-0002584,ACC-00402,ACC-00124,83149.34,2025-11-26T08:14:57,NEFT,0,
TXN-0002585,ACC-00065,ACC-00317,217473.19,2025-11-22T17:54:35,RTGS,0,
TXN-0002586,ACC-00449,ACC-00150,42145.9,2025-10-06T04:44:52,IMPS,0,
TXN-0002587,ACC-00201,ACC-00064,459682.63,2025-11-09T02:55:23,IMPS,0,
TXN-0002588,ACC-00236,ACC-00413,63382.5,2025-12-14T01:54:30,RTGS,0,
TXN-0002589,ACC-00235,ACC-00429,111695.5,2025-10-06T06:38:09,UPI,0,
TXN-0002590,ACC-00138,ACC-00424,8104.12,2025-12-03T02:19:48,UPI,0,
TXN-0002591,ACC-00304,ACC-00049,1768400.85,2025-12-19T19:15:33,UPI,0,
TXN-0002592,ACC-00246,ACC-00353,84599.6,2025-11-02T04:00:09,RTGS,0,
TXN-0002593,ACC-00062,ACC-00379,131058.01,2025-11-26T18:15:26,IMPS,0,
TXN-0002594,ACC-00378,ACC-00367,2008.75,2025-10-06T03:32:46,IMPS,0,
TXN-0002595,ACC-00264,ACC-00073,8259.64,2025-11-24T13:40:10,IMPS,0,
TXN-0002596,ACC-00253,ACC-00069,337118.79,2025-10-22T16:53:39,RTGS,0,
TXN-0002597,ACC-00327,ACC-00436,60864.42,2025-10-16T00:39:10,UPI,0,
TXN-0002598,ACC-00159,ACC-00368,1158.87,2025-10-01T15:01:53,IMPS,0,
TXN-0002599,ACC-00319,ACC-00352,235371.85,2025-10-20T11:39:52,UPI,0,
TXN-0002600,ACC-00000,ACC-00078,13645.85,2025-11-28T14:56:03,RTGS,0,
TXN-0002601,ACC-00266,ACC-00049,460639.29,2025-10-25T00:01:54,UPI,0,
TXN-0002602,ACC-00242,ACC-00012,31004.75,2025-12-20T20:23:35,NEFT,0,
TXN-0002603,ACC-00200,ACC-00028,52494.94,2025-12-29T21:50:23,UPI,0,
TXN-0002604,ACC-00207,ACC-00247,303191.0,2025-10-18T20:51:12,IMPS,0,
TXN-0002605,ACC-00430,ACC-00434,7219.3,2025-11-23T01:56:53,UPI,0,
TXN-0002606,ACC-00313,ACC-00348,6080.7,2025-11-12T15:14:48,RTGS,0,
TXN-0002607,ACC-00315,ACC-00063,25496.66,2025-11-11T23:27:25,UPI,0,
TXN-0002608,ACC-00011,ACC-00094,160959.98,2025-10-14T18:09:09,IMPS,0,
TXN-0002609,ACC-00336,ACC-00123,3309.06,2025-10-17T13:56:08,NEFT,0,
TXN-0002610,ACC-00358,ACC-00279,1803.6,2025-10-20T10:51:06,NEFT,0,
TXN-0002611,ACC-00148,ACC-00341,159962.98,2025-10-10T17:03:45,ATM,0,
TXN-0002612,ACC-00252,ACC-00188,12266.64,2025-12-04T19:51:10,UPI,0,
TXN-0002613,ACC-00197,ACC-00357,17925.74,2025-12-17T15:47:51,UPI,0,
TXN-0002614,ACC-00213,ACC-00416,1284.01,2025-11-11T05:55:57,UPI,0,
TXN-0002615,ACC-00145,ACC-00234,10698.27,2025-10-12T15:54:54,NEFT,0,
TXN-0002616,ACC-00005,ACC-00297,35824.2,2025-10-30T09:29:08,UPI,0,
TXN-0002617,ACC-00333,ACC-00457,193819.03,2025-12-03T19:22:01,NEFT,0,
TXN-0002618,ACC-00021,ACC-00464,9061.46,2025-12-28T01:35:57,UPI,0,
TXN-0002619,ACC-00071,ACC-00239,717319.78,2025-12-25T16:11:50,IMPS,0,
TXN-0002620,ACC-00141,ACC-00004,10591.42,2025-10-16T08:53:58,UPI,0,
TXN-0002621,ACC-00438,ACC-00440,10619.37,2025-11-18T20:33:14,UPI,0,
TXN-0002622,ACC-00462,ACC-00361,577950.55,2025-11-20T23:28:06,UPI,0,
TXN-0002623,ACC-00032,ACC-00089,53136.97,2025-12-03T16:24:09,UPI,0,
TXN-0002624,ACC-00335,ACC-00368,13444.9,2025-11-24T16:13:45,UPI,0,
TXN-0002625,ACC-00366,ACC-00439,27467.54,2025-12-16T09:08:11,UPI,0,
TXN-0002626,ACC-00401,ACC-00390,414791.99,2025-12-03T22:17:08,UPI,0,
TXN-0002627,ACC-00201,ACC-00034,508471.82,2025-12-28T22:48:27,IMPS,0,
TXN-0002628,ACC-00247,ACC-00192,8347.96,2025-11-15T19:15:45,NEFT,0,
TXN-0002629,ACC-00092,ACC-00294,33644.98,2025-12-08T18:55:30,RTGS,0,
TXN-0002630,ACC-00397,ACC-00337,42714.01,2025-11-21T00:20:59,UPI,0,
TXN-0002631,ACC-00357,ACC-00165,6153.45,2025-11-27T04:07:29,ATM,0,
TXN-0002632,ACC-00178,ACC-00299,32851.97,2025-11-29T22:49:15,IMPS,0,
TXN-0002633,ACC-00034,ACC-00023,36665.12,2025-10-03T20:47:27,RTGS,0,
TXN-0002634,ACC-00081,ACC-00118,282766.59,2025-10-10T08:57:19,IMPS,0,
TXN-0002635,ACC-00255,ACC-00478,319133.58,2025-12-05T22:56:08,NEFT,0,
TXN-0002636,ACC-00389,ACC-00118,20078.87,2025-12-14T22:17:32,IMPS,0,
TXN-0002637,ACC-00375,ACC-00407,24708.05,2025-10-23T23:21:28,UPI,0,
TXN-0002638,ACC-00450,ACC-00089,120057.51,2025-12-10T16:44:35,RTGS,0,
TXN-0002639,ACC-00386,ACC-00498,12665.8,2025-11-10T18:48:06,RTGS,0,
TXN-0002640,ACC-00031,ACC-00313,104773.09,2025-10-25T07:40:10,UPI,0,
TXN-0002641,ACC-00433,ACC-00383,31000.8,2025-10-08T01:49:35,NEFT,0,
TXN-0002642,ACC-00191,ACC-00310,6342.84,2025-12-01T07:01:18,IMPS,0,
TXN-0002643,ACC-00472,ACC-00089,6487.9,2025-11-01T04:21:18,UPI,0,
TXN-0002644,ACC-00230,ACC-00193,491248.63,2025-10-13T22:25:02,ATM,0,
TXN-0002645,ACC-00293,ACC-00284,27403.92,2025-10-20T09:24:53,UPI,0,
TXN-0002646,ACC-00251,ACC-00224,695674.65,2025-12-05T21:49:58,UPI,0,
TXN-0002647,ACC-00103,ACC-00379,14406.79,2025-10-16T17:41:45,NEFT,0,
TXN-0002648,ACC-00270,ACC-00414,61338.89,2025-12-16T16:50:35,UPI,0,
TXN-0002649,ACC-00298,ACC-00012,2694755.68,2025-12-01T01:56:44,ATM,0,
TXN-0002650,ACC-00049,ACC-00104,5413.79,2025-10-04T05:27:10,IMPS,0,
TXN-0002651,ACC-00457,ACC-00002,1192.65,2025-11-04T21:50:16,IMPS,0,
TXN-0002652,ACC-00290,ACC-00279,368008.84,2025-12-23T22:24:37,UPI,0,
TXN-0002653,ACC-00094,ACC-00349,8198.8,2025-12-10T20:58:11,ATM,0,
TXN-0002654,ACC-00372,ACC-00328,34986.88,2025-11-21T06:41:21,NEFT,0,
TXN-0002655,ACC-00426,ACC-00106,12649.17,2025-11-25T09:03:30,IMPS,0,
TXN-0002656,ACC-00256,ACC-00180,58846.82,2025-11-04T14:40:14,NEFT,0,
TXN-0002657,ACC-00286,ACC-00436,6561.9,2025-10-14T09:16:07,IMPS,0,
TXN-0002658,ACC-00224,ACC-00218,26268.03,2025-11-30T17:27:08,UPI,0,
TXN-0002659,ACC-00036,ACC-00291,81606.78,2025-10-08T14:05:17,UPI,0,
TXN-0002660,ACC-00264,ACC-00152,5913.8,2025-10-10T19:08:39,UPI,0,
TXN-0002661,ACC-00118,ACC-00026,10299.48,2025-11-28T09:34:20,NEFT,0,
TXN-0002662,ACC-00011,ACC-00114,19432.67,2025-12-19T17:49:56,RTGS,0,
TXN-0002663,ACC-00472,ACC-00424,2774.24,2025-10-25T09:45:43,UPI,0,
TXN-0002664,ACC-00183,ACC-00034,16973.19,2025-12-24T16:56:18,RTGS,0,
TXN-0002665,ACC-00495,ACC-00147,44973.73,2025-10-08T06:14:35,NEFT,0,
TXN-0002666,ACC-00123,ACC-00436,17691.01,2025-11-20T06:28:03,RTGS,0,
TXN-0002667,ACC-00256,ACC-00159,22281.73,2025-11-08T18:14:57,NEFT,0,
TXN-0002668,ACC-00279,ACC-00357,35037.6,2025-12-26T14:03:50,UPI,0,
TXN-0002669,ACC-00241,ACC-00479,11155.21,2025-12-29T01:40:36,ATM,0,
TXN-0002670,ACC-00334,ACC-00015,125984.31,2025-10-04T03:12:20,UPI,0,
TXN-0002671,ACC-00133,ACC-00102,481547.73,2025-11-02T11:32:15,RTGS,0,
TXN-0002672,ACC-00030,ACC-00071,15742.44,2025-10-20T19:53:53,NEFT,0,
TXN-0002673,ACC-00375,ACC-00168,86973.33,2025-12-29T17:28:55,IMPS,0,
TXN-0002674,ACC-00467,ACC-00449,23592.62,2025-10-07T01:14:09,UPI,0,
TXN-0002675,ACC-00037,ACC-00412,70113.96,2025-11-24T17:52:48,RTGS,0,
TXN-0002676,ACC-00359,ACC-00427,608287.65,2025-12-14T07:55:02,IMPS,0,
TXN-0002677,ACC-00177,ACC-00036,90724.9,2025-11-10T09:54:35,NEFT,0,
TXN-0002678,ACC-00313,ACC-00475,1491.97,2025-10-08T19:47:47,RTGS,0,
TXN-0002679,ACC-00245,ACC-00484,82223.15,2025-10-13T13:40:27,UPI,0,
TXN-0002680,ACC-00021,ACC-00053,334086.34,2025-10-04T10:57:15,NEFT,0,
TXN-0002681,ACC-00115,ACC-00332,24370.46,2025-11-04T00:09:34,NEFT,0,
TXN-0002682,ACC-00155,ACC-00400,217976.52,2025-12-22T12:15:20,RTGS,0,
TXN-0002683,ACC-00116,ACC-00010,10485.96,2025-10-06T08:59:24,UPI,0,
TXN-0002684,ACC-00400,ACC-00415,2504.96,2025-10-20T01:07:09,NEFT,0,
TXN-0002685,ACC-00440,ACC-00194,46821.8,2025-12-06T05:02:17,IMPS,0,
TXN-0002686,ACC-00009,ACC-00282,1538.16,2025-11-16T19:32:43,UPI,0,
TXN-0002687,ACC-00392,ACC-00193,23586.08,2025-12-07T12:29:38,UPI,0,
TXN-0002688,ACC-00359,ACC-00218,368175.89,2025-11-23T08:31:56,UPI,0,
TXN-0002689,ACC-00224,ACC-00060,1167.27,2025-12-27T02:30:12,NEFT,0,
TXN-0002690,ACC-00462,ACC-00188,3629.7,2025-11-04T03:43:40,UPI,0,
TXN-0002691,ACC-00223,ACC-00470,5666.59,2025-10-06T14:58:09,UPI,0,
TXN-0002692,ACC-00047,ACC-00301,32403.58,2025-10-01T23:25:02,UPI,0,
TXN-0002693,ACC-00382,ACC-00385,18801.84,2025-12-26T05:58:16,IMPS,0,
TXN-0002694,ACC-00274,ACC-00290,450649.65,2025-10-05T10:40:28,ATM,0,
TXN-0002695,ACC-00007,ACC-00447,202364.74,2025-12-09T21:19:05,UPI,0,
TXN-0002696,ACC-00029,ACC-00039,88564.94,2025-10-06T12:00:53,UPI,0,
TXN-0002697,ACC-00092,ACC-00144,47199.31,2025-10-05T05:52:25,UPI,0,
TXN-0002698,ACC-00308,ACC-00335,73704.09,2025-12-26T10:50:23,UPI,0,
TXN-0002699,ACC-00149,ACC-00066,7695.81,2025-11-28T20:22:15,UPI,0,
TXN-0002700,ACC-00336,ACC-00062,169902.26,2025-12-03T17:57:58,UPI,0,
TXN-0002701,ACC-00128,ACC-00480,4906.52,2025-11-22T18:47:14,UPI,0,
TXN-0002702,ACC-00361,ACC-00376,163354.6,2025-12-18T23:25:02,UPI,0,
TXN-0002703,ACC-00468,ACC-00439,307139.25,2025-10-22T09:18:23,NEFT,0,
TXN-0002704,ACC-00154,ACC-00482,53080.04,2025-11-05T15:01:02,IMPS,0,
TXN-0002705,ACC-00149,ACC-00444,26444.84,2025-12-03T11:06:02,UPI,0,
TXN-0002706,ACC-00457,ACC-00136,74649.41,2025-10-31T22:59:42,IMPS,0,
TXN-0002707,ACC-00257,ACC-00053,210.45,2025-10-06T05:49:24,UPI,0,
TXN-0002708,ACC-00210,ACC-00361,62571.48,2025-11-30T09:03:58,NEFT,0,
TXN-0002709,ACC-00040,ACC-00104,29612.82,2025-12-28T13:13:43,UPI,0,
TXN-0002710,ACC-00499,ACC-00266,33152.37,2025-10-23T09:11:15,UPI,0,
TXN-0002711,ACC-00283,ACC-00107,129541.75,2025-10-12T22:01:25,UPI,0,
TXN-0002712,ACC-00417,ACC-00403,31742.63,2025-10-14T18:47:37,UPI,0,
TXN-0002713,ACC-00120,ACC-00357,4664.0,2025-11-12T17:55:14,NEFT,0,
TXN-0002714,ACC-00232,ACC-00487,28154.86,2025-10-12T02:11:43,UPI,0,
TXN-0002715,ACC-00428,ACC-00017,41011.18,2025-10-27T05:50:28,UPI,0,
TXN-0002716,ACC-00196,ACC-00153,44662.12,2025-12-20T07:27:59,ATM,0,
TXN-0002717,ACC-00030,ACC-00142,48603.7,2025-12-22T23:18:08,NEFT,0,
TXN-0002718,ACC-00253,ACC-00009,235829.48,2025-12-23T18:24:22,UPI,0,
TXN-0002719,ACC-00227,ACC-00022,5141.69,2025-10-22T19:00:10,UPI,0,
TXN-0002720,ACC-00094,ACC-00337,49824.44,2025-11-11T20:30:02,NEFT,0,
TXN-0002721,ACC-00338,ACC-00156,370227.68,2025-10-04T00:56:54,NEFT,0,
TXN-0002722,ACC-00178,ACC-00479,1599.9,2025-10-03T12:33:57,RTGS,0,
TXN-0002723,ACC-00386,ACC-00457,50179.61,2025-11-02T15:26:43,RTGS,0,
TXN-0002724,ACC-00464,ACC-00134,12661.47,2025-12-18T16:00:16,IMPS,0,
TXN-0002725,ACC-00110,ACC-00387,18633.59,2025-10-03T15:43:07,UPI,0,
TXN-0002726,ACC-00424,ACC-00318,7124.87,2025-11-12T03:28:13,RTGS,0,
TXN-0002727,ACC-00400,ACC-00373,26763.89,2025-12-11T09:38:23,IMPS,0,
TXN-0002728,ACC-00413,ACC-00055,998750.33,2025-11-23T17:16:07,UPI,0,
TXN-0002729,ACC-00369,ACC-00477,3729.48,2025-12-05T19:47:00,UPI,0,
TXN-0002730,ACC-00480,ACC-00273,4423.57,2025-11-15T00:02:21,NEFT,0,
TXN-0002731,ACC-00368,ACC-00290,3486.03,2025-12-14T15:55:43,NEFT,0,
TXN-0002732,ACC-00083,ACC-00491,813704.79,2025-11-07T00:28:21,NEFT,0,
TXN-0002733,ACC-00473,ACC-00121,15800.37,2025-10-13T19:17:08,RTGS,0,
TXN-0002734,ACC-00143,ACC-00409,34677.62,2025-12-06T06:34:13,ATM,0,
TXN-0002735,ACC-00043,ACC-00127,17588.33,2025-12-14T21:21:02,NEFT,0,
TXN-0002736,ACC-00172,ACC-00292,6634.5,2025-11-08T07:29:14,UPI,0,
TXN-0002737,ACC-00140,ACC-00185,23783.06,2025-10-27T02:13:36,IMPS,0,
TXN-0002738,ACC-00400,ACC-00334,3032319.79,2025-12-18T16:02:29,IMPS,0,
TXN-0002739,ACC-00006,ACC-00063,444954.66,2025-10-30T19:07:03,NEFT,0,
TXN-0002740,ACC-00164,ACC-00428,7822.13,2025-10-26T16:22:13,IMPS,0,
TXN-0002741,ACC-00227,ACC-00236,116498.47,2025-10-02T16:14:03,NEFT,0,
TXN-0002742,ACC-00238,ACC-00018,8129.54,2025-11-04T19:53:12,NEFT,0,
TXN-0002743,ACC-00432,ACC-00284,1484.06,2025-10-22T03:36:35,NEFT,0,
TXN-0002744,ACC-00296,ACC-00480,227548.72,2025-10-08T17:21:27,UPI,0,
TXN-0002745,ACC-00312,ACC-00282,293070.1,2025-10-31T11:44:05,ATM,0,
TXN-0002746,ACC-00225,ACC-00092,238683.59,2025-10-26T01:11:59,IMPS,0,
TXN-0002747,ACC-00141,ACC-00132,15587.78,2025-12-24T09:02:44,NEFT,0,
TXN-0002748,ACC-00116,ACC-00322,26897.9,2025-10-17T22:36:12,UPI,0,
TXN-0002749,ACC-00316,ACC-00335,140025.24,2025-10-05T19:31:44,UPI,0,
TXN-0002750,ACC-00335,ACC-00019,73474.44,2025-10-18T21:20:47,IMPS,0,
TXN-0002751,ACC-00440,ACC-00225,17880.26,2025-11-26T07:14:35,UPI,0,
TXN-0002752,ACC-00283,ACC-00367,1969.77,2025-10-23T03:10:03,UPI,0,
TXN-0002753,ACC-00365,ACC-00132,44577.09,2025-10-25T23:53:25,UPI,0,
TXN-0002754,ACC-00432,ACC-00439,253271.51,2025-12-22T11:15:45,UPI,0,
TXN-0002755,ACC-00367,ACC-00022,4206.31,2025-11-28T07:27:00,UPI,0,
TXN-0002756,ACC-00055,ACC-00039,114664.63,2025-11-19T05:15:03,NEFT,0,
TXN-0002757,ACC-00261,ACC-00039,65958.11,2025-10-24T00:12:01,UPI,0,
TXN-0002758,ACC-00292,ACC-00190,140121.74,2025-12-20T12:01:52,IMPS,0,
TXN-0002759,ACC-00212,ACC-00036,174478.34,2025-12-02T07:42:18,NEFT,0,
TXN-0002760,ACC-00144,ACC-00073,10404.18,2025-10-03T09:32:33,UPI,0,
TXN-0002761,ACC-00403,ACC-00184,1977.27,2025-11-02T12:34:24,ATM,0,
TXN-0002762,ACC-00459,ACC-00333,13900.29,2025-11-06T09:09:02,NEFT,0,
TXN-0002763,ACC-00498,ACC-00150,179949.07,2025-11-30T09:10:12,UPI,0,
TXN-0002764,ACC-00188,ACC-00022,13689.62,2025-10-29T05:46:56,RTGS,0,
TXN-0002765,ACC-00466,ACC-00302,10412.08,2025-10-03T11:30:05,UPI,0,
TXN-0002766,ACC-00108,ACC-00413,1368.64,2025-10-31T09:35:21,NEFT,0,
TXN-0002767,ACC-00399,ACC-00379,851509.21,2025-11-19T08:09:01,IMPS,0,
TXN-0002768,ACC-00364,ACC-00176,160537.78,2025-10-21T20:40:49,UPI,0,
TXN-0002769,ACC-00298,ACC-00016,145192.07,2025-12-03T19:03:33,IMPS,0,
TXN-0002770,ACC-00195,ACC-00390,207296.56,2025-12-03T00:46:25,UPI,0,
TXN-0002771,ACC-00039,ACC-00490,102546.85,2025-10-22T19:18:42,NEFT,0,
TXN-0002772,ACC-00294,ACC-00322,23393.37,2025-11-23T05:28:31,IMPS,0,
TXN-0002773,ACC-00275,ACC-00375,27044.11,2025-10-12T18:30:54,IMPS,0,
TXN-0002774,ACC-00270,ACC-00408,16821.01,2025-10-05T23:50:38,NEFT,0,
TXN-0002775,ACC-00337,ACC-00268,4166276.87,2025-11-20T12:28:14,NEFT,0,
TXN-0002776,ACC-00137,ACC-00099,98779.13,2025-12-21T04:02:31,NEFT,0,
TXN-0002777,ACC-00466,ACC-00124,15758.88,2025-11-01T21:53:25,UPI,0,
TXN-0002778,ACC-00393,ACC-00185,83943.08,2025-10-23T10:00:51,NEFT,0,
TXN-0002779,ACC-00383,ACC-00497,5886.61,2025-10-12T04:56:27,IMPS,0,
TXN-0002780,ACC-00227,ACC-00375,544766.26,2025-12-25T11:04:37,NEFT,0,
TXN-0002781,ACC-00040,ACC-00180,11048.78,2025-11-24T09:57:35,NEFT,0,
TXN-0002782,ACC-00468,ACC-00185,89496.41,2025-12-03T10:22:08,NEFT,0,
TXN-0002783,ACC-00117,ACC-00229,247399.5,2025-12-16T08:13:17,NEFT,0,
TXN-0002784,ACC-00291,ACC-00423,72590.07,2025-12-20T06:32:46,ATM,0,
TXN-0002785,ACC-00473,ACC-00275,43046.92,2025-10-24T18:45:38,IMPS,0,
TXN-0002786,ACC-00208,ACC-00345,37028.52,2025-11-26T18:34:43,IMPS,0,
TXN-0002787,ACC-00310,ACC-00133,32807.29,2025-12-17T06:28:43,UPI,0,
TXN-0002788,ACC-00160,ACC-00060,12860.85,2025-10-08T21:55:21,NEFT,0,
TXN-0002789,ACC-00258,ACC-00075,16170.27,2025-11-25T22:12:16,NEFT,0,
TXN-0002790,ACC-00451,ACC-00395,520873.6,2025-10-20T05:36:58,RTGS,0,
TXN-0002791,ACC-00448,ACC-00232,29870.72,2025-10-02T12:08:46,UPI,0,
TXN-0002792,ACC-00214,ACC-00134,8826.97,2025-12-14T07:45:59,NEFT,0,
TXN-0002793,ACC-00476,ACC-00240,14337.94,2025-12-12T02:58:30,UPI,0,
TXN-0002794,ACC-00445,ACC-00017,263199.41,2025-12-20T23:01:52,NEFT,0,
TXN-0002795,ACC-00353,ACC-00085,122527.64,2025-10-08T02:08:11,UPI,0,
TXN-0002796,ACC-00443,ACC-00271,99567.64,2025-12-29T04:32:48,UPI,0,
TXN-0002797,ACC-00216,ACC-00181,22844.41,2025-10-13T08:59:13,NEFT,0,
TXN-0002798,ACC-00285,ACC-00123,101931.11,2025-12-09T03:02:30,UPI,0,
TXN-0002799,ACC-00172,ACC-00459,11402.52,2025-12-20T01:43:35,RTGS,0,
TXN-0002800,ACC-00302,ACC-00311,22758.52,2025-11-29T20:51:03,UPI,0,
TXN-0002801,ACC-00369,ACC-00023,208073.79,2025-10-08T03:51:21,IMPS,0,
TXN-0002802,ACC-00181,ACC-00486,175202.87,2025-11-13T14:00:07,RTGS,0,
TXN-0002803,ACC-00322,ACC-00230,6201.6,2025-12-11T21:57:00,IMPS,0,
TXN-0002804,ACC-00148,ACC-00387,7785.77,2025-11-16T07:44:15,IMPS,0,
TXN-0002805,ACC-00375,ACC-00093,44163.94,2025-12-10T06:21:38,IMPS,0,
TXN-0002806,ACC-00469,ACC-00419,811823.54,2025-11-19T10:55:38,UPI,0,
TXN-0002807,ACC-00458,ACC-00003,1155.15,2025-11-27T15:04:45,NEFT,0,
TXN-0002808,ACC-00345,ACC-00332,59934.0,2025-11-14T00:47:41,UPI,0,
TXN-0002809,ACC-00224,ACC-00090,3050.69,2025-11-19T09:16:49,IMPS,0,
TXN-0002810,ACC-00143,ACC-00483,11593.55,2025-12-15T01:14:07,UPI,0,
TXN-0002811,ACC-00152,ACC-00252,18845.49,2025-11-03T02:51:38,UPI,0,
TXN-0002812,ACC-00265,ACC-00459,17036.02,2025-11-20T23:47:23,NEFT,0,
TXN-0002813,ACC-00432,ACC-00475,13893.37,2025-11-11T10:15:31,UPI,0,
TXN-0002814,ACC-00196,ACC-00163,36789.68,2025-12-13T12:38:14,UPI,0,
TXN-0002815,ACC-00073,ACC-00021,13856.92,2025-12-19T00:43:39,RTGS,0,
TXN-0002816,ACC-00451,ACC-00374,2611.23,2025-10-21T10:55:17,NEFT,0,
TXN-0002817,ACC-00142,ACC-00294,147822.17,2025-12-25T09:34:43,NEFT,0,
TXN-0002818,ACC-00050,ACC-00177,140810.44,2025-10-28T15:36:39,UPI,0,
TXN-0002819,ACC-00147,ACC-00140,165663.48,2025-11-17T05:56:36,NEFT,0,
TXN-0002820,ACC-00453,ACC-00086,2268.05,2025-10-29T00:12:15,RTGS,0,
TXN-0002821,ACC-00132,ACC-00310,62196.42,2025-12-13T03:42:34,UPI,0,
TXN-0002822,ACC-00118,ACC-00341,122609.76,2025-10-28T01:15:07,UPI,0,
TXN-0002823,ACC-00105,ACC-00282,5675.06,2025-12-21T10:31:20,NEFT,0,
TXN-0002824,ACC-00086,ACC-00014,36920.12,2025-11-28T02:21:12,RTGS,0,
TXN-0002825,ACC-00491,ACC-00456,29457.98,2025-11-22T09:53:40,NEFT,0,
TXN-0002826,ACC-00099,ACC-00003,1000360.69,2025-11-17T09:58:30,IMPS,0,
TXN-0002827,ACC-00013,ACC-00189,1160188.29,2025-10-20T17:21:09,UPI,0,
TXN-0002828,ACC-00485,ACC-00292,1815.58,2025-11-11T09:49:22,IMPS,0,
TXN-0002829,ACC-00266,ACC-00064,3233477.08,2025-12-20T16:27:30,NEFT,0,
TXN-0002830,ACC-00470,ACC-00056,6992.5,2025-12-09T12:59:08,IMPS,0,
TXN-0002831,ACC-00432,ACC-00061,212184.6,2025-11-13T03:32:19,RTGS,0,
TXN-0002832,ACC-00252,ACC-00134,208333.69,2025-10-09T10:24:26,RTGS,0,
TXN-0002833,ACC-00142,ACC-00374,6049.66,2025-12-04T22:13:12,UPI,0,
TXN-0002834,ACC-00181,ACC-00411,88245.86,2025-10-08T16:14:22,IMPS,0,
TXN-0002835,ACC-00113,ACC-00372,29924.69,2025-10-08T05:14:55,UPI,0,
TXN-0002836,ACC-00259,ACC-00171,98498.24,2025-10-27T19:22:42,NEFT,0,
TXN-0002837,ACC-00376,ACC-00262,55006.69,2025-12-05T06:03:48,IMPS,0,
TXN-0002838,ACC-00361,ACC-00352,312828.71,2025-10-31T13:33:37,RTGS,0,
TXN-0002839,ACC-00019,ACC-00221,41594.33,2025-10-10T18:02:21,RTGS,0,
TXN-0002840,ACC-00406,ACC-00266,26844.78,2025-10-31T19:53:31,UPI,0,
TXN-0002841,ACC-00285,ACC-00338,261167.08,2025-12-21T07:49:51,RTGS,0,
TXN-0002842,ACC-00018,ACC-00485,103229.79,2025-12-01T14:29:07,NEFT,0,
TXN-0002843,ACC-00125,ACC-00070,135572.81,2025-11-26T22:16:44,UPI,0,
TXN-0002844,ACC-00482,ACC-00112,10979.05,2025-12-05T09:00:49,UPI,0,
TXN-0002845,ACC-00240,ACC-00077,5533.23,2025-11-17T00:59:00,IMPS,0,
TXN-0002846,ACC-00375,ACC-00254,13070.33,2025-10-28T10:30:17,UPI,0,
TXN-0002847,ACC-00325,ACC-00448,11878.93,2025-10-09T14:42:47,ATM,0,
TXN-0002848,ACC-00438,ACC-00370,149516.0,2025-12-12T18:20:08,UPI,0,
TXN-0002849,ACC-00222,ACC-00034,210401.16,2025-11-17T15:23:35,NEFT,0,
TXN-0002850,ACC-00106,ACC-00363,27467.68,2025-10-18T07:02:17,UPI,0,
TXN-0002851,ACC-00352,ACC-00134,477182.47,2025-11-29T13:16:29,UPI,0,
TXN-0002852,ACC-00298,ACC-00120,426447.66,2025-12-01T21:58:58,UPI,0,
TXN-0002853,ACC-00271,ACC-00336,56281.32,2025-10-18T11:34:49,RTGS,0,
TXN-0002854,ACC-00430,ACC-00118,8271.7,2025-12-24T22:59:19,UPI,0,
TXN-0002855,ACC-00248,ACC-00250,618886.99,2025-12-17T08:33:11,NEFT,0,
TXN-0002856,ACC-00306,ACC-00182,32538.16,2025-11-22T18:14:41,NEFT,0,
TXN-0002857,ACC-00049,ACC-00112,45574.21,2025-10-11T21:50:06,ATM,0,
TXN-0002858,ACC-00459,ACC-00386,19706.64,2025-12-14T04:06:04,UPI,0,
TXN-0002859,ACC-00496,ACC-00228,7320.09,2025-11-01T14:13:48,UPI,0,
TXN-0002860,ACC-00217,ACC-00059,2582.33,2025-10-18T02:33:46,NEFT,0,
TXN-0002861,ACC-00163,ACC-00338,113455.16,2025-10-12T00:33:31,UPI,0,
TXN-0002862,ACC-00203,ACC-00360,8865.11,2025-10-13T10:23:47,IMPS,0,
TXN-0002863,ACC-00247,ACC-00430,8949929.49,2025-12-18T03:08:11,RTGS,0,
TXN-0002864,ACC-00307,ACC-00210,5141.33,2025-12-06T17:20:35,UPI,0,
TXN-0002865,ACC-00148,ACC-00137,3777.1,2025-11-19T06:31:52,UPI,0,
TXN-0002866,ACC-00435,ACC-00400,90966.78,2025-11-09T17:03:09,UPI,0,
TXN-0002867,ACC-00395,ACC-00165,569642.51,2025-10-26T09:35:03,IMPS,0,
TXN-0002868,ACC-00210,ACC-00200,40792.82,2025-12-18T13:10:40,NEFT,0,
TXN-0002869,ACC-00204,ACC-00133,101725.81,2025-12-28T13:58:23,UPI,0,
TXN-0002870,ACC-00248,ACC-00372,1315.03,2025-10-22T06:11:10,UPI,0,
TXN-0002871,ACC-00419,ACC-00023,10726.57,2025-10-30T22:52:54,NEFT,0,
TXN-0002872,ACC-00113,ACC-00293,5257.92,2025-12-25T00:20:49,UPI,0,
TXN-0002873,ACC-00105,ACC-00399,1198.61,2025-11-30T17:01:23,UPI,0,
TXN-0002874,ACC-00495,ACC-00314,44826.93,2025-11-29T07:09:14,UPI,0,
TXN-0002875,ACC-00309,ACC-00276,640.92,2025-10-02T22:25:00,ATM,0,
TXN-0002876,ACC-00010,ACC-00410,3361.18,2025-11-06T19:34:20,UPI,0,
TXN-0002877,ACC-00360,ACC-00170,13808.66,2025-12-28T13:38:47,UPI,0,
TXN-0002878,ACC-00392,ACC-00283,8133.0,2025-10-07T03:53:01,IMPS,0,
TXN-0002879,ACC-00265,ACC-00107,74127.01,2025-11-05T03:44:56,NEFT,0,
TXN-0002880,ACC-00080,ACC-00429,62946.75,2025-11-22T00:16:07,UPI,0,
TXN-0002881,ACC-00367,ACC-00117,181468.57,2025-10-29T04:11:09,IMPS,0,
TXN-0002882,ACC-00466,ACC-00191,140686.7,2025-11-02T04:27:21,NEFT,0,
TXN-0002883,ACC-00283,ACC-00375,283073.83,2025-10-25T03:31:18,RTGS,0,
TXN-0002884,ACC-00018,ACC-00432,36190.32,2025-10-02T22:40:10,IMPS,0,
TXN-0002885,ACC-00269,ACC-00052,62707.76,2025-11-18T16:34:41,UPI,0,
TXN-0002886,ACC-00248,ACC-00021,91192.2,2025-10-16T05:42:34,UPI,0,
TXN-0002887,ACC-00012,ACC-00117,46862.92,2025-12-01T07:37:51,IMPS,0,
TXN-0002888,ACC-00126,ACC-00017,17766.15,2025-10-27T10:52:25,IMPS,0,
TXN-0002889,ACC-00416,ACC-00401,19962.35,2025-11-06T16:28:12,IMPS,0,
TXN-0002890,ACC-00067,ACC-00418,8336.47,2025-12-11T21:33:00,RTGS,0,
TXN-0002891,ACC-00441,ACC-00043,77568.0,2025-10-08T10:19:15,UPI,0,
TXN-0002892,ACC-00369,ACC-00360,30661.79,2025-12-14T00:29:17,IMPS,0,
TXN-0002893,ACC-00010,ACC-00007,11007.01,2025-12-12T02:30:16,IMPS,0,
TXN-0002894,ACC-00309,ACC-00470,11025.43,2025-10-15T17:49:49,UPI,0,
TXN-0002895,ACC-00301,ACC-00405,4110.43,2025-11-07T23:23:05,UPI,0,
TXN-0002896,ACC-00310,ACC-00439,211486.07,2025-10-31T07:27:17,IMPS,0,
TXN-0002897,ACC-00217,ACC-00262,41835.97,2025-12-12T04:26:30,UPI,0,
TXN-0002898,ACC-00140,ACC-00234,7684.5,2025-10-20T16:14:51,UPI,0,
TXN-0002899,ACC-00496,ACC-00335,155653.23,2025-11-25T22:38:45,NEFT,0,
TXN-0002900,ACC-00149,ACC-00219,13242.57,2025-10-10T00:51:03,UPI,0,
TXN-0002901,ACC-00208,ACC-00287,2887.94,2025-10-28T01:05:13,NEFT,0,
TXN-0002902,ACC-00464,ACC-00359,228250.76,2025-11-21T18:27:18,NEFT,0,
TXN-0002903,ACC-00195,ACC-00008,13811.07,2025-11-18T06:10:30,IMPS,0,
TXN-0002904,ACC-00487,ACC-00190,17395.76,2025-12-14T01:13:14,NEFT,0,
TXN-0002905,ACC-00055,ACC-00231,39109.63,2025-10-22T18:05:58,NEFT,0,
TXN-0002906,ACC-00012,ACC-00203,283980.43,2025-12-14T21:02:23,UPI,0,
TXN-0002907,ACC-00189,ACC-00244,37649.21,2025-11-24T16:14:32,UPI,0,
TXN-0002908,ACC-00159,ACC-00170,4194.75,2025-10-14T23:00:40,IMPS,0,
TXN-0002909,ACC-00499,ACC-00042,96662.29,2025-10-10T06:16:21,NEFT,0,
TXN-0002910,ACC-00106,ACC-00442,15169.14,2025-11-17T13:20:36,NEFT,0,
TXN-0002911,ACC-00042,ACC-00072,1086273.02,2025-11-09T03:30:45,NEFT,0,
TXN-0002912,ACC-00242,ACC-00267,36242.38,2025-12-10T04:47:15,IMPS,0,
TXN-0002913,ACC-00389,ACC-00119,649.98,2025-10-06T17:19:25,IMPS,0,
TXN-0002914,ACC-00129,ACC-00210,69096.33,2025-10-31T05:44:33,IMPS,0,
TXN-0002915,ACC-00427,ACC-00077,1202936.28,2025-10-04T13:04:25,UPI,0,
TXN-0002916,ACC-00289,ACC-00306,619492.9,2025-11-09T11:17:36,RTGS,0,
TXN-0002917,ACC-00137,ACC-00353,980401.75,2025-10-21T07:31:39,IMPS,0,
TXN-0002918,ACC-00406,ACC-00250,5793.15,2025-11-22T23:18:50,NEFT,0,
TXN-0002919,ACC-00491,ACC-00333,187563.8,2025-10-23T21:18:44,UPI,0,
TXN-0002920,ACC-00362,ACC-00247,9901.19,2025-11-19T22:42:40,NEFT,0,
TXN-0002921,ACC-00378,ACC-00375,54378.33,2025-10-08T21:45:20,RTGS,0,
TXN-0002922,ACC-00217,ACC-00358,3672.71,2025-10-08T12:35:54,UPI,0,
TXN-0002923,ACC-00387,ACC-00006,11384.18,2025-10-16T17:42:15,NEFT,0,
TXN-0002924,ACC-00062,ACC-00085,10751.02,2025-10-20T03:53:59,NEFT,0,
TXN-0002925,ACC-00497,ACC-00058,183028.93,2025-10-04T19:01:15,RTGS,0,
TXN-0002926,ACC-00253,ACC-00087,153475.22,2025-11-30T19:04:11,IMPS,0,
TXN-0002927,ACC-00249,ACC-00071,59770.98,2025-12-12T17:16:52,RTGS,0,
TXN-0002928,ACC-00214,ACC-00204,3194.68,2025-10-01T21:34:26,UPI,0,
TXN-0002929,ACC-00222,ACC-00150,20724.03,2025-12-09T21:35:19,RTGS,0,
TXN-0002930,ACC-00346,ACC-00138,9480.48,2025-11-20T17:28:00,UPI,0,
TXN-0002931,ACC-00455,ACC-00190,173757.58,2025-11-24T17:46:24,IMPS,0,
TXN-0002932,ACC-00072,ACC-00148,302771.22,2025-11-20T19:15:49,IMPS,0,
TXN-0002933,ACC-00411,ACC-00314,243164.65,2025-12-09T08:50:49,UPI,0,
TXN-0002934,ACC-00309,ACC-00128,9326.41,2025-11-15T20:05:46,NEFT,0,
TXN-0002935,ACC-00479,ACC-00169,262.13,2025-12-12T12:05:12,IMPS,0,
TXN-0002936,ACC-00436,ACC-00475,1509.4,2025-10-14T03:21:47,UPI,0,
TXN-0002937,ACC-00366,ACC-00424,469267.65,2025-11-16T00:11:53,UPI,0,
TXN-0002938,ACC-00213,ACC-00091,17636.77,2025-10-15T14:20:19,NEFT,0,
TXN-0002939,ACC-00002,ACC-00159,9402.17,2025-12-08T02:31:51,UPI,0,
TXN-0002940,ACC-00355,ACC-00048,698568.51,2025-11-22T05:00:18,NEFT,0,
TXN-0002941,ACC-00048,ACC-00031,354083.45,2025-11-30T16:17:31,NEFT,0,
TXN-0002942,ACC-00080,ACC-00034,37949.35,2025-11-04T00:36:51,NEFT,0,
TXN-0002943,ACC-00452,ACC-00115,21415.59,2025-11-03T11:48:32,NEFT,0,
TXN-0002944,ACC-00475,ACC-00098,28630.21,2025-10-27T15:49:09,UPI,0,
TXN-0002945,ACC-00466,ACC-00444,54660.3,2025-11-11T09:02:16,NEFT,0,
TXN-0002946,ACC-00156,ACC-00188,646989.35,2025-11-30T15:11:33,IMPS,0,
TXN-0002947,ACC-00478,ACC-00130,77686.86,2025-11-24T11:29:11,NEFT,0,
TXN-0002948,ACC-00337,ACC-00103,134168.57,2025-10-08T12:31:56,NEFT,0,
TXN-0002949,ACC-00052,ACC-00374,297951.56,2025-10-22T00:20:42,UPI,0,
TXN-0002950,ACC-00134,ACC-00288,4423.04,2025-10-10T22:25:40,UPI,0,
TXN-0002951,ACC-00267,ACC-00300,141315.66,2025-12-02T14:33:47,IMPS,0,
TXN-0002952,ACC-00169,ACC-00294,21370.7,2025-12-14T22:50:26,RTGS,0,
TXN-0002953,ACC-00309,ACC-00141,391.91,2025-12-18T09:08:39,IMPS,0,
TXN-0002954,ACC-00315,ACC-00342,787.84,2025-12-28T06:39:31,NEFT,0,
TXN-0002955,ACC-00086,ACC-00001,5810.3,2025-12-16T01:22:21,UPI,0,
TXN-0002956,ACC-00110,ACC-00046,94485.51,2025-12-17T23:57:00,NEFT,0,
TXN-0002957,ACC-00073,ACC-00084,44571.02,2025-11-16T03:54:41,RTGS,0,
TXN-0002958,ACC-00165,ACC-00039,50607.75,2025-12-26T23:43:21,ATM,0,
TXN-0002959,ACC-00070,ACC-00261,1216755.28,2025-12-18T08:59:32,NEFT,0,
TXN-0002960,ACC-00340,ACC-00241,3698.34,2025-11-01T18:10:24,UPI,0,
TXN-0002961,ACC-00389,ACC-00060,34565.8,2025-10-24T09:02:29,NEFT,0,
TXN-0002962,ACC-00193,ACC-00396,62817.18,2025-11-07T10:20:58,IMPS,0,
TXN-0002963,ACC-00181,ACC-00159,9649.95,2025-12-21T10:11:41,NEFT,0,
TXN-0002964,ACC-00271,ACC-00040,38215.18,2025-12-25T18:12:16,NEFT,0,
TXN-0002965,ACC-00109,ACC-00489,2038.75,2025-10-17T03:04:44,RTGS,0,
TXN-0002966,ACC-00426,ACC-00142,459471.04,2025-12-09T01:33:36,UPI,0,
TXN-0002967,ACC-00223,ACC-00286,10647.64,2025-11-12T21:06:42,NEFT,0,
TXN-0002968,ACC-00403,ACC-00128,1406366.94,2025-12-06T13:01:20,UPI,0,
TXN-0002969,ACC-00460,ACC-00222,34253.57,2025-12-03T07:29:05,UPI,0,
TXN-0002970,ACC-00012,ACC-00443,231074.72,2025-11-05T12:06:46,RTGS,0,
TXN-0002971,ACC-00394,ACC-00343,32993.14,2025-11-03T14:13:07,IMPS,0,
TXN-0002972,ACC-00109,ACC-00315,34360.44,2025-11-24T08:24:52,RTGS,0,
TXN-0002973,ACC-00471,ACC-00480,12692.25,2025-10-19T13:01:30,UPI,0,
TXN-0002974,ACC-00091,ACC-00477,45000.24,2025-12-12T14:06:02,ATM,0,
TXN-0002975,ACC-00100,ACC-00226,64369.66,2025-11-05T01:10:15,NEFT,0,
TXN-0002976,ACC-00002,ACC-00300,8851.43,2025-10-31T03:15:45,UPI,0,
TXN-0002977,ACC-00466,ACC-00188,28996.2,2025-12-28T21:59:06,UPI,0,
TXN-0002978,ACC-00471,ACC-00006,12110.43,2025-11-28T21:53:12,UPI,0,
TXN-0002979,ACC-00331,ACC-00140,2279337.36,2025-12-02T07:12:32,NEFT,0,
TXN-0002980,ACC-00022,ACC-00356,30899.17,2025-12-08T09:03:18,UPI,0,
TXN-0002981,ACC-00320,ACC-00029,586200.92,2025-11-25T13:16:41,IMPS,0,
TXN-0002982,ACC-00441,ACC-00367,25536.9,2025-11-15T17:03:54,ATM,0,
TXN-0002983,ACC-00323,ACC-00232,57914.19,2025-11-17T14:28:58,UPI,0,
TXN-0002984,ACC-00383,ACC-00447,3366.22,2025-12-02T20:53:50,IMPS,0,
TXN-0002985,ACC-00413,ACC-00053,16240.6,2025-10-04T16:59:51,UPI,0,
TXN-0002986,ACC-00313,ACC-00457,53048.53,2025-12-09T06:08:01,UPI,0,
TXN-0002987,ACC-00376,ACC-00090,630839.59,2025-12-24T13:22:29,RTGS,0,
TXN-0002988,ACC-00042,ACC-00214,54153.02,2025-12-20T23:30:39,IMPS,0,
TXN-0002989,ACC-00028,ACC-00227,438316.55,2025-12-01T21:25:54,IMPS,0,
TXN-0002990,ACC-00160,ACC-00049,115071.9,2025-12-23T07:01:45,NEFT,0,
TXN-0002991,ACC-00436,ACC-00099,679642.64,2025-12-03T14:30:20,NEFT,0,
TXN-0002992,ACC-00008,ACC-00170,32654.04,2025-12-21T06:59:19,IMPS,0,
TXN-0002993,ACC-00460,ACC-00162,2682878.6,2025-12-27T03:52:39,IMPS,0,
TXN-0002994,ACC-00463,ACC-00300,15158.05,2025-12-10T02:41:51,RTGS,0,
TXN-0002995,ACC-00264,ACC-00007,9139.57,2025-12-04T12:23:10,NEFT,0,
TXN-0002996,ACC-00428,ACC-00341,4112.99,2025-12-05T00:22:37,UPI,0,
TXN-0002997,ACC-00098,ACC-00422,2411704.72,2025-12-13T21:56:29,NEFT,0,
TXN-0002998,ACC-00373,ACC-00136,158737.26,2025-10-09T03:39:40,UPI,0,
TXN-0002999,ACC-00022,ACC-00141,19902.14,2025-11-29T01:58:31,UPI,0,
TXN-0003000,ACC-00258,ACC-00209,343946.31,2025-10-17T19:02:42,NEFT,0,
TXN-0003001,ACC-00431,ACC-00428,125222.31,2025-10-01T07:30:48,UPI,0,
TXN-0003002,ACC-00287,ACC-00179,1250469.26,2025-10-12T10:17:41,UPI,0,
TXN-0003003,ACC-00290,ACC-00428,2239.26,2025-12-07T14:28:42,UPI,0,
TXN-0003004,ACC-00476,ACC-00237,22524.34,2025-10-09T13:25:56,UPI,0,
TXN-0003005,ACC-00046,ACC-00093,15795.2,2025-12-10T19:58:32,UPI,0,
TXN-0003006,ACC-00162,ACC-00302,1040.41,2025-11-30T20:08:30,ATM,0,
TXN-0003007,ACC-00392,ACC-00086,244896.01,2025-12-16T13:53:22,UPI,0,
TXN-0003008,ACC-00326,ACC-00191,22321.07,2025-11-14T16:41:28,UPI,0,
TXN-0003009,ACC-00370,ACC-00482,137494.08,2025-10-24T22:55:39,UPI,0,
TXN-0003010,ACC-00348,ACC-00328,2539783.71,2025-12-27T12:35:55,RTGS,0,
TXN-0003011,ACC-00382,ACC-00386,19228.74,2025-12-11T15:55:19,UPI,0,
TXN-0003012,ACC-00027,ACC-00194,17016.26,2025-12-08T12:53:55,UPI,0,
TXN-0003013,ACC-00142,ACC-00071,44963.01,2025-11-24T20:38:18,UPI,0,
TXN-0003014,ACC-00115,ACC-00427,214710.36,2025-10-19T06:38:35,UPI,0,
TXN-0003015,ACC-00102,ACC-00090,13094.09,2025-10-29T15:14:31,UPI,0,
TXN-0003016,ACC-00225,ACC-00135,11664.08,2025-10-09T23:20:08,NEFT,0,
TXN-0003017,ACC-00296,ACC-00186,243516.67,2025-11-03T20:54:03,IMPS,0,
TXN-0003018,ACC-00267,ACC-00230,71793.61,2025-12-20T12:52:30,NEFT,0,
TXN-0003019,ACC-00425,ACC-00087,915.52,2025-10-04T13:35:22,RTGS,0,
TXN-0003020,ACC-00299,ACC-00197,4000.98,2025-10-16T02:49:01,NEFT,0,
TXN-0003021,ACC-00107,ACC-00359,541568.35,2025-11-12T02:57:06,UPI,0,
TXN-0003022,ACC-00415,ACC-00349,74867.18,2025-12-17T07:26:48,UPI,0,
TXN-0003023,ACC-00175,ACC-00358,9210.02,2025-11-18T21:51:29,NEFT,0,
TXN-0003024,ACC-00380,ACC-00406,26722.54,2025-10-27T02:41:57,UPI,0,
TXN-0003025,ACC-00395,ACC-00107,37191.15,2025-10-26T01:40:54,UPI,0,
TXN-0003026,ACC-00133,ACC-00016,136532.79,2025-12-29T12:13:40,UPI,0,
TXN-0003027,ACC-00337,ACC-00323,3149.9,2025-10-19T02:24:10,NEFT,0,
TXN-0003028,ACC-00239,ACC-00300,7992.76,2025-11-01T08:37:24,UPI,0,
TXN-0003029,ACC-00193,ACC-00337,59356.7,2025-11-27T03:02:59,RTGS,0,
TXN-0003030,ACC-00165,ACC-00359,30342.29,2025-10-11T03:45:57,NEFT,0,
TXN-0003031,ACC-00445,ACC-00461,101655.66,2025-10-01T18:24:15,UPI,0,
TXN-0003032,ACC-00243,ACC-00171,3971.45,2025-11-02T16:30:08,NEFT,0,
TXN-0003033,ACC-00051,ACC-00095,69066.95,2025-12-28T15:47:27,UPI,0,
TXN-0003034,ACC-00083,ACC-00239,259069.21,2025-11-23T02:05:07,UPI,0,
TXN-0003035,ACC-00011,ACC-00224,87227.37,2025-12-18T13:37:20,NEFT,0,
TXN-0003036,ACC-00303,ACC-00294,46648.74,2025-12-07T10:17:55,NEFT,0,
TXN-0003037,ACC-00204,ACC-00242,30558.85,2025-12-20T23:35:07,UPI,0,
TXN-0003038,ACC-00370,ACC-00191,8080.98,2025-11-28T08:17:46,UPI,0,
TXN-0003039,ACC-00347,ACC-00205,31901.32,2025-10-30T03:27:16,UPI,0,
TXN-0003040,ACC-00475,ACC-00449,350624.29,2025-10-23T17:57:56,IMPS,0,
TXN-0003041,ACC-00461,ACC-00474,29311.9,2025-11-19T05:18:15,UPI,0,
TXN-0003042,ACC-00218,ACC-00396,7319.91,2025-10-27T03:39:23,ATM,0,
TXN-0003043,ACC-00205,ACC-00303,14972.27,2025-10-03T18:32:18,UPI,0,
TXN-0003044,ACC-00085,ACC-00472,52131.81,2025-10-30T04:24:30,RTGS,0,
TXN-0003045,ACC-00494,ACC-00357,18539.8,2025-11-20T21:12:27,UPI,0,
TXN-0003046,ACC-00497,ACC-00290,86989.78,2025-12-12T23:56:15,UPI,0,
TXN-0003047,ACC-00339,ACC-00170,93071.08,2025-12-16T13:29:59,ATM,0,
TXN-0003048,ACC-00496,ACC-00046,179902.39,2025-10-31T00:39:34,IMPS,0,
TXN-0003049,ACC-00072,ACC-00410,470902.83,2025-11-03T14:28:37,NEFT,0,
TXN-0003050,ACC-00084,ACC-00235,218064.4,2025-10-01T01:57:53,IMPS,0,
TXN-0003051,ACC-00102,ACC-00452,6757.24,2025-10-17T16:56:54,UPI,0,
TXN-0003052,ACC-00041,ACC-00094,7141.21,2025-10-23T22:20:51,RTGS,0,
TXN-0003053,ACC-00223,ACC-00046,31685.4,2025-12-10T07:21:19,UPI,0,
TXN-0003054,ACC-00350,ACC-00284,16121.1,2025-12-22T02:33:00,IMPS,0,
TXN-0003055,ACC-00002,ACC-00244,4679.81,2025-10-16T11:15:55,UPI,0,
TXN-0003056,ACC-00241,ACC-00281,16398.66,2025-12-06T16:19:42,UPI,0,
TXN-0003057,ACC-00108,ACC-00467,15457.92,2025-11-15T20:33:09,IMPS,0,
TXN-0003058,ACC-00425,ACC-00237,10836.49,2025-12-08T13:37:17,UPI,0,
TXN-0003059,ACC-00469,ACC-00049,20569.79,2025-11-07T15:06:45,UPI,0,
TXN-0003060,ACC-00390,ACC-00478,302916.22,2025-10-13T23:08:19,UPI,0,
TXN-0003061,ACC-00167,ACC-00459,51980.74,2025-10-28T11:53:28,IMPS,0,
TXN-0003062,ACC-00373,ACC-00446,3107273.89,2025-11-11T05:22:19,NEFT,0,
TXN-0003063,ACC-00273,ACC-00036,49360.94,2025-11-03T16:15:32,NEFT,0,
TXN-0003064,ACC-00379,ACC-00496,21544.62,2025-11-26T22:28:42,UPI,0,
TXN-0003065,ACC-00453,ACC-00311,36586.67,2025-10-18T07:08:34,IMPS,0,
TXN-0003066,ACC-00188,ACC-00185,57623.49,2025-11-02T23:54:36,NEFT,0,
TXN-0003067,ACC-00000,ACC-00312,79495.61,2025-11-28T04:10:03,IMPS,0,
TXN-0003068,ACC-00468,ACC-00039,1525877.77,2025-12-02T16:18:14,UPI,0,
TXN-0003069,ACC-00255,ACC-00096,7930.12,2025-10-05T07:06:18,UPI,0,
TXN-0003070,ACC-00222,ACC-00047,170464.6,2025-11-02T23:17:39,UPI,0,
TXN-0003071,ACC-00092,ACC-00217,52783.35,2025-10-15T15:16:02,UPI,0,
TXN-0003072,ACC-00198,ACC-00345,2147.42,2025-12-19T17:42:34,NEFT,0,
TXN-0003073,ACC-00133,ACC-00490,145402.03,2025-11-10T22:43:05,UPI,0,
TXN-0003074,ACC-00203,ACC-00349,355657.12,2025-11-20T05:30:34,IMPS,0,
TXN-0003075,ACC-00238,ACC-00412,7762.68,2025-10-09T00:33:58,UPI,0,
TXN-0003076,ACC-00375,ACC-00051,35736.18,2025-12-03T16:17:04,RTGS,0,
TXN-0003077,ACC-00411,ACC-00413,1626.79,2025-10-02T04:29:06,UPI,0,
TXN-0003078,ACC-00065,ACC-00294,3767.43,2025-11-19T05:19:36,UPI,0,
TXN-0003079,ACC-00232,ACC-00005,239534.62,2025-11-17T04:47:12,IMPS,0,
TXN-0003080,ACC-00343,ACC-00205,15684.85,2025-11-11T00:23:46,IMPS,0,
TXN-0003081,ACC-00155,ACC-00217,4935.23,2025-10-26T02:41:45,IMPS,0,
TXN-0003082,ACC-00059,ACC-00309,54886.83,2025-12-18T08:44:15,IMPS,0,
TXN-0003083,ACC-00230,ACC-00257,14180.99,2025-11-06T04:44:45,IMPS,0,
TXN-0003084,ACC-00364,ACC-00171,15560.97,2025-12-21T23:03:17,NEFT,0,
TXN-0003085,ACC-00186,ACC-00057,137418.58,2025-12-16T06:20:07,UPI,0,
TXN-0003086,ACC-00217,ACC-00272,4486.73,2025-12-13T18:01:17,UPI,0,
TXN-0003087,ACC-00345,ACC-00040,7117.72,2025-10-15T14:25:39,UPI,0,
TXN-0003088,ACC-00485,ACC-00478,47922.67,2025-12-08T16:44:43,NEFT,0,
TXN-0003089,ACC-00101,ACC-00263,207926.02,2025-12-18T22:02:35,NEFT,0,
TXN-0003090,ACC-00446,ACC-00232,337286.68,2025-11-12T05:21:45,UPI,0,
TXN-0003091,ACC-00144,ACC-00020,10969.66,2025-10-12T19:14:07,RTGS,0,
TXN-0003092,ACC-00235,ACC-00187,196276.28,2025-10-05T20:40:47,RTGS,0,
TXN-0003093,ACC-00351,ACC-00189,8853.29,2025-10-25T11:57:50,NEFT,0,
TXN-0003094,ACC-00345,ACC-00151,972063.9,2025-12-14T10:51:07,IMPS,0,
TXN-0003095,ACC-00277,ACC-00136,4718.34,2025-10-18T08:28:00,UPI,0,
TXN-0003096,ACC-00213,ACC-00008,396829.45,2025-11-13T09:02:59,UPI,0,
TXN-0003097,ACC-00325,ACC-00018,11140.31,2025-11-27T20:15:55,UPI,0,
TXN-0003098,ACC-00374,ACC-00018,1361154.26,2025-11-21T13:56:43,IMPS,0,
TXN-0003099,ACC-00127,ACC-00089,105279.85,2025-10-09T03:50:36,NEFT,0,
TXN-0003100,ACC-00064,ACC-00372,5832.32,2025-10-15T01:02:44,NEFT,0,
TXN-0003101,ACC-00220,ACC-00457,14185.43,2025-10-27T16:05:19,UPI,0,
TXN-0003102,ACC-00234,ACC-00352,148171.57,2025-11-29T22:16:33,UPI,0,
TXN-0003103,ACC-00422,ACC-00462,241532.65,2025-12-21T01:29:58,RTGS,0,
TXN-0003104,ACC-00420,ACC-00268,31975.07,2025-11-25T06:01:30,NEFT,0,
TXN-0003105,ACC-00039,ACC-00167,39355.26,2025-11-06T04:40:33,UPI,0,
TXN-0003106,ACC-00311,ACC-00370,142206.49,2025-12-01T22:12:55,IMPS,0,
TXN-0003107,ACC-00051,ACC-00195,46038.68,2025-11-19T18:31:11,ATM,0,
TXN-0003108,ACC-00040,ACC-00172,3539.32,2025-12-01T19:42:51,IMPS,0,
TXN-0003109,ACC-00216,ACC-00205,8405.54,2025-10-03T04:09:26,UPI,0,
TXN-0003110,ACC-00382,ACC-00131,55448.83,2025-12-10T01:26:08,IMPS,0,
TXN-0003111,ACC-00452,ACC-00040,323795.8,2025-12-21T06:00:34,RTGS,0,
TXN-0003112,ACC-00494,ACC-00059,665815.82,2025-12-17T01:19:35,UPI,0,
TXN-0003113,ACC-00133,ACC-00155,147731.68,2025-11-29T18:24:31,NEFT,0,
TXN-0003114,ACC-00437,ACC-00406,60908.22,2025-10-24T15:59:03,IMPS,0,
TXN-0003115,ACC-00025,ACC-00191,139785.59,2025-11-25T15:58:11,NEFT,0,
TXN-0003116,ACC-00389,ACC-00478,10936.36,2025-11-12T10:09:25,UPI,0,
TXN-0003117,ACC-00352,ACC-00398,27561.75,2025-10-19T00:44:37,UPI,0,
TXN-0003118,ACC-00343,ACC-00023,8238.43,2025-11-28T16:52:21,UPI,0,
TXN-0003119,ACC-00092,ACC-00347,3836.3,2025-10-28T15:53:39,UPI,0,
TXN-0003120,ACC-00208,ACC-00106,66196.85,2025-10-02T19:37:05,IMPS,0,
TXN-0003121,ACC-00336,ACC-00066,50712.31,2025-10-27T16:15:26,UPI,0,
TXN-0003122,ACC-00306,ACC-00404,125213.36,2025-12-01T15:19:23,UPI,0,
TXN-0003123,ACC-00113,ACC-00115,97051.91,2025-10-02T18:06:46,IMPS,0,
TXN-0003124,ACC-00113,ACC-00032,56204.93,2025-11-29T08:37:59,UPI,0,
TXN-0003125,ACC-00364,ACC-00311,98904.5,2025-12-20T06:59:28,NEFT,0,
TXN-0003126,ACC-00215,ACC-00325,33629.89,2025-11-27T18:59:17,UPI,0,
TXN-0003127,ACC-00199,ACC-00243,76359.25,2025-11-24T03:26:07,UPI,0,
TXN-0003128,ACC-00174,ACC-00163,9827.5,2025-11-03T15:05:31,IMPS,0,
TXN-0003129,ACC-00077,ACC-00236,70648.39,2025-12-22T22:47:37,IMPS,0,
TXN-0003130,ACC-00107,ACC-00272,120952.34,2025-12-07T17:49:04,UPI,0,
TXN-0003131,ACC-00199,ACC-00130,10878.82,2025-11-09T02:54:50,UPI,0,
TXN-0003132,ACC-00436,ACC-00292,39866.74,2025-10-08T15:10:16,NEFT,0,
TXN-0003133,ACC-00287,ACC-00176,11819.61,2025-10-09T01:37:06,UPI,0,
TXN-0003134,ACC-00271,ACC-00189,14076.86,2025-10-30T12:26:51,UPI,0,
TXN-0003135,ACC-00161,ACC-00231,4794.03,2025-12-05T11:42:07,NEFT,0,
TXN-0003136,ACC-00079,ACC-00319,354475.63,2025-11-26T19:00:06,UPI,0,
TXN-0003137,ACC-00180,ACC-00289,247269.3,2025-11-11T21:32:22,NEFT,0,
TXN-0003138,ACC-00391,ACC-00011,95547.71,2025-12-12T22:51:42,ATM,0,
TXN-0003139,ACC-00284,ACC-00380,1264203.34,2025-11-17T15:32:47,ATM,0,
TXN-0003140,ACC-00192,ACC-00471,25831.7,2025-11-22T04:40:54,UPI,0,
TXN-0003141,ACC-00310,ACC-00485,8513573.65,2025-12-22T11:52:13,UPI,0,
TXN-0003142,ACC-00202,ACC-00111,24111.57,2025-10-21T12:22:36,ATM,0,
TXN-0003143,ACC-00292,ACC-00148,57488.95,2025-10-18T08:13:13,RTGS,0,
TXN-0003144,ACC-00392,ACC-00398,17747.5,2025-12-11T07:25:02,ATM,0,
TXN-0003145,ACC-00281,ACC-00209,70982.31,2025-11-04T04:16:36,IMPS,0,
TXN-0003146,ACC-00214,ACC-00461,163424.58,2025-11-28T04:21:01,UPI,0,
TXN-0003147,ACC-00394,ACC-00185,29582.86,2025-12-01T04:38:55,UPI,0,
TXN-0003148,ACC-00452,ACC-00351,889216.24,2025-12-01T11:16:57,IMPS,0,
TXN-0003149,ACC-00162,ACC-00257,55852.45,2025-11-22T00:06:05,NEFT,0,
TXN-0003150,ACC-00115,ACC-00439,59093.35,2025-11-09T05:18:32,NEFT,0,
TXN-0003151,ACC-00237,ACC-00146,7071.33,2025-12-20T05:02:31,RTGS,0,
TXN-0003152,ACC-00080,ACC-00473,77133.91,2025-12-24T19:02:02,UPI,0,
TXN-0003153,ACC-00147,ACC-00001,28531.13,2025-11-21T17:12:03,IMPS,0,
TXN-0003154,ACC-00390,ACC-00237,12151.02,2025-12-03T17:02:05,UPI,0,
TXN-0003155,ACC-00464,ACC-00050,8976.33,2025-11-07T05:16:41,NEFT,0,
TXN-0003156,ACC-00214,ACC-00498,4453380.74,2025-11-10T14:38:19,NEFT,0,
TXN-0003157,ACC-00325,ACC-00014,22600.81,2025-11-30T02:05:07,UPI,0,
TXN-0003158,ACC-00312,ACC-00317,2637.08,2025-11-18T20:55:00,ATM,0,
TXN-0003159,ACC-00306,ACC-00292,10334.07,2025-12-11T02:01:42,NEFT,0,
TXN-0003160,ACC-00011,ACC-00166,33096.34,2025-11-29T04:57:58,UPI,0,
TXN-0003161,ACC-00291,ACC-00320,97148.95,2025-11-15T19:38:17,IMPS,0,
TXN-0003162,ACC-00487,ACC-00189,98580.99,2025-10-03T04:56:25,IMPS,0,
TXN-0003163,ACC-00452,ACC-00404,122750.14,2025-12-03T12:12:03,UPI,0,
TXN-0003164,ACC-00261,ACC-00442,11375.89,2025-10-19T17:47:46,RTGS,0,
TXN-0003165,ACC-00082,ACC-00234,67023.11,2025-11-05T19:58:55,IMPS,0,
TXN-0003166,ACC-00122,ACC-00089,7503.26,2025-11-15T20:13:59,RTGS,0,
TXN-0003167,ACC-00471,ACC-00102,11904.15,2025-11-01T08:00:06,UPI,0,
TXN-0003168,ACC-00033,ACC-00457,6961.32,2025-10-03T23:58:42,UPI,0,
TXN-0003169,ACC-00236,ACC-00235,4276.54,2025-10-24T19:00:02,IMPS,0,
TXN-0003170,ACC-00227,ACC-00123,246613.37,2025-12-17T08:34:13,UPI,0,
TXN-0003171,ACC-00236,ACC-00256,125429.74,2025-12-02T06:31:19,UPI,0,
TXN-0003172,ACC-00309,ACC-00428,210659.35,2025-11-02T03:53:23,RTGS,0,
TXN-0003173,ACC-00465,ACC-00081,38978.42,2025-10-24T18:34:23,NEFT,0,
TXN-0003174,ACC-00492,ACC-00035,147009.7,2025-10-01T16:02:21,IMPS,0,
TXN-0003175,ACC-00349,ACC-00346,1524.89,2025-11-09T10:51:23,RTGS,0,
TXN-0003176,ACC-00240,ACC-00441,171709.18,2025-11-07T09:51:01,UPI,0,
TXN-0003177,ACC-00213,ACC-00490,49951.89,2025-10-26T05:54:43,RTGS,0,
TXN-0003178,ACC-00275,ACC-00061,112285.19,2025-12-09T11:55:22,IMPS,0,
TXN-0003179,ACC-00331,ACC-00273,71972.68,2025-12-09T09:31:16,UPI,0,
TXN-0003180,ACC-00246,ACC-00423,6144.43,2025-12-10T11:46:35,UPI,0,
TXN-0003181,ACC-00415,ACC-00203,2449.23,2025-12-20T10:05:48,IMPS,0,
TXN-0003182,ACC-00393,ACC-00020,10079.94,2025-11-05T06:43:15,UPI,0,
TXN-0003183,ACC-00474,ACC-00261,100393.34,2025-12-01T02:18:04,NEFT,0,
TXN-0003184,ACC-00219,ACC-00403,125764.27,2025-10-13T01:04:24,UPI,0,
TXN-0003185,ACC-00433,ACC-00134,3095.5,2025-12-13T14:07:45,IMPS,0,
TXN-0003186,ACC-00385,ACC-00405,6210.65,2025-10-11T20:28:29,IMPS,0,
TXN-0003187,ACC-00187,ACC-00211,9879.09,2025-12-03T17:50:31,UPI,0,
TXN-0003188,ACC-00467,ACC-00124,19088.68,2025-12-17T05:46:23,NEFT,0,
TXN-0003189,ACC-00135,ACC-00049,3128.5,2025-11-02T01:00:56,NEFT,0,
TXN-0003190,ACC-00037,ACC-00234,2808.22,2025-12-27T07:16:36,IMPS,0,
TXN-0003191,ACC-00385,ACC-00125,8272.54,2025-12-13T11:53:33,UPI,0,
TXN-0003192,ACC-00151,ACC-00352,42414.98,2025-11-13T04:09:39,UPI,0,
TXN-0003193,ACC-00230,ACC-00358,4336.97,2025-10-26T01:00:04,NEFT,0,
TXN-0003194,ACC-00304,ACC-00018,29482.55,2025-12-13T22:00:38,UPI,0,
TXN-0003195,ACC-00267,ACC-00147,244115.09,2025-10-03T12:26:44,UPI,0,
TXN-0003196,ACC-00189,ACC-00288,3487.0,2025-11-05T05:12:31,IMPS,0,
TXN-0003197,ACC-00157,ACC-00483,25044.2,2025-12-09T12:01:13,UPI,0,
TXN-0003198,ACC-00324,ACC-00156,229707.52,2025-11-16T03:29:38,IMPS,0,
TXN-0003199,ACC-00344,ACC-00150,17104.84,2025-10-15T23:52:27,IMPS,0,
TXN-0003200,ACC-00355,ACC-00065,12931.15,2025-10-15T05:25:50,NEFT,0,
TXN-0003201,ACC-00439,ACC-00196,294870.77,2025-10-25T23:33:57,NEFT,0,
TXN-0003202,ACC-00014,ACC-00435,20927.85,2025-10-21T13:12:29,NEFT,0,
TXN-0003203,ACC-00075,ACC-00299,265160.62,2025-10-02T04:07:02,UPI,0,
TXN-0003204,ACC-00369,ACC-00260,78600.84,2025-12-12T09:02:28,RTGS,0,
TXN-0003205,ACC-00264,ACC-00207,19592.06,2025-11-16T07:25:50,NEFT,0,
TXN-0003206,ACC-00087,ACC-00497,86115.35,2025-11-03T10:04:32,NEFT,0,
TXN-0003207,ACC-00300,ACC-00436,64654.25,2025-11-18T15:38:11,UPI,0,
TXN-0003208,ACC-00191,ACC-00193,228111.33,2025-12-24T00:32:54,RTGS,0,
TXN-0003209,ACC-00331,ACC-00086,13534.24,2025-12-24T13:04:11,NEFT,0,
TXN-0003210,ACC-00089,ACC-00247,39111.46,2025-12-27T02:28:22,UPI,0,
TXN-0003211,ACC-00342,ACC-00484,32508.98,2025-10-07T06:53:04,UPI,0,
TXN-0003212,ACC-00158,ACC-00105,128986.97,2025-10-22T18:40:48,UPI,0,
TXN-0003213,ACC-00311,ACC-00398,5736.92,2025-12-10T18:08:17,IMPS,0,
TXN-0003214,ACC-00332,ACC-00100,226513.24,2025-11-04T14:42:31,NEFT,0,
TXN-0003215,ACC-00291,ACC-00467,84068.88,2025-12-02T00:07:51,RTGS,0,
TXN-0003216,ACC-00430,ACC-00382,3393.22,2025-12-22T02:43:51,IMPS,0,
TXN-0003217,ACC-00403,ACC-00268,319615.21,2025-12-27T04:48:19,UPI,0,
TXN-0003218,ACC-00103,ACC-00186,2025581.84,2025-12-04T11:48:03,UPI,0,
TXN-0003219,ACC-00320,ACC-00050,220422.44,2025-11-01T23:49:32,NEFT,0,
TXN-0003220,ACC-00138,ACC-00283,473815.17,2025-11-21T22:04:00,IMPS,0,
TXN-0003221,ACC-00275,ACC-00446,42347.66,2025-10-08T17:07:32,ATM,0,
TXN-0003222,ACC-00028,ACC-00228,1824.92,2025-11-25T00:30:42,NEFT,0,
TXN-0003223,ACC-00125,ACC-00131,1313.67,2025-12-17T09:46:24,IMPS,0,
TXN-0003224,ACC-00353,ACC-00479,57477.43,2025-12-03T04:29:26,RTGS,0,
TXN-0003225,ACC-00116,ACC-00353,12511.93,2025-12-09T15:37:02,NEFT,0,
TXN-0003226,ACC-00020,ACC-00311,7000.68,2025-10-26T19:16:24,NEFT,0,
TXN-0003227,ACC-00046,ACC-00380,32437.03,2025-10-19T10:45:54,IMPS,0,
TXN-0003228,ACC-00469,ACC-00032,109979.97,2025-12-27T23:27:41,RTGS,0,
TXN-0003229,ACC-00267,ACC-00155,2657.22,2025-10-06T21:49:33,UPI,0,
TXN-0003230,ACC-00124,ACC-00299,16187.92,2025-12-13T22:50:39,NEFT,0,
TXN-0003231,ACC-00237,ACC-00050,550051.52,2025-11-22T03:08:45,RTGS,0,
TXN-0003232,ACC-00026,ACC-00163,5242.12,2025-12-16T16:52:15,NEFT,0,
TXN-0003233,ACC-00100,ACC-00244,173784.3,2025-10-12T07:14:47,NEFT,0,
TXN-0003234,ACC-00243,ACC-00101,15176.21,2025-10-10T16:43:39,NEFT,0,
TXN-0003235,ACC-00110,ACC-00306,96996.36,2025-11-17T07:19:47,UPI,0,
TXN-0003236,ACC-00004,ACC-00297,261761.62,2025-11-11T17:24:11,RTGS,0,
TXN-0003237,ACC-00057,ACC-00368,137903.19,2025-12-26T01:44:07,NEFT,0,
TXN-0003238,ACC-00329,ACC-00099,186556.1,2025-11-27T04:19:26,IMPS,0,
TXN-0003239,ACC-00314,ACC-00386,4569.37,2025-11-14T07:08:59,ATM,0,
TXN-0003240,ACC-00128,ACC-00386,269571.1,2025-11-09T12:46:20,NEFT,0,
TXN-0003241,ACC-00252,ACC-00323,7825.57,2025-10-18T03:20:56,UPI,0,
TXN-0003242,ACC-00247,ACC-00263,57940.69,2025-10-28T13:11:55,ATM,0,
TXN-0003243,ACC-00153,ACC-00135,57805.73,2025-12-24T04:51:52,NEFT,0,
TXN-0003244,ACC-00174,ACC-00140,86961.49,2025-12-05T19:29:15,NEFT,0,
TXN-0003245,ACC-00158,ACC-00320,66604.14,2025-11-12T17:22:34,UPI,0,
TXN-0003246,ACC-00387,ACC-00484,7951.71,2025-10-18T16:30:38,NEFT,0,
TXN-0003247,ACC-00163,ACC-00457,3197.86,2025-11-19T11:19:57,NEFT,0,
TXN-0003248,ACC-00083,ACC-00091,174595.58,2025-10-07T08:45:52,IMPS,0,
TXN-0003249,ACC-00344,ACC-00155,50741.64,2025-10-10T04:21:33,RTGS,0,
TXN-0003250,ACC-00226,ACC-00175,287471.3,2025-12-01T22:22:30,IMPS,0,
TXN-0003251,ACC-00421,ACC-00093,33506.03,2025-10-19T19:06:36,IMPS,0,
TXN-0003252,ACC-00390,ACC-00118,2894.9,2025-10-21T16:49:49,UPI,0,
TXN-0003253,ACC-00156,ACC-00163,206702.0,2025-12-14T09:53:21,NEFT,0,
TXN-0003254,ACC-00052,ACC-00350,18644.99,2025-10-30T03:11:37,RTGS,0,
TXN-0003255,ACC-00107,ACC-00292,67211.94,2025-12-05T05:36:38,UPI,0,
TXN-0003256,ACC-00080,ACC-00098,11322.79,2025-12-14T09:50:07,UPI,0,
TXN-0003257,ACC-00087,ACC-00436,700635.51,2025-10-16T08:02:03,NEFT,0,
TXN-0003258,ACC-00080,ACC-00166,7496.44,2025-11-20T03:27:13,ATM,0,
TXN-0003259,ACC-00334,ACC-00304,19783.95,2025-12-16T13:55:03,NEFT,0,
TXN-0003260,ACC-00371,ACC-00137,44064.41,2025-10-23T04:57:52,RTGS,0,
TXN-0003261,ACC-00241,ACC-00478,5085.11,2025-12-23T03:10:41,IMPS,0,
TXN-0003262,ACC-00189,ACC-00074,65836.86,2025-10-30T17:34:23,UPI,0,
TXN-0003263,ACC-00181,ACC-00424,660953.56,2025-12-12T08:28:27,UPI,0,
TXN-0003264,ACC-00157,ACC-00217,15020.45,2025-11-24T16:33:08,UPI,0,
TXN-0003265,ACC-00213,ACC-00002,73958.33,2025-12-14T00:06:27,RTGS,0,
TXN-0003266,ACC-00028,ACC-00495,257.5,2025-11-09T16:32:40,UPI,0,
TXN-0003267,ACC-00412,ACC-00071,33857.89,2025-11-14T08:37:48,IMPS,0,
TXN-0003268,ACC-00009,ACC-00419,20671.76,2025-12-08T09:13:43,UPI,0,
TXN-0003269,ACC-00338,ACC-00366,8322.39,2025-10-25T20:21:30,UPI,0,
TXN-0003270,ACC-00191,ACC-00012,254386.7,2025-11-01T05:57:18,NEFT,0,
TXN-0003271,ACC-00195,ACC-00166,20186.34,2025-11-24T04:23:35,NEFT,0,
TXN-0003272,ACC-00102,ACC-00408,26384.73,2025-10-21T20:56:21,NEFT,0,
TXN-0003273,ACC-00225,ACC-00438,18417.43,2025-10-27T14:22:48,UPI,0,
TXN-0003274,ACC-00124,ACC-00082,1152.55,2025-11-01T14:25:49,IMPS,0,
TXN-0003275,ACC-00482,ACC-00369,4733.52,2025-11-27T13:39:03,NEFT,0,
TXN-0003276,ACC-00497,ACC-00484,204836.68,2025-10-05T11:11:15,IMPS,0,
TXN-0003277,ACC-00199,ACC-00352,814.1,2025-12-28T05:51:39,IMPS,0,
TXN-0003278,ACC-00127,ACC-00143,9141.98,2025-11-28T21:43:29,NEFT,0,
TXN-0003279,ACC-00030,ACC-00051,17685.56,2025-10-06T10:45:23,NEFT,0,
TXN-0003280,ACC-00141,ACC-00275,837787.16,2025-11-05T20:52:41,NEFT,0,
TXN-0003281,ACC-00145,ACC-00056,144854.75,2025-11-15T19:28:08,UPI,0,
TXN-0003282,ACC-00383,ACC-00037,13320.95,2025-11-01T12:14:45,ATM,0,
TXN-0003283,ACC-00375,ACC-00211,380075.29,2025-12-20T00:46:59,UPI,0,
TXN-0003284,ACC-00077,ACC-00301,9576.54,2025-10-30T00:23:02,NEFT,0,
TXN-0003285,ACC-00287,ACC-00045,223324.16,2025-11-12T13:13:21,UPI,0,
TXN-0003286,ACC-00293,ACC-00279,3146.42,2025-12-14T01:25:22,IMPS,0,
TXN-0003287,ACC-00285,ACC-00271,250662.85,2025-12-19T08:28:13,UPI,0,
TXN-0003288,ACC-00011,ACC-00071,17482.57,2025-12-14T23:07:30,IMPS,0,
TXN-0003289,ACC-00445,ACC-00402,5702.68,2025-12-07T21:22:25,IMPS,0,
TXN-0003290,ACC-00160,ACC-00490,24566.56,2025-12-22T20:38:37,UPI,0,
TXN-0003291,ACC-00395,ACC-00228,59827.43,2025-12-12T13:16:21,RTGS,0,
TXN-0003292,ACC-00094,ACC-00164,14905.01,2025-11-15T11:16:46,UPI,0,
TXN-0003293,ACC-00185,ACC-00170,98431.52,2025-10-20T07:40:08,IMPS,0,
TXN-0003294,ACC-00360,ACC-00132,12715.93,2025-10-25T19:01:36,NEFT,0,
TXN-0003295,ACC-00477,ACC-00011,110931.74,2025-10-14T14:51:09,UPI,0,
TXN-0003296,ACC-00210,ACC-00218,80498.97,2025-11-08T11:27:52,IMPS,0,
TXN-0003297,ACC-00408,ACC-00024,32543.68,2025-12-20T17:56:30,NEFT,0,
TXN-0003298,ACC-00467,ACC-00262,16407.8,2025-11-06T06:15:30,UPI,0,
TXN-0003299,ACC-00223,ACC-00016,47704.14,2025-11-18T22:53:53,RTGS,0,
TXN-0003300,ACC-00167,ACC-00404,97778.18,2025-11-22T07:31:00,NEFT,0,
TXN-0003301,ACC-00294,ACC-00170,1485465.09,2025-12-01T14:11:53,UPI,0,
TXN-0003302,ACC-00038,ACC-00289,196999.56,2025-10-09T22:42:35,ATM,0,
TXN-0003303,ACC-00399,ACC-00057,210403.4,2025-11-21T15:05:46,UPI,0,
TXN-0003304,ACC-00262,ACC-00433,9429201.28,2025-12-22T16:06:21,UPI,0,
TXN-0003305,ACC-00472,ACC-00239,91924.72,2025-11-29T05:28:34,IMPS,0,
TXN-0003306,ACC-00097,ACC-00384,86886.53,2025-10-08T02:17:49,IMPS,0,
TXN-0003307,ACC-00220,ACC-00418,128956.08,2025-10-27T21:08:31,NEFT,0,
TXN-0003308,ACC-00455,ACC-00450,5906.81,2025-12-11T17:50:49,UPI,0,
TXN-0003309,ACC-00169,ACC-00037,16333.56,2025-10-18T15:19:50,NEFT,0,
TXN-0003310,ACC-00173,ACC-00232,14601.73,2025-11-21T05:39:45,IMPS,0,
TXN-0003311,ACC-00378,ACC-00419,116506.83,2025-11-11T23:33:30,RTGS,0,
TXN-0003312,ACC-00205,ACC-00294,26542.06,2025-10-29T12:38:08,UPI,0,
TXN-0003313,ACC-00424,ACC-00199,46574.21,2025-10-02T19:58:26,UPI,0,
TXN-0003314,ACC-00165,ACC-00218,257150.89,2025-10-15T14:40:42,UPI,0,
TXN-0003315,ACC-00114,ACC-00299,171728.72,2025-12-05T11:47:17,IMPS,0,
TXN-0003316,ACC-00272,ACC-00234,27143.75,2025-12-03T11:01:40,IMPS,0,
TXN-0003317,ACC-00394,ACC-00420,10872.68,2025-11-25T18:32:18,RTGS,0,
TXN-0003318,ACC-00457,ACC-00450,280266.02,2025-12-09T09:50:53,RTGS,0,
TXN-0003319,ACC-00078,ACC-00096,146239.96,2025-12-15T01:12:06,UPI,0,
TXN-0003320,ACC-00157,ACC-00092,2015.73,2025-10-10T19:06:21,UPI,0,
TXN-0003321,ACC-00308,ACC-00483,20667.61,2025-12-22T00:17:23,UPI,0,
TXN-0003322,ACC-00065,ACC-00276,48919.33,2025-11-03T20:06:34,ATM,0,
TXN-0003323,ACC-00167,ACC-00445,147545.74,2025-10-31T14:47:12,RTGS,0,
TXN-0003324,ACC-00336,ACC-00106,186872.66,2025-10-20T13:59:54,UPI,0,
TXN-0003325,ACC-00217,ACC-00138,60538.26,2025-10-23T14:52:48,RTGS,0,
TXN-0003326,ACC-00111,ACC-00395,104135.22,2025-11-04T12:00:47,UPI,0,
TXN-0003327,ACC-00449,ACC-00460,40759.58,2025-11-12T16:26:15,UPI,0,
TXN-0003328,ACC-00485,ACC-00192,10797.47,2025-10-03T11:14:31,NEFT,0,
TXN-0003329,ACC-00380,ACC-00437,22691.01,2025-12-11T20:07:18,UPI,0,
TXN-0003330,ACC-00025,ACC-00228,37578.38,2025-11-12T13:53:17,UPI,0,
TXN-0003331,ACC-00105,ACC-00394,34117.9,2025-11-06T22:38:26,NEFT,0,
TXN-0003332,ACC-00063,ACC-00047,1219.22,2025-10-18T00:00:18,NEFT,0,
TXN-0003333,ACC-00296,ACC-00370,17756.91,2025-11-20T03:31:24,UPI,0,
TXN-0003334,ACC-00387,ACC-00107,40181.83,2025-10-12T16:27:18,RTGS,0,
TXN-0003335,ACC-00379,ACC-00309,21884.5,2025-11-04T19:06:36,IMPS,0,
TXN-0003336,ACC-00162,ACC-00212,23288.55,2025-10-19T13:01:05,UPI,0,
TXN-0003337,ACC-00046,ACC-00409,87411.7,2025-11-19T05:11:10,UPI,0,
TXN-0003338,ACC-00130,ACC-00260,5207.61,2025-10-11T20:57:39,RTGS,0,
TXN-0003339,ACC-00008,ACC-00003,1938.22,2025-11-06T21:31:55,IMPS,0,
TXN-0003340,ACC-00204,ACC-00492,19405.16,2025-12-23T06:06:13,UPI,0,
TXN-0003341,ACC-00184,ACC-00484,143688.92,2025-10-31T02:18:35,IMPS,0,
TXN-0003342,ACC-00222,ACC-00484,757361.13,2025-12-22T07:32:10,IMPS,0,
TXN-0003343,ACC-00117,ACC-00359,148424.37,2025-10-09T04:47:10,IMPS,0,
TXN-0003344,ACC-00414,ACC-00199,2584.08,2025-12-25T01:05:32,NEFT,0,
TXN-0003345,ACC-00487,ACC-00493,23902.52,2025-10-27T16:08:05,IMPS,0,
TXN-0003346,ACC-00459,ACC-00165,57638.26,2025-10-05T09:43:06,UPI,0,
TXN-0003347,ACC-00127,ACC-00090,49994.29,2025-11-24T19:33:54,UPI,0,
TXN-0003348,ACC-00265,ACC-00079,95869.98,2025-10-14T14:44:13,IMPS,0,
TXN-0003349,ACC-00390,ACC-00019,6969.59,2025-10-06T22:33:47,NEFT,0,
TXN-0003350,ACC-00107,ACC-00443,40818.78,2025-12-11T19:58:25,IMPS,0,
TXN-0003351,ACC-00190,ACC-00316,77387.54,2025-11-10T06:43:55,IMPS,0,
TXN-0003352,ACC-00214,ACC-00088,160525.44,2025-10-17T22:56:05,RTGS,0,
TXN-0003353,ACC-00494,ACC-00077,8516.04,2025-12-12T00:54:27,IMPS,0,
TXN-0003354,ACC-00342,ACC-00092,19510.69,2025-11-05T10:40:12,RTGS,0,
TXN-0003355,ACC-00056,ACC-00402,279.54,2025-10-16T18:21:29,UPI,0,
TXN-0003356,ACC-00104,ACC-00156,11865.24,2025-11-09T04:34:57,NEFT,0,
TXN-0003357,ACC-00465,ACC-00430,14129.97,2025-10-26T17:55:02,NEFT,0,
TXN-0003358,ACC-00014,ACC-00401,5794.98,2025-10-03T12:11:18,UPI,0,
TXN-0003359,ACC-00455,ACC-00240,48927.84,2025-10-04T07:44:41,IMPS,0,
TXN-0003360,ACC-00073,ACC-00467,32836.57,2025-11-09T13:54:12,UPI,0,
TXN-0003361,ACC-00193,ACC-00390,622.3,2025-11-28T02:37:24,IMPS,0,
TXN-0003362,ACC-00086,ACC-00080,53525.55,2025-10-10T17:17:07,UPI,0,
TXN-0003363,ACC-00459,ACC-00114,6829.57,2025-10-09T22:39:51,NEFT,0,
TXN-0003364,ACC-00033,ACC-00057,87050.19,2025-11-16T04:26:11,NEFT,0,
TXN-0003365,ACC-00212,ACC-00438,3614.35,2025-12-27T04:49:32,NEFT,0,
TXN-0003366,ACC-00068,ACC-00438,38330.91,2025-11-28T13:43:24,IMPS,0,
TXN-0003367,ACC-00000,ACC-00159,21813.97,2025-11-16T05:43:39,NEFT,0,
TXN-0003368,ACC-00462,ACC-00131,62666.57,2025-10-13T10:43:27,UPI,0,
TXN-0003369,ACC-00276,ACC-00187,45453.95,2025-11-29T13:48:50,IMPS,0,
TXN-0003370,ACC-00049,ACC-00244,22941.54,2025-11-17T20:18:40,IMPS,0,
TXN-0003371,ACC-00436,ACC-00292,2286.35,2025-10-20T01:22:55,UPI,0,
TXN-0003372,ACC-00263,ACC-00066,2542.81,2025-12-18T04:49:43,RTGS,0,
TXN-0003373,ACC-00115,ACC-00337,12695.51,2025-10-08T23:30:51,IMPS,0,
TXN-0003374,ACC-00367,ACC-00206,35778.28,2025-10-28T09:48:22,RTGS,0,
TXN-0003375,ACC-00053,ACC-00127,12150.84,2025-10-22T23:08:19,UPI,0,
TXN-0003376,ACC-00373,ACC-00337,111902.3,2025-10-30T05:37:58,UPI,0,
TXN-0003377,ACC-00498,ACC-00236,21969.32,2025-12-04T21:22:59,NEFT,0,
TXN-0003378,ACC-00264,ACC-00295,6393.12,2025-12-25T18:53:50,UPI,0,
TXN-0003379,ACC-00460,ACC-00067,22013.84,2025-11-01T20:09:53,NEFT,0,
TXN-0003380,ACC-00338,ACC-00074,54532.26,2025-11-26T06:01:35,IMPS,0,
TXN-0003381,ACC-00435,ACC-00017,65172.47,2025-12-12T14:49:01,RTGS,0,
TXN-0003382,ACC-00197,ACC-00323,1067769.49,2025-10-05T15:53:27,IMPS,0,
TXN-0003383,ACC-00093,ACC-00007,10893.95,2025-10-14T21:06:28,NEFT,0,
TXN-0003384,ACC-00427,ACC-00406,31816.44,2025-10-24T02:10:57,UPI,0,
TXN-0003385,ACC-00165,ACC-00005,78199.86,2025-11-25T13:03:31,NEFT,0,
TXN-0003386,ACC-00439,ACC-00176,34816.22,2025-10-19T05:29:06,NEFT,0,
TXN-0003387,ACC-00418,ACC-00497,14748.36,2025-11-26T00:58:36,NEFT,0,
TXN-0003388,ACC-00109,ACC-00232,2233.53,2025-11-30T07:45:47,UPI,0,
TXN-0003389,ACC-00225,ACC-00060,14479.63,2025-12-12T07:53:01,UPI,0,
TXN-0003390,ACC-00393,ACC-00263,5257.1,2025-12-29T16:48:34,UPI,0,
TXN-0003391,ACC-00456,ACC-00095,1623.12,2025-10-25T18:51:20,UPI,0,
TXN-0003392,ACC-00446,ACC-00249,8671.34,2025-12-14T22:54:30,NEFT,0,
TXN-0003393,ACC-00339,ACC-00049,5515.04,2025-12-04T20:34:56,RTGS,0,
TXN-0003394,ACC-00390,ACC-00265,103861.73,2025-10-26T12:30:57,UPI,0,
TXN-0003395,ACC-00187,ACC-00218,107147.89,2025-12-02T08:39:01,UPI,0,
TXN-0003396,ACC-00278,ACC-00064,7136.78,2025-10-10T04:23:44,UPI,0,
TXN-0003397,ACC-00234,ACC-00424,22733.35,2025-10-11T18:58:04,UPI,0,
TXN-0003398,ACC-00364,ACC-00151,1280.7,2025-10-13T06:17:54,RTGS,0,
TXN-0003399,ACC-00157,ACC-00231,14915.98,2025-11-12T08:20:09,NEFT,0,
TXN-0003400,ACC-00481,ACC-00042,74471.18,2025-12-24T04:10:50,ATM,0,
TXN-0003401,ACC-00093,ACC-00203,160313.76,2025-12-19T14:48:01,RTGS,0,
TXN-0003402,ACC-00261,ACC-00099,10061.94,2025-10-14T18:12:16,IMPS,0,
TXN-0003403,ACC-00113,ACC-00397,241189.63,2025-10-02T14:57:31,UPI,0,
TXN-0003404,ACC-00381,ACC-00181,2372.63,2025-11-21T00:40:40,NEFT,0,
TXN-0003405,ACC-00077,ACC-00288,3844.0,2025-12-23T11:46:23,NEFT,0,
TXN-0003406,ACC-00024,ACC-00409,130273.5,2025-11-21T18:20:38,UPI,0,
TXN-0003407,ACC-00117,ACC-00355,735288.5,2025-11-21T13:01:00,UPI,0,
TXN-0003408,ACC-00081,ACC-00051,88271.94,2025-12-06T01:26:22,UPI,0,
TXN-0003409,ACC-00324,ACC-00439,33771.88,2025-11-30T00:28:25,UPI,0,
TXN-0003410,ACC-00476,ACC-00384,698.31,2025-12-09T12:36:04,UPI,0,
TXN-0003411,ACC-00482,ACC-00489,952.98,2025-11-29T04:37:25,NEFT,0,
TXN-0003412,ACC-00103,ACC-00142,45841.14,2025-10-05T17:58:25,ATM,0,
TXN-0003413,ACC-00485,ACC-00205,19062.67,2025-10-29T18:53:12,UPI,0,
TXN-0003414,ACC-00267,ACC-00497,4961.67,2025-11-10T21:36:59,RTGS,0,
TXN-0003415,ACC-00239,ACC-00164,40862.12,2025-10-14T05:10:56,IMPS,0,
TXN-0003416,ACC-00153,ACC-00000,44678.0,2025-10-08T06:27:39,UPI,0,
TXN-0003417,ACC-00284,ACC-00342,198778.93,2025-10-31T06:05:35,UPI,0,
TXN-0003418,ACC-00375,ACC-00313,46438.5,2025-11-27T16:05:06,ATM,0,
TXN-0003419,ACC-00030,ACC-00386,331409.44,2025-11-09T20:14:39,UPI,0,
TXN-0003420,ACC-00246,ACC-00421,36841.83,2025-10-16T13:24:59,IMPS,0,
TXN-0003421,ACC-00413,ACC-00499,29507.42,2025-10-24T12:58:47,UPI,0,
TXN-0003422,ACC-00081,ACC-00330,246658.96,2025-11-10T16:21:44,UPI,0,
TXN-0003423,ACC-00099,ACC-00127,6240.44,2025-12-21T00:07:39,UPI,0,
TXN-0003424,ACC-00115,ACC-00493,5757451.09,2025-10-27T19:38:03,UPI,0,
TXN-0003425,ACC-00205,ACC-00063,71357.91,2025-12-10T11:39:12,IMPS,0,
TXN-0003426,ACC-00483,ACC-00344,72077.17,2025-10-15T17:49:38,UPI,0,
TXN-0003427,ACC-00072,ACC-00344,93449.15,2025-10-27T17:53:32,IMPS,0,
TXN-0003428,ACC-00005,ACC-00326,1065383.79,2025-10-12T09:18:36,NEFT,0,
TXN-0003429,ACC-00268,ACC-00052,151223.38,2025-12-14T22:05:36,NEFT,0,
TXN-0003430,ACC-00241,ACC-00118,2020.09,2025-12-04T02:53:36,NEFT,0,
TXN-0003431,ACC-00420,ACC-00063,454179.01,2025-11-22T13:13:33,IMPS,0,
TXN-0003432,ACC-00232,ACC-00078,19660.88,2025-10-07T20:03:00,RTGS,0,
TXN-0003433,ACC-00386,ACC-00466,44041.12,2025-12-09T21:44:14,UPI,0,
TXN-0003434,ACC-00139,ACC-00486,3631.29,2025-10-04T23:28:14,UPI,0,
TXN-0003435,ACC-00456,ACC-00130,93635.38,2025-10-11T22:55:50,NEFT,0,
TXN-0003436,ACC-00218,ACC-00299,11243.28,2025-10-17T08:31:51,RTGS,0,
TXN-0003437,ACC-00354,ACC-00443,43490.83,2025-12-17T03:12:56,NEFT,0,
TXN-0003438,ACC-00149,ACC-00115,21777.26,2025-11-20T18:18:14,UPI,0,
TXN-0003439,ACC-00374,ACC-00308,1161267.97,2025-11-28T03:52:50,RTGS,0,
TXN-0003440,ACC-00123,ACC-00445,1287314.14,2025-12-22T12:33:46,IMPS,0,
TXN-0003441,ACC-00428,ACC-00359,39486.88,2025-11-11T23:44:42,NEFT,0,
TXN-0003442,ACC-00326,ACC-00053,40747.91,2025-12-23T23:59:08,IMPS,0,
TXN-0003443,ACC-00431,ACC-00370,18542.17,2025-12-11T02:42:54,UPI,0,
TXN-0003444,ACC-00128,ACC-00327,265882.92,2025-11-19T07:18:52,UPI,0,
TXN-0003445,ACC-00341,ACC-00428,20089.33,2025-10-25T09:27:09,ATM,0,
TXN-0003446,ACC-00042,ACC-00006,17010.62,2025-10-10T19:39:08,IMPS,0,
TXN-0003447,ACC-00248,ACC-00124,211391.5,2025-11-26T20:58:33,NEFT,0,
TXN-0003448,ACC-00302,ACC-00222,13781.21,2025-12-04T15:01:36,UPI,0,
TXN-0003449,ACC-00399,ACC-00423,33929.53,2025-12-08T18:59:32,NEFT,0,
TXN-0003450,ACC-00310,ACC-00428,2108.31,2025-11-24T21:59:25,UPI,0,
TXN-0003451,ACC-00265,ACC-00445,128996.77,2025-12-29T19:58:21,IMPS,0,
TXN-0003452,ACC-00021,ACC-00308,1194884.98,2025-10-11T11:11:12,NEFT,0,
TXN-0003453,ACC-00406,ACC-00329,133013.47,2025-10-10T13:42:01,NEFT,0,
TXN-0003454,ACC-00060,ACC-00494,504457.31,2025-12-14T04:19:13,UPI,0,
TXN-0003455,ACC-00297,ACC-00344,7918.97,2025-12-08T20:48:04,RTGS,0,
TXN-0003456,ACC-00215,ACC-00417,55569.16,2025-11-08T05:29:33,IMPS,0,
TXN-0003457,ACC-00020,ACC-00177,6649.6,2025-12-02T19:49:31,IMPS,0,
TXN-0003458,ACC-00436,ACC-00235,24101.32,2025-11-25T15:59:25,RTGS,0,
TXN-0003459,ACC-00019,ACC-00481,145798.48,2025-11-08T17:01:17,IMPS,0,
TXN-0003460,ACC-00321,ACC-00381,43620.26,2025-12-15T12:00:39,NEFT,0,
TXN-0003461,ACC-00464,ACC-00013,2856.2,2025-10-21T23:24:30,NEFT,0,
TXN-0003462,ACC-00012,ACC-00322,3404.82,2025-11-01T22:32:15,UPI,0,
TXN-0003463,ACC-00471,ACC-00211,3022.7,2025-12-17T20:33:04,UPI,0,
TXN-0003464,ACC-00233,ACC-00434,87958.0,2025-12-26T12:03:05,UPI,0,
TXN-0003465,ACC-00419,ACC-00349,1491078.38,2025-11-03T09:41:38,UPI,0,
TXN-0003466,ACC-00494,ACC-00127,421858.34,2025-10-27T20:36:01,NEFT,0,
TXN-0003467,ACC-00024,ACC-00166,1196.58,2025-11-14T11:41:38,IMPS,0,
TXN-0003468,ACC-00325,ACC-00134,468802.42,2025-12-14T14:59:37,IMPS,0,
TXN-0003469,ACC-00107,ACC-00285,195931.57,2025-12-14T20:06:53,RTGS,0,
TXN-0003470,ACC-00331,ACC-00164,2249.49,2025-12-11T21:58:01,NEFT,0,
TXN-0003471,ACC-00178,ACC-00399,21041.19,2025-12-19T04:10:53,UPI,0,
TXN-0003472,ACC-00255,ACC-00438,260912.49,2025-10-09T15:04:51,UPI,0,
TXN-0003473,ACC-00315,ACC-00275,97809.83,2025-12-11T19:59:49,IMPS,0,
TXN-0003474,ACC-00494,ACC-00116,3441.38,2025-10-31T17:34:40,IMPS,0,
TXN-0003475,ACC-00051,ACC-00468,109025.37,2025-12-10T02:14:37,UPI,0,
TXN-0003476,ACC-00207,ACC-00160,774.72,2025-11-30T08:53:54,NEFT,0,
TXN-0003477,ACC-00095,ACC-00387,24316.74,2025-11-07T03:44:49,UPI,0,
TXN-0003478,ACC-00438,ACC-00362,281622.33,2025-11-17T03:09:31,UPI,0,
TXN-0003479,ACC-00412,ACC-00224,37538.02,2025-12-26T23:19:09,UPI,0,
TXN-0003480,ACC-00081,ACC-00491,14793.04,2025-10-17T08:44:02,UPI,0,
TXN-0003481,ACC-00057,ACC-00097,180020.0,2025-11-26T11:48:05,UPI,0,
TXN-0003482,ACC-00259,ACC-00358,209935.01,2025-12-02T08:41:07,NEFT,0,
TXN-0003483,ACC-00387,ACC-00286,383874.69,2025-11-22T06:13:24,UPI,0,
TXN-0003484,ACC-00316,ACC-00356,175223.29,2025-10-08T08:56:31,UPI,0,
TXN-0003485,ACC-00046,ACC-00364,254352.05,2025-11-28T01:22:10,RTGS,0,
TXN-0003486,ACC-00339,ACC-00207,135840.33,2025-12-22T17:47:25,UPI,0,
TXN-0003487,ACC-00366,ACC-00174,58568.46,2025-11-21T17:34:43,UPI,0,
TXN-0003488,ACC-00068,ACC-00471,42664.23,2025-11-07T09:40:28,UPI,0,
TXN-0003489,ACC-00489,ACC-00376,23692.94,2025-12-19T02:05:34,RTGS,0,
TXN-0003490,ACC-00408,ACC-00150,4095.88,2025-11-29T13:22:20,NEFT,0,
TXN-0003491,ACC-00042,ACC-00165,6505.73,2025-10-22T19:52:47,NEFT,0,
TXN-0003492,ACC-00020,ACC-00125,21859.13,2025-11-23T04:54:09,UPI,0,
TXN-0003493,ACC-00140,ACC-00013,56084.45,2025-11-18T00:15:07,UPI,0,
TXN-0003494,ACC-00355,ACC-00112,485756.46,2025-10-24T19:42:39,RTGS,0,
TXN-0003495,ACC-00225,ACC-00331,33683.55,2025-12-18T18:59:27,UPI,0,
TXN-0003496,ACC-00006,ACC-00151,221075.01,2025-10-24T15:48:57,ATM,0,
TXN-0003497,ACC-00439,ACC-00313,253411.06,2025-11-16T22:06:30,IMPS,0,
TXN-0003498,ACC-00212,ACC-00284,23942.15,2025-11-23T12:27:00,ATM,0,
TXN-0003499,ACC-00098,ACC-00211,105920.32,2025-10-19T01:32:47,IMPS,0,
TXN-0003500,ACC-00297,ACC-00204,23427.12,2025-11-30T21:36:37,NEFT,0,
TXN-0003501,ACC-00461,ACC-00198,392324.51,2025-12-12T12:09:11,UPI,0,
TXN-0003502,ACC-00407,ACC-00186,114064.35,2025-12-18T00:07:06,IMPS,0,
TXN-0003503,ACC-00220,ACC-00189,4260.45,2025-11-05T09:22:49,RTGS,0,
TXN-0003504,ACC-00479,ACC-00120,48569.18,2025-11-01T02:00:52,NEFT,0,
TXN-0003505,ACC-00039,ACC-00490,705457.56,2025-12-07T07:16:15,UPI,0,
TXN-0003506,ACC-00440,ACC-00423,26207.06,2025-12-08T04:47:30,UPI,0,
TXN-0003507,ACC-00275,ACC-00296,81298.84,2025-10-13T12:02:36,UPI,0,
TXN-0003508,ACC-00469,ACC-00401,97011.22,2025-11-19T06:27:11,IMPS,0,
TXN-0003509,ACC-00274,ACC-00160,5619.95,2025-10-11T04:13:10,IMPS,0,
TXN-0003510,ACC-00309,ACC-00116,91060.04,2025-12-09T21:58:09,UPI,0,
TXN-0003511,ACC-00359,ACC-00330,2954.54,2025-11-23T19:04:59,IMPS,0,
TXN-0003512,ACC-00114,ACC-00238,11776.68,2025-10-27T03:07:34,NEFT,0,
TXN-0003513,ACC-00027,ACC-00235,251777.58,2025-11-30T01:55:20,NEFT,0,
TXN-0003514,ACC-00302,ACC-00223,69020.67,2025-10-07T06:39:48,ATM,0,
TXN-0003515,ACC-00087,ACC-00011,20992.91,2025-11-24T08:47:54,NEFT,0,
TXN-0003516,ACC-00332,ACC-00029,81115.54,2025-12-26T23:27:44,UPI,0,
TXN-0003517,ACC-00444,ACC-00361,32592.39,2025-10-15T08:35:08,UPI,0,
TXN-0003518,ACC-00181,ACC-00033,37147.11,2025-12-09T19:05:08,UPI,0,
TXN-0003519,ACC-00129,ACC-00485,118453.21,2025-12-27T01:03:49,IMPS,0,
TXN-0003520,ACC-00365,ACC-00306,9805.89,2025-11-17T15:40:11,NEFT,0,
TXN-0003521,ACC-00391,ACC-00482,39050.29,2025-10-13T22:44:37,ATM,0,
TXN-0003522,ACC-00110,ACC-00338,20700.59,2025-11-13T21:29:48,UPI,0,
TXN-0003523,ACC-00356,ACC-00345,2092.08,2025-10-30T13:54:42,UPI,0,
TXN-0003524,ACC-00291,ACC-00408,6926.98,2025-12-25T01:09:18,NEFT,0,
TXN-0003525,ACC-00208,ACC-00073,610950.73,2025-12-14T09:36:32,NEFT,0,
TXN-0003526,ACC-00348,ACC-00300,72584.16,2025-10-31T12:44:29,RTGS,0,
TXN-0003527,ACC-00497,ACC-00312,3352.77,2025-10-06T03:25:52,IMPS,0,
TXN-0003528,ACC-00183,ACC-00300,2269.61,2025-10-12T14:52:56,IMPS,0,
TXN-0003529,ACC-00036,ACC-00314,29676.33,2025-10-07T04:15:56,NEFT,0,
TXN-0003530,ACC-00373,ACC-00082,603279.42,2025-12-11T02:58:47,UPI,0,
TXN-0003531,ACC-00307,ACC-00396,25947.62,2025-12-13T16:10:51,ATM,0,
TXN-0003532,ACC-00427,ACC-00092,381779.77,2025-10-03T20:42:39,NEFT,0,
TXN-0003533,ACC-00253,ACC-00373,68423.76,2025-10-12T14:27:19,UPI,0,
TXN-0003534,ACC-00048,ACC-00484,84816.96,2025-11-09T04:21:07,NEFT,0,
TXN-0003535,ACC-00485,ACC-00350,3280.34,2025-11-07T14:49:35,IMPS,0,
TXN-0003536,ACC-00195,ACC-00356,196327.85,2025-11-16T01:26:59,UPI,0,
TXN-0003537,ACC-00175,ACC-00093,19873.1,2025-10-10T07:22:39,UPI,0,
TXN-0003538,ACC-00090,ACC-00362,171710.71,2025-11-11T18:48:48,RTGS,0,
TXN-0003539,ACC-00255,ACC-00046,8387.47,2025-10-18T22:04:15,UPI,0,
TXN-0003540,ACC-00102,ACC-00116,49945.56,2025-11-04T02:21:24,ATM,0,
TXN-0003541,ACC-00324,ACC-00041,68432.65,2025-11-02T23:36:19,NEFT,0,
TXN-0003542,ACC-00048,ACC-00268,27521.97,2025-10-26T00:38:33,UPI,0,
TXN-0003543,ACC-00310,ACC-00031,75220.67,2025-11-24T02:12:11,UPI,0,
TXN-0003544,ACC-00191,ACC-00048,22482.34,2025-10-17T08:39:50,UPI,0,
TXN-0003545,ACC-00270,ACC-00006,11290.22,2025-10-01T10:51:39,UPI,0,
TXN-0003546,ACC-00156,ACC-00014,653351.2,2025-12-17T16:13:26,RTGS,0,
TXN-0003547,ACC-00288,ACC-00191,239933.04,2025-12-23T10:27:02,UPI,0,
TXN-0003548,ACC-00088,ACC-00096,9232.12,2025-12-01T19:06:35,NEFT,0,
TXN-0003549,ACC-00093,ACC-00274,101032.72,2025-10-22T04:50:52,ATM,0,
TXN-0003550,ACC-00049,ACC-00446,9539.33,2025-12-06T07:55:38,RTGS,0,
TXN-0003551,ACC-00307,ACC-00191,4305.15,2025-11-25T17:28:55,UPI,0,
TXN-0003552,ACC-00225,ACC-00361,233481.24,2025-12-22T03:15:36,RTGS,0,
TXN-0003553,ACC-00090,ACC-00259,1690.23,2025-10-15T10:50:42,IMPS,0,
TXN-0003554,ACC-00227,ACC-00015,192594.2,2025-11-30T09:33:27,UPI,0,
TXN-0003555,ACC-00275,ACC-00454,23042.6,2025-12-17T01:19:57,RTGS,0,
TXN-0003556,ACC-00413,ACC-00478,24815.31,2025-10-31T06:13:58,RTGS,0,
TXN-0003557,ACC-00055,ACC-00178,75928.87,2025-12-06T07:34:48,UPI,0,
TXN-0003558,ACC-00265,ACC-00085,103379.08,2025-12-27T09:41:21,UPI,0,
TXN-0003559,ACC-00098,ACC-00308,8205.68,2025-10-16T01:45:53,ATM,0,
TXN-0003560,ACC-00471,ACC-00172,132178.17,2025-11-14T03:27:03,RTGS,0,
TXN-0003561,ACC-00280,ACC-00425,44536.62,2025-11-07T18:04:35,IMPS,0,
TXN-0003562,ACC-00483,ACC-00059,3786.14,2025-12-04T22:11:44,NEFT,0,
TXN-0003563,ACC-00173,ACC-00126,26748.29,2025-11-05T12:07:39,UPI,0,
TXN-0003564,ACC-00491,ACC-00418,436394.63,2025-11-17T15:34:21,UPI,0,
TXN-0003565,ACC-00206,ACC-00021,742568.67,2025-11-04T18:56:57,UPI,0,
TXN-0003566,ACC-00471,ACC-00245,132088.47,2025-12-18T17:33:03,IMPS,0,
TXN-0003567,ACC-00337,ACC-00362,4261.52,2025-12-13T06:22:20,IMPS,0,
TXN-0003568,ACC-00050,ACC-00434,87824.2,2025-11-20T11:19:25,UPI,0,
TXN-0003569,ACC-00335,ACC-00164,167971.5,2025-12-28T12:48:15,NEFT,0,
TXN-0003570,ACC-00294,ACC-00359,134091.06,2025-11-21T15:28:36,NEFT,0,
TXN-0003571,ACC-00387,ACC-00279,149181.31,2025-12-02T10:45:40,UPI,0,
TXN-0003572,ACC-00164,ACC-00069,69833.81,2025-11-13T11:41:35,IMPS,0,
TXN-0003573,ACC-00149,ACC-00483,31877.57,2025-11-30T19:28:34,NEFT,0,
TXN-0003574,ACC-00222,ACC-00193,12148.23,2025-10-08T23:58:48,NEFT,0,
TXN-0003575,ACC-00251,ACC-00053,1192.39,2025-11-01T05:10:59,NEFT,0,
TXN-0003576,ACC-00312,ACC-00199,66926.83,2025-10-30T16:47:34,NEFT,0,
TXN-0003577,ACC-00402,ACC-00394,50761.58,2025-10-28T21:12:37,IMPS,0,
TXN-0003578,ACC-00357,ACC-00028,99075.41,2025-11-21T05:16:51,IMPS,0,
TXN-0003579,ACC-00096,ACC-00484,3269.59,2025-10-09T15:49:18,UPI,0,
TXN-0003580,ACC-00300,ACC-00382,115963.42,2025-12-27T09:47:45,NEFT,0,
TXN-0003581,ACC-00088,ACC-00328,1466195.0,2025-10-31T10:51:57,IMPS,0,
TXN-0003582,ACC-00273,ACC-00014,41823.36,2025-10-05T14:00:05,ATM,0,
TXN-0003583,ACC-00197,ACC-00096,32500.23,2025-11-04T03:40:23,ATM,0,
TXN-0003584,ACC-00026,ACC-00421,63335.69,2025-12-20T03:18:28,IMPS,0,
TXN-0003585,ACC-00222,ACC-00378,1408740.56,2025-11-19T08:35:57,NEFT,0,
TXN-0003586,ACC-00091,ACC-00260,5752.75,2025-11-06T00:04:56,IMPS,0,
TXN-0003587,ACC-00022,ACC-00466,52353.42,2025-10-21T19:48:19,UPI,0,
TXN-0003588,ACC-00486,ACC-00095,8609.46,2025-12-26T15:20:25,UPI,0,
TXN-0003589,ACC-00163,ACC-00037,13566.94,2025-12-09T07:49:16,UPI,0,
TXN-0003590,ACC-00105,ACC-00292,33214.36,2025-12-02T04:17:21,NEFT,0,
TXN-0003591,ACC-00023,ACC-00472,410520.78,2025-11-07T00:55:59,UPI,0,
TXN-0003592,ACC-00352,ACC-00059,928924.81,2025-12-29T17:48:13,UPI,0,
TXN-0003593,ACC-00463,ACC-00123,81361.37,2025-12-04T00:57:57,IMPS,0,
TXN-0003594,ACC-00425,ACC-00169,18437.27,2025-10-18T04:34:28,ATM,0,
TXN-0003595,ACC-00423,ACC-00116,3226569.19,2025-11-06T02:19:08,RTGS,0,
TXN-0003596,ACC-00205,ACC-00022,16821.31,2025-10-16T03:20:27,UPI,0,
TXN-0003597,ACC-00126,ACC-00318,12990.26,2025-12-04T21:47:39,UPI,0,
TXN-0003598,ACC-00472,ACC-00216,1487.87,2025-12-06T01:26:12,NEFT,0,
TXN-0003599,ACC-00442,ACC-00461,448186.55,2025-11-30T19:07:45,UPI,0,
TXN-0003600,ACC-00481,ACC-00449,207490.76,2025-12-03T10:23:02,IMPS,0,
TXN-0003601,ACC-00139,ACC-00209,2819443.17,2025-12-07T00:28:18,UPI,0,
TXN-0003602,ACC-00421,ACC-00211,2977.56,2025-11-06T14:46:50,UPI,0,
TXN-0003603,ACC-00461,ACC-00097,501173.41,2025-12-19T07:06:22,IMPS,0,
TXN-0003604,ACC-00129,ACC-00307,41202.08,2025-10-02T00:18:10,NEFT,0,
TXN-0003605,ACC-00202,ACC-00021,154969.0,2025-12-07T13:48:05,IMPS,0,
TXN-0003606,ACC-00065,ACC-00339,1870.57,2025-12-06T22:38:59,UPI,0,
TXN-0003607,ACC-00326,ACC-00058,510194.49,2025-10-12T04:37:05,UPI,0,
TXN-0003608,ACC-00405,ACC-00250,149601.47,2025-10-07T10:57:25,UPI,0,
TXN-0003609,ACC-00167,ACC-00085,33859.06,2025-12-11T20:32:29,UPI,0,
TXN-0003610,ACC-00348,ACC-00366,115983.46,2025-12-07T11:30:43,UPI,0,
TXN-0003611,ACC-00274,ACC-00146,9155.49,2025-10-28T15:24:37,RTGS,0,
TXN-0003612,ACC-00133,ACC-00055,12797.53,2025-12-13T21:14:00,UPI,0,
TXN-0003613,ACC-00421,ACC-00453,15768.98,2025-12-25T19:55:52,UPI,0,
TXN-0003614,ACC-00044,ACC-00284,1293.48,2025-12-22T04:22:53,NEFT,0,
TXN-0003615,ACC-00065,ACC-00265,171298.9,2025-10-04T11:10:32,NEFT,0,
TXN-0003616,ACC-00055,ACC-00057,310167.73,2025-10-23T04:46:53,UPI,0,
TXN-0003617,ACC-00198,ACC-00094,10276.15,2025-10-09T02:49:14,IMPS,0,
TXN-0003618,ACC-00412,ACC-00034,67966.17,2025-10-24T11:19:21,NEFT,0,
TXN-0003619,ACC-00189,ACC-00224,22517.03,2025-12-11T16:28:17,UPI,0,
TXN-0003620,ACC-00305,ACC-00393,65571.28,2025-10-04T23:39:28,IMPS,0,
TXN-0003621,ACC-00257,ACC-00392,11735.35,2025-10-19T08:19:50,IMPS,0,
TXN-0003622,ACC-00371,ACC-00162,7404.44,2025-10-05T05:57:47,NEFT,0,
TXN-0003623,ACC-00485,ACC-00078,241285.17,2025-11-03T03:23:50,RTGS,0,
TXN-0003624,ACC-00128,ACC-00471,32371.48,2025-10-18T01:00:44,UPI,0,
TXN-0003625,ACC-00102,ACC-00461,1383042.18,2025-12-02T12:56:37,UPI,0,
TXN-0003626,ACC-00194,ACC-00078,39472.44,2025-10-29T07:57:22,NEFT,0,
TXN-0003627,ACC-00115,ACC-00094,6857.23,2025-11-30T21:30:49,UPI,0,
TXN-0003628,ACC-00336,ACC-00369,330543.51,2025-11-12T14:38:41,UPI,0,
TXN-0003629,ACC-00225,ACC-00035,113033.59,2025-12-21T21:18:59,UPI,0,
TXN-0003630,ACC-00270,ACC-00147,134372.51,2025-11-24T01:33:42,UPI,0,
TXN-0003631,ACC-00280,ACC-00493,309613.87,2025-10-31T19:57:12,UPI,0,
TXN-0003632,ACC-00350,ACC-00033,11214.54,2025-11-09T19:11:33,NEFT,0,
TXN-0003633,ACC-00008,ACC-00316,28881.14,2025-12-09T22:50:44,UPI,0,
TXN-0003634,ACC-00477,ACC-00164,26672.55,2025-11-05T23:01:46,UPI,0,
TXN-0003635,ACC-00461,ACC-00053,3556.94,2025-12-06T10:34:23,UPI,0,
TXN-0003636,ACC-00195,ACC-00001,22596.22,2025-11-24T15:12:47,UPI,0,
TXN-0003637,ACC-00198,ACC-00393,402513.14,2025-11-25T01:06:01,UPI,0,
TXN-0003638,ACC-00114,ACC-00390,55670.66,2025-12-01T00:00:49,UPI,0,
TXN-0003639,ACC-00279,ACC-00037,3219.85,2025-10-02T22:07:18,NEFT,0,
TXN-0003640,ACC-00466,ACC-00243,2207.22,2025-11-25T11:40:21,NEFT,0,
TXN-0003641,ACC-00144,ACC-00351,726938.32,2025-11-29T19:29:54,UPI,0,
TXN-0003642,ACC-00466,ACC-00383,30866.47,2025-10-24T01:48:32,IMPS,0,
TXN-0003643,ACC-00313,ACC-00128,11323.8,2025-11-03T12:14:56,ATM,0,
TXN-0003644,ACC-00325,ACC-00232,22177.08,2025-11-16T12:27:06,RTGS,0,
TXN-0003645,ACC-00078,ACC-00232,2542.35,2025-11-22T02:01:47,RTGS,0,
TXN-0003646,ACC-00114,ACC-00073,470509.42,2025-10-28T20:26:25,NEFT,0,
TXN-0003647,ACC-00089,ACC-00493,17899.08,2025-11-07T17:09:29,ATM,0,
TXN-0003648,ACC-00451,ACC-00082,425628.74,2025-11-05T17:41:02,IMPS,0,
TXN-0003649,ACC-00221,ACC-00412,39853.8,2025-10-30T02:43:08,UPI,0,
TXN-0003650,ACC-00235,ACC-00210,475992.58,2025-12-09T00:01:04,RTGS,0,
TXN-0003651,ACC-00436,ACC-00116,57644.5,2025-11-09T01:15:57,UPI,0,
TXN-0003652,ACC-00320,ACC-00180,168690.14,2025-10-21T04:54:37,RTGS,0,
TXN-0003653,ACC-00215,ACC-00452,132503.92,2025-11-10T13:22:16,NEFT,0,
TXN-0003654,ACC-00231,ACC-00227,111516.06,2025-11-07T17:08:14,NEFT,0,
TXN-0003655,ACC-00172,ACC-00166,67933.33,2025-12-04T14:25:56,UPI,0,
TXN-0003656,ACC-00370,ACC-00271,23881.72,2025-10-20T23:49:00,UPI,0,
TXN-0003657,ACC-00364,ACC-00097,1141418.61,2025-11-25T04:26:12,UPI,0,
TXN-0003658,ACC-00447,ACC-00373,7097.61,2025-12-04T00:20:27,IMPS,0,
TXN-0003659,ACC-00186,ACC-00460,36598.18,2025-11-14T23:44:39,NEFT,0,
TXN-0003660,ACC-00391,ACC-00405,37301.71,2025-11-09T15:11:37,UPI,0,
TXN-0003661,ACC-00157,ACC-00109,74936.27,2025-11-08T03:21:33,UPI,0,
TXN-0003662,ACC-00055,ACC-00277,16763.33,2025-12-03T07:49:24,NEFT,0,
TXN-0003663,ACC-00463,ACC-00426,63993.92,2025-12-15T04:53:48,RTGS,0,
TXN-0003664,ACC-00211,ACC-00026,26798.02,2025-10-20T08:39:30,UPI,0,
TXN-0003665,ACC-00282,ACC-00455,2105.87,2025-10-16T05:10:57,IMPS,0,
TXN-0003666,ACC-00479,ACC-00264,36945.31,2025-11-11T22:07:45,UPI,0,
TXN-0003667,ACC-00226,ACC-00012,5008.95,2025-12-07T09:03:59,UPI,0,
TXN-0003668,ACC-00290,ACC-00341,1600.55,2025-10-17T17:34:59,UPI,0,
TXN-0003669,ACC-00381,ACC-00348,46461.16,2025-11-24T16:43:59,IMPS,0,
TXN-0003670,ACC-00328,ACC-00205,87394.71,2025-11-25T20:00:29,IMPS,0,
TXN-0003671,ACC-00101,ACC-00077,93719.02,2025-11-09T22:22:28,UPI,0,
TXN-0003672,ACC-00125,ACC-00444,100801.37,2025-12-11T16:44:59,UPI,0,
TXN-0003673,ACC-00476,ACC-00249,1120.29,2025-10-31T16:50:00,NEFT,0,
TXN-0003674,ACC-00390,ACC-00313,3134.33,2025-11-21T12:21:35,IMPS,0,
TXN-0003675,ACC-00448,ACC-00018,1267223.17,2025-12-05T15:38:07,UPI,0,
TXN-0003676,ACC-00033,ACC-00043,5513.88,2025-10-03T02:01:10,UPI,0,
TXN-0003677,ACC-00441,ACC-00445,109044.77,2025-10-06T02:55:21,UPI,0,
TXN-0003678,ACC-00046,ACC-00160,10546.11,2025-12-27T13:21:18,UPI,0,
TXN-0003679,ACC-00380,ACC-00077,41915.5,2025-10-21T16:21:12,UPI,0,
TXN-0003680,ACC-00033,ACC-00185,11616.04,2025-11-30T12:14:06,RTGS,0,
TXN-0003681,ACC-00298,ACC-00463,99785.09,2025-12-20T09:58:22,NEFT,0,
TXN-0003682,ACC-00173,ACC-00360,46452.86,2025-10-18T00:17:15,UPI,0,
TXN-0003683,ACC-00051,ACC-00410,16205.05,2025-11-24T13:17:34,UPI,0,
TXN-0003684,ACC-00450,ACC-00077,5484.55,2025-10-16T20:24:56,NEFT,0,
TXN-0003685,ACC-00272,ACC-00466,58805.67,2025-11-30T00:43:03,NEFT,0,
TXN-0003686,ACC-00287,ACC-00282,4093.3,2025-12-01T00:56:10,NEFT,0,
TXN-0003687,ACC-00143,ACC-00353,78391.12,2025-12-22T07:58:15,RTGS,0,
TXN-0003688,ACC-00499,ACC-00058,4104821.58,2025-12-04T10:55:37,RTGS,0,
TXN-0003689,ACC-00465,ACC-00227,412629.8,2025-10-10T10:11:13,IMPS,0,
TXN-0003690,ACC-00069,ACC-00450,132326.31,2025-11-06T23:40:33,NEFT,0,
TXN-0003691,ACC-00244,ACC-00087,31129.36,2025-12-14T11:33:40,UPI,0,
TXN-0003692,ACC-00352,ACC-00418,1107.93,2025-11-05T04:24:59,RTGS,0,
TXN-0003693,ACC-00299,ACC-00292,3360.63,2025-10-18T15:42:11,NEFT,0,
TXN-0003694,ACC-00010,ACC-00496,365502.04,2025-11-17T17:54:00,RTGS,0,
TXN-0003695,ACC-00290,ACC-00176,8764.27,2025-12-25T23:36:23,UPI,0,
TXN-0003696,ACC-00043,ACC-00453,10314.92,2025-11-05T22:05:17,UPI,0,
TXN-0003697,ACC-00069,ACC-00319,26952.44,2025-10-30T03:17:39,IMPS,0,
TXN-0003698,ACC-00469,ACC-00076,5368.57,2025-10-11T18:34:59,ATM,0,
TXN-0003699,ACC-00404,ACC-00491,3991.08,2025-12-04T22:39:32,UPI,0,
TXN-0003700,ACC-00324,ACC-00164,33161.56,2025-10-29T09:13:25,IMPS,0,
TXN-0003701,ACC-00485,ACC-00402,7297.21,2025-10-09T01:34:24,UPI,0,
TXN-0003702,ACC-00409,ACC-00253,9567.88,2025-10-02T13:10:44,NEFT,0,
TXN-0003703,ACC-00302,ACC-00213,8900.44,2025-10-17T09:56:19,UPI,0,
TXN-0003704,ACC-00129,ACC-00098,92990.11,2025-11-19T20:21:42,UPI,0,
TXN-0003705,ACC-00266,ACC-00462,23912.91,2025-12-28T22:15:36,UPI,0,
TXN-0003706,ACC-00163,ACC-00463,26332.8,2025-10-17T04:51:47,UPI,0,
TXN-0003707,ACC-00122,ACC-00358,106351.25,2025-10-30T18:30:50,UPI,0,
TXN-0003708,ACC-00221,ACC-00172,28122.6,2025-10-04T22:16:07,UPI,0,
TXN-0003709,ACC-00388,ACC-00336,22007.6,2025-11-14T11:25:16,IMPS,0,
TXN-0003710,ACC-00170,ACC-00282,84694.9,2025-10-04T01:06:22,UPI,0,
TXN-0003711,ACC-00474,ACC-00319,120904.48,2025-10-02T00:52:52,IMPS,0,
TXN-0003712,ACC-00009,ACC-00154,27868.93,2025-11-06T23:01:40,UPI,0,
TXN-0003713,ACC-00240,ACC-00194,41986.1,2025-11-07T17:01:51,UPI,0,
TXN-0003714,ACC-00344,ACC-00138,8890.85,2025-12-07T15:47:32,UPI,0,
TXN-0003715,ACC-00187,ACC-00411,7713.83,2025-11-19T18:24:28,RTGS,0,
TXN-0003716,ACC-00401,ACC-00217,144996.59,2025-11-09T12:49:59,IMPS,0,
TXN-0003717,ACC-00067,ACC-00482,80894.06,2025-11-03T14:47:44,IMPS,0,
TXN-0003718,ACC-00282,ACC-00098,82416.19,2025-11-17T11:03:26,UPI,0,
TXN-0003719,ACC-00042,ACC-00467,60206.63,2025-11-13T16:16:58,RTGS,0,
TXN-0003720,ACC-00043,ACC-00412,39464.86,2025-12-04T16:24:40,RTGS,0,
TXN-0003721,ACC-00441,ACC-00260,127203.24,2025-12-26T23:24:35,UPI,0,
TXN-0003722,ACC-00415,ACC-00065,195476.56,2025-12-18T06:38:39,IMPS,0,
TXN-0003723,ACC-00124,ACC-00038,187251.97,2025-10-18T04:41:23,UPI,0,
TXN-0003724,ACC-00078,ACC-00292,30290.81,2025-12-17T19:31:49,UPI,0,
TXN-0003725,ACC-00044,ACC-00442,440905.97,2025-10-08T07:43:17,UPI,0,
TXN-0003726,ACC-00006,ACC-00377,54788.15,2025-12-18T08:24:51,UPI,0,
TXN-0003727,ACC-00465,ACC-00316,113354.7,2025-10-07T20:00:13,UPI,0,
TXN-0003728,ACC-00320,ACC-00494,60340.46,2025-12-24T14:23:28,ATM,0,
TXN-0003729,ACC-00323,ACC-00447,56648.01,2025-11-02T03:03:15,IMPS,0,
TXN-0003730,ACC-00054,ACC-00313,9659.01,2025-10-12T20:13:48,UPI,0,
TXN-0003731,ACC-00071,ACC-00102,128339.13,2025-12-29T03:06:00,IMPS,0,
TXN-0003732,ACC-00041,ACC-00095,6086172.24,2025-10-09T21:41:07,IMPS,0,
TXN-0003733,ACC-00046,ACC-00001,18497.09,2025-11-12T00:53:30,IMPS,0,
TXN-0003734,ACC-00119,ACC-00107,41265.85,2025-10-05T20:30:18,IMPS,0,
TXN-0003735,ACC-00198,ACC-00164,16265.97,2025-11-30T17:24:29,NEFT,0,
TXN-0003736,ACC-00243,ACC-00418,15086.63,2025-10-20T03:44:30,IMPS,0,
TXN-0003737,ACC-00253,ACC-00309,585375.65,2025-12-08T13:44:15,UPI,0,
TXN-0003738,ACC-00147,ACC-00374,10814.6,2025-12-05T15:33:55,NEFT,0,
TXN-0003739,ACC-00440,ACC-00031,15469.96,2025-11-12T23:08:16,UPI,0,
TXN-0003740,ACC-00003,ACC-00040,2084.98,2025-10-18T01:45:44,ATM,0,
TXN-0003741,ACC-00134,ACC-00073,9286.33,2025-12-25T06:17:59,NEFT,0,
TXN-0003742,ACC-00498,ACC-00096,1677.2,2025-12-07T23:02:28,UPI,0,
TXN-0003743,ACC-00389,ACC-00038,113238.16,2025-10-19T06:32:03,UPI,0,
TXN-0003744,ACC-00164,ACC-00387,5606599.81,2025-10-23T02:36:56,UPI,0,
TXN-0003745,ACC-00325,ACC-00428,18769.31,2025-11-27T12:10:41,UPI,0,
TXN-0003746,ACC-00211,ACC-00259,1807.75,2025-12-02T04:41:40,UPI,0,
TXN-0003747,ACC-00218,ACC-00128,183505.4,2025-12-20T01:09:03,UPI,0,
TXN-0003748,ACC-00123,ACC-00271,9813.7,2025-10-01T16:16:18,IMPS,0,
TXN-0003749,ACC-00495,ACC-00349,376556.91,2025-10-25T10:25:45,UPI,0,
TXN-0003750,ACC-00082,ACC-00033,21858.56,2025-10-06T23:35:02,UPI,0,
TXN-0003751,ACC-00176,ACC-00462,11646.16,2025-12-11T03:48:49,UPI,0,
TXN-0003752,ACC-00386,ACC-00418,26361.94,2025-11-11T18:11:36,UPI,0,
TXN-0003753,ACC-00391,ACC-00460,142059.06,2025-12-09T12:39:23,NEFT,0,
TXN-0003754,ACC-00381,ACC-00345,24116.29,2025-10-09T13:35:41,UPI,0,
TXN-0003755,ACC-00394,ACC-00469,14852.08,2025-12-28T18:53:06,UPI,0,
TXN-0003756,ACC-00348,ACC-00310,25389.81,2025-12-05T20:18:36,ATM,0,
TXN-0003757,ACC-00291,ACC-00134,3679.97,2025-12-10T14:22:47,IMPS,0,
TXN-0003758,ACC-00230,ACC-00183,74210.2,2025-12-12T01:26:03,IMPS,0,
TXN-0003759,ACC-00189,ACC-00255,1456.65,2025-10-30T03:37:35,IMPS,0,
TXN-0003760,ACC-00160,ACC-00279,16327.1,2025-12-12T07:54:15,UPI,0,
TXN-0003761,ACC-00300,ACC-00087,142470.95,2025-10-05T03:29:49,IMPS,0,
TXN-0003762,ACC-00209,ACC-00238,62660.52,2025-12-25T10:29:22,NEFT,0,
TXN-0003763,ACC-00472,ACC-00407,105090.49,2025-12-22T04:26:42,RTGS,0,
TXN-0003764,ACC-00206,ACC-00237,32303.08,2025-12-24T08:10:35,RTGS,0,
TXN-0003765,ACC-00231,ACC-00078,298206.99,2025-10-14T19:04:37,IMPS,0,
TXN-0003766,ACC-00197,ACC-00214,191847.98,2025-10-03T09:02:31,RTGS,0,
TXN-0003767,ACC-00403,ACC-00162,81068.83,2025-11-07T00:51:36,ATM,0,
TXN-0003768,ACC-00323,ACC-00076,192833.5,2025-11-08T18:42:43,UPI,0,
TXN-0003769,ACC-00222,ACC-00405,140191.19,2025-12-19T08:41:28,IMPS,0,
TXN-0003770,ACC-00088,ACC-00077,16464.56,2025-11-27T13:38:37,RTGS,0,
TXN-0003771,ACC-00111,ACC-00048,3232.41,2025-10-02T14:11:23,UPI,0,
TXN-0003772,ACC-00076,ACC-00138,77393.02,2025-11-02T18:00:05,UPI,0,
TXN-0003773,ACC-00254,ACC-00200,97047.96,2025-10-16T08:54:13,UPI,0,
TXN-0003774,ACC-00489,ACC-00437,258551.35,2025-11-23T08:01:42,UPI,0,
TXN-0003775,ACC-00097,ACC-00249,6731.96,2025-11-28T22:00:17,IMPS,0,
TXN-0003776,ACC-00221,ACC-00222,7104.08,2025-12-22T16:21:54,UPI,0,
TXN-0003777,ACC-00496,ACC-00340,83101.7,2025-10-06T19:15:06,UPI,0,
TXN-0003778,ACC-00054,ACC-00034,31949.1,2025-11-01T09:18:10,IMPS,0,
TXN-0003779,ACC-00311,ACC-00148,1218.81,2025-10-14T17:40:01,UPI,0,
TXN-0003780,ACC-00482,ACC-00253,71338.73,2025-12-18T00:34:30,UPI,0,
TXN-0003781,ACC-00251,ACC-00006,1294.19,2025-10-30T21:42:35,NEFT,0,
TXN-0003782,ACC-00173,ACC-00322,6624.55,2025-10-31T03:46:41,IMPS,0,
TXN-0003783,ACC-00219,ACC-00313,413753.83,2025-10-12T19:55:29,NEFT,0,
TXN-0003784,ACC-00271,ACC-00144,969738.99,2025-11-03T02:48:51,IMPS,0,
TXN-0003785,ACC-00413,ACC-00352,4071.71,2025-12-23T21:29:35,UPI,0,
TXN-0003786,ACC-00289,ACC-00496,20072.28,2025-11-15T23:23:19,UPI,0,
TXN-0003787,ACC-00228,ACC-00189,39211.31,2025-11-10T11:40:54,UPI,0,
TXN-0003788,ACC-00483,ACC-00167,896459.57,2025-12-06T19:48:46,UPI,0,
TXN-0003789,ACC-00446,ACC-00462,14955.52,2025-10-31T08:15:50,NEFT,0,
TXN-0003790,ACC-00461,ACC-00497,15392.09,2025-11-16T05:35:51,IMPS,0,
TXN-0003791,ACC-00284,ACC-00174,589898.64,2025-11-26T01:01:10,IMPS,0,
TXN-0003792,ACC-00357,ACC-00099,18497.29,2025-12-27T13:28:34,UPI,0,
TXN-0003793,ACC-00164,ACC-00400,133247.43,2025-12-01T10:15:19,NEFT,0,
TXN-0003794,ACC-00466,ACC-00117,2543.11,2025-12-08T18:00:14,NEFT,0,
TXN-0003795,ACC-00121,ACC-00416,26682.98,2025-12-19T13:56:21,UPI,0,
TXN-0003796,ACC-00288,ACC-00240,1831.2,2025-12-26T11:08:54,UPI,0,
TXN-0003797,ACC-00261,ACC-00450,5432.85,2025-10-10T06:43:25,UPI,0,
TXN-0003798,ACC-00075,ACC-00319,164482.99,2025-11-01T05:30:37,UPI,0,
TXN-0003799,ACC-00251,ACC-00236,33195.52,2025-11-28T12:09:33,RTGS,0,
TXN-0003800,ACC-00484,ACC-00490,20447.37,2025-12-10T15:57:33,UPI,0,
TXN-0003801,ACC-00230,ACC-00199,9435.65,2025-12-15T11:33:02,UPI,0,
TXN-0003802,ACC-00394,ACC-00141,24411.73,2025-12-09T02:51:53,UPI,0,
TXN-0003803,ACC-00434,ACC-00398,62442.64,2025-10-06T17:31:46,NEFT,0,
TXN-0003804,ACC-00114,ACC-00324,213042.97,2025-10-01T07:06:52,UPI,0,
TXN-0003805,ACC-00422,ACC-00317,322.06,2025-11-16T20:25:48,NEFT,0,
TXN-0003806,ACC-00401,ACC-00139,8126.05,2025-11-01T01:44:13,NEFT,0,
TXN-0003807,ACC-00160,ACC-00309,48357.34,2025-12-25T18:02:11,NEFT,0,
TXN-0003808,ACC-00421,ACC-00415,30395.39,2025-12-02T16:55:11,UPI,0,
TXN-0003809,ACC-00472,ACC-00305,75062.56,2025-11-28T17:56:30,UPI,0,
TXN-0003810,ACC-00375,ACC-00031,58780.92,2025-12-11T09:49:38,RTGS,0,
TXN-0003811,ACC-00268,ACC-00409,20978.17,2025-11-18T22:42:22,UPI,0,
TXN-0003812,ACC-00404,ACC-00192,14068.09,2025-11-11T01:38:28,IMPS,0,
TXN-0003813,ACC-00436,ACC-00005,23344.05,2025-10-29T22:48:10,UPI,0,
TXN-0003814,ACC-00073,ACC-00151,287143.17,2025-10-03T10:54:55,UPI,0,
TXN-0003815,ACC-00329,ACC-00390,9724.32,2025-11-10T21:59:14,UPI,0,
TXN-0003816,ACC-00238,ACC-00397,32433.53,2025-12-28T08:00:11,ATM,0,
TXN-0003817,ACC-00228,ACC-00320,50514.51,2025-11-07T02:10:11,NEFT,0,
TXN-0003818,ACC-00304,ACC-00227,602372.72,2025-12-13T15:20:36,UPI,0,
TXN-0003819,ACC-00479,ACC-00140,21151.06,2025-11-14T06:25:29,UPI,0,
TXN-0003820,ACC-00361,ACC-00310,203995.25,2025-11-14T00:20:36,UPI,0,
TXN-0003821,ACC-00300,ACC-00065,333554.96,2025-11-01T08:11:13,ATM,0,
TXN-0003822,ACC-00063,ACC-00026,32378.25,2025-12-24T05:58:31,UPI,0,
TXN-0003823,ACC-00244,ACC-00188,24852.31,2025-10-14T18:18:29,UPI,0,
TXN-0003824,ACC-00368,ACC-00192,20084.49,2025-11-23T09:53:20,UPI,0,
TXN-0003825,ACC-00222,ACC-00330,22914.34,2025-11-01T10:42:17,UPI,0,
TXN-0003826,ACC-00167,ACC-00313,168996.24,2025-12-21T04:11:31,IMPS,0,
TXN-0003827,ACC-00329,ACC-00144,55040.14,2025-11-01T11:00:27,NEFT,0,
TXN-0003828,ACC-00291,ACC-00020,55465.78,2025-12-25T18:08:38,NEFT,0,
TXN-0003829,ACC-00370,ACC-00367,4791.49,2025-12-09T06:57:28,UPI,0,
TXN-0003830,ACC-00032,ACC-00474,6364.67,2025-10-07T14:12:21,UPI,0,
TXN-0003831,ACC-00052,ACC-00267,1720635.55,2025-10-16T20:42:25,RTGS,0,
TXN-0003832,ACC-00120,ACC-00047,26368.19,2025-12-13T06:29:03,UPI,0,
TXN-0003833,ACC-00182,ACC-00173,9003.88,2025-10-08T21:06:48,NEFT,0,
TXN-0003834,ACC-00384,ACC-00035,477337.23,2025-11-17T19:30:17,NEFT,0,
TXN-0003835,ACC-00031,ACC-00268,60310.13,2025-11-10T10:10:21,NEFT,0,
TXN-0003836,ACC-00202,ACC-00355,102814.21,2025-10-16T01:08:20,NEFT,0,
TXN-0003837,ACC-00045,ACC-00416,28325.43,2025-10-21T02:56:17,NEFT,0,
TXN-0003838,ACC-00059,ACC-00390,20463.3,2025-12-28T11:46:21,RTGS,0,
TXN-0003839,ACC-00116,ACC-00122,26762.17,2025-10-06T11:41:15,NEFT,0,
TXN-0003840,ACC-00285,ACC-00012,3014.14,2025-10-06T02:17:40,NEFT,0,
TXN-0003841,ACC-00357,ACC-00115,30999.63,2025-11-16T11:26:09,UPI,0,
TXN-0003842,ACC-00112,ACC-00388,61874.26,2025-10-23T14:09:00,RTGS,0,
TXN-0003843,ACC-00488,ACC-00445,1015441.27,2025-10-14T08:48:05,NEFT,0,
TXN-0003844,ACC-00165,ACC-00198,42395.53,2025-12-13T09:31:17,NEFT,0,
TXN-0003845,ACC-00202,ACC-00009,543.75,2025-11-19T12:57:41,IMPS,0,
TXN-0003846,ACC-00252,ACC-00012,30663.44,2025-12-05T00:22:44,IMPS,0,
TXN-0003847,ACC-00212,ACC-00281,5030889.87,2025-10-07T14:21:42,UPI,0,
TXN-0003848,ACC-00301,ACC-00018,172725.55,2025-10-21T06:37:28,UPI,0,
TXN-0003849,ACC-00251,ACC-00003,8437.15,2025-11-03T22:07:04,IMPS,0,
TXN-0003850,ACC-00297,ACC-00451,105239.26,2025-11-05T17:46:39,NEFT,0,
TXN-0003851,ACC-00424,ACC-00084,9550.76,2025-11-08T13:29:59,UPI,0,
TXN-0003852,ACC-00274,ACC-00003,3175.27,2025-12-28T20:34:19,NEFT,0,
TXN-0003853,ACC-00318,ACC-00144,19398.19,2025-10-26T19:00:06,NEFT,0,
TXN-0003854,ACC-00261,ACC-00198,42819.44,2025-10-16T12:30:30,IMPS,0,
TXN-0003855,ACC-00386,ACC-00311,1249.03,2025-10-25T21:10:17,UPI,0,
TXN-0003856,ACC-00167,ACC-00459,4589.44,2025-10-26T06:38:25,UPI,0,
TXN-0003857,ACC-00333,ACC-00146,36997.44,2025-11-13T20:25:12,UPI,0,
TXN-0003858,ACC-00308,ACC-00495,17418.5,2025-12-03T05:53:31,IMPS,0,
TXN-0003859,ACC-00394,ACC-00207,73914.2,2025-10-20T20:43:45,UPI,0,
TXN-0003860,ACC-00021,ACC-00198,4078.96,2025-12-18T02:56:14,UPI,0,
TXN-0003861,ACC-00477,ACC-00447,131321.63,2025-10-20T23:02:36,UPI,0,
TXN-0003862,ACC-00291,ACC-00376,4312.33,2025-12-12T13:16:20,UPI,0,
TXN-0003863,ACC-00353,ACC-00345,698661.57,2025-10-21T19:27:14,RTGS,0,
TXN-0003864,ACC-00418,ACC-00155,1655.13,2025-11-05T01:02:50,NEFT,0,
TXN-0003865,ACC-00331,ACC-00320,5081.71,2025-10-23T07:29:46,NEFT,0,
TXN-0003866,ACC-00452,ACC-00431,76977.42,2025-10-25T11:58:39,UPI,0,
TXN-0003867,ACC-00012,ACC-00158,726228.41,2025-10-02T04:48:06,UPI,0,
TXN-0003868,ACC-00092,ACC-00440,64028.11,2025-11-02T10:07:04,UPI,0,
TXN-0003869,ACC-00484,ACC-00368,100021.88,2025-11-07T17:26:15,IMPS,0,
TXN-0003870,ACC-00234,ACC-00200,37480.14,2025-11-28T10:19:33,IMPS,0,
TXN-0003871,ACC-00471,ACC-00251,5724.34,2025-11-16T14:53:24,NEFT,0,
TXN-0003872,ACC-00146,ACC-00407,15029.21,2025-12-04T18:16:45,RTGS,0,
TXN-0003873,ACC-00127,ACC-00039,4099.26,2025-11-29T20:14:48,UPI,0,
TXN-0003874,ACC-00000,ACC-00436,3634.85,2025-10-04T00:42:04,NEFT,0,
TXN-0003875,ACC-00438,ACC-00005,74843.01,2025-10-27T15:00:19,RTGS,0,
TXN-0003876,ACC-00155,ACC-00227,4809.17,2025-11-07T00:46:30,IMPS,0,
TXN-0003877,ACC-00492,ACC-00081,64550.12,2025-10-10T10:34:06,UPI,0,
TXN-0003878,ACC-00110,ACC-00330,3486.73,2025-10-19T12:33:44,ATM,0,
TXN-0003879,ACC-00379,ACC-00448,61913.25,2025-11-06T04:44:08,UPI,0,
TXN-0003880,ACC-00213,ACC-00334,15068.65,2025-10-03T04:10:58,UPI,0,
TXN-0003881,ACC-00017,ACC-00460,456757.53,2025-10-12T15:47:54,UPI,0,
TXN-0003882,ACC-00134,ACC-00233,65035.85,2025-12-26T03:42:11,ATM,0,
TXN-0003883,ACC-00468,ACC-00104,335846.41,2025-10-12T16:22:39,RTGS,0,
TXN-0003884,ACC-00381,ACC-00487,9319.24,2025-12-06T04:46:32,IMPS,0,
TXN-0003885,ACC-00450,ACC-00476,40177.32,2025-11-16T06:20:12,UPI,0,
TXN-0003886,ACC-00057,ACC-00044,6210.79,2025-12-10T08:55:38,UPI,0,
TXN-0003887,ACC-00445,ACC-00453,17249.02,2025-11-26T06:58:42,IMPS,0,
TXN-0003888,ACC-00139,ACC-00138,22656.73,2025-10-03T04:33:58,IMPS,0,
TXN-0003889,ACC-00245,ACC-00032,9832.57,2025-12-11T00:21:53,IMPS,0,
TXN-0003890,ACC-00110,ACC-00033,4072.84,2025-11-08T14:19:58,IMPS,0,
TXN-0003891,ACC-00015,ACC-00019,2851.69,2025-11-18T07:04:50,NEFT,0,
TXN-0003892,ACC-00238,ACC-00211,538.32,2025-10-17T23:49:58,ATM,0,
TXN-0003893,ACC-00295,ACC-00459,5423.93,2025-10-05T06:36:21,IMPS,0,
TXN-0003894,ACC-00491,ACC-00394,112362.89,2025-12-25T02:06:13,UPI,0,
TXN-0003895,ACC-00144,ACC-00368,2044.08,2025-11-16T12:32:59,UPI,0,
TXN-0003896,ACC-00136,ACC-00012,3094.49,2025-12-05T04:06:30,UPI,0,
TXN-0003897,ACC-00446,ACC-00096,912202.63,2025-10-23T19:10:00,IMPS,0,
TXN-0003898,ACC-00414,ACC-00000,11548.46,2025-12-03T03:02:03,UPI,0,
TXN-0003899,ACC-00288,ACC-00427,64723.71,2025-12-23T04:57:02,NEFT,0,
TXN-0003900,ACC-00487,ACC-00359,115401.3,2025-11-17T10:21:06,IMPS,0,
TXN-0003901,ACC-00366,ACC-00434,119676.44,2025-12-12T02:12:39,UPI,0,
TXN-0003902,ACC-00186,ACC-00045,2344.52,2025-11-28T01:33:19,UPI,0,
TXN-0003903,ACC-00420,ACC-00241,23958.84,2025-11-22T20:59:18,UPI,0,
TXN-0003904,ACC-00337,ACC-00461,1972.76,2025-11-06T01:07:37,IMPS,0,
TXN-0003905,ACC-00276,ACC-00074,2967920.64,2025-11-01T03:18:40,IMPS,0,
TXN-0003906,ACC-00177,ACC-00208,2057.45,2025-10-17T21:21:45,NEFT,0,
TXN-0003907,ACC-00190,ACC-00239,5507.62,2025-11-03T17:35:13,IMPS,0,
TXN-0003908,ACC-00075,ACC-00416,5579.86,2025-12-05T07:24:23,IMPS,0,
TXN-0003909,ACC-00253,ACC-00345,2455.32,2025-11-22T15:34:38,NEFT,0,
TXN-0003910,ACC-00492,ACC-00221,414434.01,2025-10-09T09:25:57,NEFT,0,
TXN-0003911,ACC-00453,ACC-00070,2843101.87,2025-11-02T07:29:22,RTGS,0,
TXN-0003912,ACC-00330,ACC-00238,15423.56,2025-11-13T18:22:02,IMPS,0,
TXN-0003913,ACC-00441,ACC-00348,3371.92,2025-10-16T22:47:28,RTGS,0,
TXN-0003914,ACC-00175,ACC-00259,647.77,2025-12-29T03:47:27,RTGS,0,
TXN-0003915,ACC-00320,ACC-00074,23402.64,2025-11-28T03:17:15,UPI,0,
TXN-0003916,ACC-00323,ACC-00425,20548.48,2025-12-12T07:29:44,UPI,0,
TXN-0003917,ACC-00408,ACC-00293,11244.87,2025-10-14T13:06:29,ATM,0,
TXN-0003918,ACC-00405,ACC-00105,54093.83,2025-12-20T01:39:23,IMPS,0,
TXN-0003919,ACC-00041,ACC-00421,73962.36,2025-11-10T16:17:05,RTGS,0,
TXN-0003920,ACC-00256,ACC-00278,64961.49,2025-10-05T01:49:00,NEFT,0,
TXN-0003921,ACC-00294,ACC-00002,20557.38,2025-10-25T17:32:02,RTGS,0,
TXN-0003922,ACC-00340,ACC-00482,4999.44,2025-10-16T23:46:59,IMPS,0,
TXN-0003923,ACC-00350,ACC-00363,120390.94,2025-12-16T11:31:49,UPI,0,
TXN-0003924,ACC-00059,ACC-00166,37142.78,2025-12-11T01:20:42,IMPS,0,
TXN-0003925,ACC-00191,ACC-00280,179699.91,2025-11-08T08:19:28,NEFT,0,
TXN-0003926,ACC-00419,ACC-00201,150562.87,2025-10-22T06:28:24,NEFT,0,
TXN-0003927,ACC-00383,ACC-00208,2809.69,2025-12-06T18:41:32,IMPS,0,
TXN-0003928,ACC-00054,ACC-00115,2747.37,2025-12-02T04:24:06,NEFT,0,
TXN-0003929,ACC-00079,ACC-00427,9321.01,2025-12-07T09:00:14,RTGS,0,
TXN-0003930,ACC-00096,ACC-00366,5424.72,2025-10-01T01:23:20,RTGS,0,
TXN-0003931,ACC-00496,ACC-00258,141414.87,2025-12-17T15:59:02,UPI,0,
TXN-0003932,ACC-00073,ACC-00468,68347.31,2025-10-08T00:15:13,IMPS,0,
TXN-0003933,ACC-00156,ACC-00123,262637.8,2025-12-13T09:08:34,NEFT,0,
TXN-0003934,ACC-00422,ACC-00107,74137.46,2025-11-22T14:52:27,NEFT,0,
TXN-0003935,ACC-00487,ACC-00417,52868.83,2025-10-19T13:04:39,UPI,0,
TXN-0003936,ACC-00015,ACC-00151,314743.6,2025-10-12T18:07:35,UPI,0,
TXN-0003937,ACC-00423,ACC-00397,84584.75,2025-12-06T01:38:12,UPI,0,
TXN-0003938,ACC-00129,ACC-00231,41051.46,2025-10-12T13:10:49,NEFT,0,
TXN-0003939,ACC-00183,ACC-00338,521683.03,2025-11-09T03:03:35,UPI,0,
TXN-0003940,ACC-00305,ACC-00153,44681.98,2025-11-03T07:38:35,UPI,0,
TXN-0003941,ACC-00106,ACC-00155,20998.09,2025-11-11T14:31:58,NEFT,0,
TXN-0003942,ACC-00470,ACC-00244,8037.86,2025-12-01T16:10:08,NEFT,0,
TXN-0003943,ACC-00021,ACC-00347,128726.57,2025-11-17T16:53:23,ATM,0,
TXN-0003944,ACC-00255,ACC-00163,336613.6,2025-11-04T03:02:50,UPI,0,
TXN-0003945,ACC-00358,ACC-00242,33154.8,2025-12-23T14:40:58,IMPS,0,
TXN-0003946,ACC-00385,ACC-00275,382409.81,2025-12-14T17:44:04,UPI,0,
TXN-0003947,ACC-00352,ACC-00300,1047.3,2025-11-30T05:14:40,RTGS,0,
TXN-0003948,ACC-00485,ACC-00497,32865.67,2025-12-06T11:48:42,NEFT,0,
TXN-0003949,ACC-00013,ACC-00194,33786.92,2025-10-04T18:06:40,ATM,0,
TXN-0003950,ACC-00388,ACC-00463,9812.48,2025-10-09T10:19:31,NEFT,0,
TXN-0003951,ACC-00278,ACC-00047,2652332.15,2025-10-09T01:19:18,UPI,0,
TXN-0003952,ACC-00425,ACC-00366,32236.46,2025-12-01T07:01:58,RTGS,0,
TXN-0003953,ACC-00232,ACC-00194,17432.38,2025-12-12T17:25:05,UPI,0,
TXN-0003954,ACC-00309,ACC-00240,38052.87,2025-10-04T08:01:22,UPI,0,
TXN-0003955,ACC-00282,ACC-00397,987.26,2025-12-08T08:31:56,RTGS,0,
TXN-0003956,ACC-00110,ACC-00314,9248.69,2025-11-09T20:47:01,UPI,0,
TXN-0003957,ACC-00350,ACC-00065,213167.16,2025-11-27T14:47:23,RTGS,0,
TXN-0003958,ACC-00399,ACC-00014,11706.49,2025-11-19T03:45:06,NEFT,0,
TXN-0003959,ACC-00257,ACC-00092,8168.37,2025-11-14T23:17:15,UPI,0,
TXN-0003960,ACC-00289,ACC-00198,383519.65,2025-12-17T19:10:55,RTGS,0,
TXN-0003961,ACC-00334,ACC-00370,405330.44,2025-10-05T17:30:50,UPI,0,
TXN-0003962,ACC-00060,ACC-00357,92095.64,2025-11-20T04:04:58,NEFT,0,
TXN-0003963,ACC-00461,ACC-00231,16007.12,2025-10-29T11:38:49,RTGS,0,
TXN-0003964,ACC-00020,ACC-00148,23598.82,2025-11-28T08:42:42,UPI,0,
TXN-0003965,ACC-00056,ACC-00351,8540.12,2025-10-16T00:42:04,ATM,0,
TXN-0003966,ACC-00039,ACC-00101,6059.66,2025-11-16T19:28:55,NEFT,0,
TXN-0003967,ACC-00002,ACC-00198,5541.67,2025-12-15T07:36:19,IMPS,0,
TXN-0003968,ACC-00334,ACC-00463,11938.24,2025-10-18T03:34:53,IMPS,0,
TXN-0003969,ACC-00022,ACC-00154,5639.23,2025-10-18T17:40:12,UPI,0,
TXN-0003970,ACC-00443,ACC-00349,2176.19,2025-11-26T15:48:58,IMPS,0,
TXN-0003971,ACC-00117,ACC-00365,53902.1,2025-11-13T04:08:52,IMPS,0,
TXN-0003972,ACC-00485,ACC-00466,55396.52,2025-10-12T06:30:29,UPI,0,
TXN-0003973,ACC-00071,ACC-00067,775626.96,2025-12-11T21:09:19,ATM,0,
TXN-0003974,ACC-00309,ACC-00288,10905.16,2025-10-03T07:10:27,NEFT,0,
TXN-0003975,ACC-00187,ACC-00406,61881.78,2025-12-07T20:36:15,NEFT,0,
TXN-0003976,ACC-00362,ACC-00268,63760.08,2025-12-27T03:46:05,IMPS,0,
TXN-0003977,ACC-00325,ACC-00278,22996.39,2025-10-11T07:45:44,NEFT,0,
TXN-0003978,ACC-00017,ACC-00142,138662.81,2025-11-12T08:37:55,NEFT,0,
TXN-0003979,ACC-00216,ACC-00034,146592.59,2025-10-07T07:52:10,UPI,0,
TXN-0003980,ACC-00449,ACC-00485,65469.52,2025-12-04T12:52:07,UPI,0,
TXN-0003981,ACC-00205,ACC-00259,22921.91,2025-12-29T06:03:53,UPI,0,
TXN-0003982,ACC-00475,ACC-00448,19080.95,2025-10-14T08:27:42,UPI,0,
TXN-0003983,ACC-00082,ACC-00044,3096.55,2025-11-25T09:10:35,UPI,0,
TXN-0003984,ACC-00100,ACC-00228,8512.99,2025-12-04T01:35:23,ATM,0,
TXN-0003985,ACC-00191,ACC-00285,11853.59,2025-10-26T12:50:59,NEFT,0,
TXN-0003986,ACC-00497,ACC-00404,4802.3,2025-12-03T17:12:10,UPI,0,
TXN-0003987,ACC-00211,ACC-00059,80166.67,2025-11-24T08:07:03,UPI,0,
TXN-0003988,ACC-00103,ACC-00075,312991.14,2025-10-30T03:51:00,UPI,0,
TXN-0003989,ACC-00359,ACC-00200,7083.25,2025-10-02T02:04:58,UPI,0,
TXN-0003990,ACC-00261,ACC-00403,60487.66,2025-10-02T04:20:50,UPI,0,
TXN-0003991,ACC-00340,ACC-00136,5645.42,2025-11-26T20:29:01,NEFT,0,
TXN-0003992,ACC-00155,ACC-00450,20976.12,2025-12-18T18:50:34,UPI,0,
TXN-0003993,ACC-00471,ACC-00124,10481.92,2025-12-23T13:18:35,NEFT,0,
TXN-0003994,ACC-00109,ACC-00096,107303.03,2025-12-04T11:19:00,NEFT,0,
TXN-0003995,ACC-00245,ACC-00109,10701.95,2025-10-10T14:47:46,UPI,0,
TXN-0003996,ACC-00283,ACC-00324,224355.86,2025-11-30T21:05:07,NEFT,0,
TXN-0003997,ACC-00411,ACC-00036,23334.84,2025-10-15T04:27:59,IMPS,0,
TXN-0003998,ACC-00439,ACC-00261,11279.17,2025-10-15T02:48:45,RTGS,0,
TXN-0003999,ACC-00034,ACC-00244,3804.92,2025-11-19T20:16:22,ATM,0,
TXN-0004000,ACC-00037,ACC-00289,57283.51,2025-10-16T23:51:18,UPI,0,
TXN-0004001,ACC-00385,ACC-00211,181932.88,2025-12-21T12:48:29,NEFT,0,
TXN-0004002,ACC-00480,ACC-00115,59395.77,2025-12-20T09:19:23,UPI,0,
TXN-0004003,ACC-00030,ACC-00385,2042932.84,2025-11-11T22:19:56,UPI,0,
TXN-0004004,ACC-00164,ACC-00399,476211.52,2025-11-08T07:33:06,UPI,0,
TXN-0004005,ACC-00343,ACC-00371,20877.97,2025-11-06T06:44:33,UPI,0,
TXN-0004006,ACC-00310,ACC-00428,20487.1,2025-12-24T04:06:21,UPI,0,
TXN-0004007,ACC-00464,ACC-00065,84580.08,2025-11-16T13:00:11,NEFT,0,
TXN-0004008,ACC-00404,ACC-00260,8035.03,2025-12-26T06:55:26,NEFT,0,
TXN-0004009,ACC-00446,ACC-00386,296356.66,2025-12-01T16:27:35,UPI,0,
TXN-0004010,ACC-00306,ACC-00266,69625.14,2025-10-28T22:13:15,NEFT,0,
TXN-0004011,ACC-00038,ACC-00221,57620.06,2025-11-28T05:41:09,UPI,0,
TXN-0004012,ACC-00033,ACC-00287,125055.96,2025-10-09T05:41:51,IMPS,0,
TXN-0004013,ACC-00397,ACC-00074,807011.98,2025-12-15T01:01:46,NEFT,0,
TXN-0004014,ACC-00189,ACC-00142,49400.69,2025-11-08T04:22:45,UPI,0,
TXN-0004015,ACC-00332,ACC-00413,29629.55,2025-12-29T01:01:22,UPI,0,
TXN-0004016,ACC-00428,ACC-00274,548913.05,2025-11-28T18:26:29,UPI,0,
TXN-0004017,ACC-00157,ACC-00437,207231.28,2025-11-15T14:58:26,NEFT,0,
TXN-0004018,ACC-00197,ACC-00387,20378.51,2025-12-24T13:56:51,IMPS,0,
TXN-0004019,ACC-00301,ACC-00355,36656.12,2025-11-24T09:19:54,RTGS,0,
TXN-0004020,ACC-00309,ACC-00306,51621.09,2025-12-04T04:15:43,IMPS,0,
TXN-0004021,ACC-00070,ACC-00240,69651.76,2025-11-02T17:26:32,UPI,0,
TXN-0004022,ACC-00250,ACC-00499,3159.35,2025-11-03T05:52:23,NEFT,0,
TXN-0004023,ACC-00315,ACC-00323,2260.92,2025-10-07T02:38:51,UPI,0,
TXN-0004024,ACC-00137,ACC-00478,7351.78,2025-10-27T08:03:39,RTGS,0,
TXN-0004025,ACC-00304,ACC-00262,6396.27,2025-10-23T02:54:39,UPI,0,
TXN-0004026,ACC-00463,ACC-00165,11397.13,2025-12-28T01:58:13,UPI,0,
TXN-0004027,ACC-00097,ACC-00178,113832.02,2025-10-30T17:50:30,UPI,0,
TXN-0004028,ACC-00171,ACC-00265,26793.85,2025-12-05T15:25:38,NEFT,0,
TXN-0004029,ACC-00135,ACC-00306,51715.37,2025-11-11T03:38:15,IMPS,0,
TXN-0004030,ACC-00096,ACC-00393,4008.83,2025-11-29T12:31:07,RTGS,0,
TXN-0004031,ACC-00071,ACC-00410,15820.22,2025-12-14T18:01:05,IMPS,0,
TXN-0004032,ACC-00097,ACC-00351,104512.69,2025-12-06T14:26:54,UPI,0,
TXN-0004033,ACC-00277,ACC-00283,105970.33,2025-11-01T04:18:58,UPI,0,
TXN-0004034,ACC-00236,ACC-00297,9855.32,2025-11-20T11:57:01,UPI,0,
TXN-0004035,ACC-00370,ACC-00448,48581.22,2025-10-29T07:09:13,NEFT,0,
TXN-0004036,ACC-00105,ACC-00306,1901067.51,2025-12-16T16:42:19,NEFT,0,
TXN-0004037,ACC-00172,ACC-00093,35183.19,2025-12-26T03:29:47,NEFT,0,
TXN-0004038,ACC-00254,ACC-00191,10428.14,2025-10-24T20:22:05,UPI,0,
TXN-0004039,ACC-00367,ACC-00138,26561.76,2025-11-25T03:58:38,NEFT,0,
TXN-0004040,ACC-00174,ACC-00074,42869.62,2025-10-25T17:33:14,NEFT,0,
TXN-0004041,ACC-00129,ACC-00063,27664.27,2025-11-06T13:27:11,IMPS,0,
TXN-0004042,ACC-00201,ACC-00001,34322.68,2025-10-07T11:03:51,UPI,0,
TXN-0004043,ACC-00478,ACC-00130,2702.13,2025-11-18T01:33:47,NEFT,0,
TXN-0004044,ACC-00281,ACC-00298,6420.59,2025-12-19T17:26:14,UPI,0,
TXN-0004045,ACC-00290,ACC-00215,27755.7,2025-10-20T08:08:46,UPI,0,
TXN-0004046,ACC-00218,ACC-00321,26971.0,2025-11-17T12:45:23,NEFT,0,
TXN-0004047,ACC-00243,ACC-00223,13106.44,2025-11-07T13:30:24,UPI,0,
TXN-0004048,ACC-00071,ACC-00092,26406.77,2025-10-12T22:24:59,UPI,0,
TXN-0004049,ACC-00410,ACC-00027,40531.18,2025-10-04T23:37:03,IMPS,0,
TXN-0004050,ACC-00142,ACC-00055,180041.78,2025-11-23T06:04:33,NEFT,0,
TXN-0004051,ACC-00065,ACC-00401,30376.33,2025-10-10T07:26:28,RTGS,0,
TXN-0004052,ACC-00351,ACC-00216,74487.44,2025-10-20T21:26:04,UPI,0,
TXN-0004053,ACC-00338,ACC-00290,13699.57,2025-10-06T19:31:48,UPI,0,
TXN-0004054,ACC-00172,ACC-00319,101698.95,2025-12-09T20:43:27,UPI,0,
TXN-0004055,ACC-00220,ACC-00123,71418.67,2025-10-23T09:04:36,UPI,0,
TXN-0004056,ACC-00309,ACC-00292,172554.88,2025-12-12T23:38:59,UPI,0,
TXN-0004057,ACC-00282,ACC-00181,131167.29,2025-12-21T15:07:53,UPI,0,
TXN-0004058,ACC-00011,ACC-00283,104791.1,2025-11-26T17:05:53,UPI,0,
TXN-0004059,ACC-00112,ACC-00087,30419.79,2025-12-18T05:26:27,ATM,0,
TXN-0004060,ACC-00196,ACC-00104,56437.58,2025-11-22T14:16:43,NEFT,0,
TXN-0004061,ACC-00488,ACC-00082,246302.58,2025-10-09T20:27:34,NEFT,0,
TXN-0004062,ACC-00314,ACC-00498,11229.12,2025-10-27T04:30:52,IMPS,0,
TXN-0004063,ACC-00063,ACC-00048,11717.82,2025-10-24T21:40:16,IMPS,0,
TXN-0004064,ACC-00113,ACC-00123,50341.07,2025-11-14T14:43:40,NEFT,0,
TXN-0004065,ACC-00456,ACC-00088,76688.22,2025-12-29T02:13:20,UPI,0,
TXN-0004066,ACC-00054,ACC-00001,8238.79,2025-10-24T04:22:34,IMPS,0,
TXN-0004067,ACC-00222,ACC-00296,31743.0,2025-12-23T14:01:52,NEFT,0,
TXN-0004068,ACC-00197,ACC-00228,30662.7,2025-10-21T17:13:46,UPI,0,
TXN-0004069,ACC-00433,ACC-00041,673.51,2025-11-09T15:57:16,IMPS,0,
TXN-0004070,ACC-00226,ACC-00076,24458.44,2025-12-11T18:22:40,RTGS,0,
TXN-0004071,ACC-00435,ACC-00314,27359.74,2025-12-12T21:14:39,UPI,0,
TXN-0004072,ACC-00277,ACC-00391,27213.62,2025-10-27T09:09:40,UPI,0,
TXN-0004073,ACC-00344,ACC-00251,464466.96,2025-11-12T09:28:08,IMPS,0,
TXN-0004074,ACC-00268,ACC-00175,4070.67,2025-11-01T06:30:03,UPI,0,
TXN-0004075,ACC-00259,ACC-00315,8231.14,2025-11-07T15:52:26,IMPS,0,
TXN-0004076,ACC-00310,ACC-00105,329.66,2025-11-06T05:03:44,UPI,0,
TXN-0004077,ACC-00039,ACC-00307,15280.76,2025-12-21T06:12:39,IMPS,0,
TXN-0004078,ACC-00193,ACC-00086,17815.81,2025-12-16T12:20:09,NEFT,0,
TXN-0004079,ACC-00111,ACC-00160,14501.99,2025-11-04T07:10:05,NEFT,0,
TXN-0004080,ACC-00127,ACC-00366,266683.87,2025-10-29T05:19:50,RTGS,0,
TXN-0004081,ACC-00194,ACC-00307,170947.46,2025-12-25T05:15:37,NEFT,0,
TXN-0004082,ACC-00012,ACC-00351,41778.71,2025-11-24T16:36:19,UPI,0,
TXN-0004083,ACC-00357,ACC-00033,18636.86,2025-11-13T21:48:32,IMPS,0,
TXN-0004084,ACC-00011,ACC-00199,230300.76,2025-11-25T12:03:22,UPI,0,
TXN-0004085,ACC-00195,ACC-00010,35046.67,2025-11-17T16:00:49,NEFT,0,
TXN-0004086,ACC-00228,ACC-00465,8325.8,2025-11-11T04:18:45,UPI,0,
TXN-0004087,ACC-00130,ACC-00178,1653.67,2025-10-23T04:34:33,UPI,0,
TXN-0004088,ACC-00466,ACC-00133,16409.8,2025-11-16T11:03:26,UPI,0,
TXN-0004089,ACC-00112,ACC-00437,141260.15,2025-11-26T20:18:04,NEFT,0,
TXN-0004090,ACC-00306,ACC-00271,2186405.96,2025-12-18T15:46:04,UPI,0,
TXN-0004091,ACC-00018,ACC-00195,40574.64,2025-11-05T09:30:50,UPI,0,
TXN-0004092,ACC-00117,ACC-00046,9157.79,2025-12-08T15:40:22,RTGS,0,
TXN-0004093,ACC-00047,ACC-00315,4302.98,2025-12-07T12:11:46,NEFT,0,
TXN-0004094,ACC-00128,ACC-00040,98078.04,2025-11-20T23:55:48,RTGS,0,
TXN-0004095,ACC-00231,ACC-00076,1515.79,2025-10-29T11:05:44,UPI,0,
TXN-0004096,ACC-00223,ACC-00142,97794.26,2025-12-24T13:35:50,RTGS,0,
TXN-0004097,ACC-00117,ACC-00209,158242.02,2025-10-31T06:04:36,UPI,0,
TXN-0004098,ACC-00034,ACC-00118,79642.49,2025-12-24T15:27:53,UPI,0,
TXN-0004099,ACC-00026,ACC-00293,24455.47,2025-12-03T13:22:46,IMPS,0,
TXN-0004100,ACC-00446,ACC-00488,100397.56,2025-12-24T03:48:24,RTGS,0,
TXN-0004101,ACC-00090,ACC-00147,49399.18,2025-11-23T04:47:21,NEFT,0,
TXN-0004102,ACC-00216,ACC-00458,8949.72,2025-10-17T07:17:47,UPI,0,
TXN-0004103,ACC-00413,ACC-00492,1015348.21,2025-10-19T23:16:48,NEFT,0,
TXN-0004104,ACC-00039,ACC-00034,19282.96,2025-12-15T00:50:20,UPI,0,
TXN-0004105,ACC-00418,ACC-00400,146730.69,2025-10-18T08:28:20,NEFT,0,
TXN-0004106,ACC-00398,ACC-00236,467.08,2025-11-23T17:36:19,IMPS,0,
TXN-0004107,ACC-00370,ACC-00091,361366.37,2025-10-15T19:51:36,NEFT,0,
TXN-0004108,ACC-00095,ACC-00125,510821.12,2025-12-16T09:37:45,UPI,0,
TXN-0004109,ACC-00437,ACC-00087,38318.99,2025-12-14T09:43:26,UPI,0,
TXN-0004110,ACC-00416,ACC-00010,99288.78,2025-11-18T15:12:43,NEFT,0,
TXN-0004111,ACC-00029,ACC-00201,99243.07,2025-10-14T02:27:15,UPI,0,
TXN-0004112,ACC-00240,ACC-00079,11418.49,2025-12-22T04:34:28,UPI,0,
TXN-0004113,ACC-00441,ACC-00311,97228.6,2025-12-21T00:00:47,UPI,0,
TXN-0004114,ACC-00400,ACC-00142,8471.52,2025-11-14T21:28:56,UPI,0,
TXN-0004115,ACC-00089,ACC-00363,12139.71,2025-10-11T16:01:48,IMPS,0,
TXN-0004116,ACC-00082,ACC-00327,276094.27,2025-11-28T20:06:26,IMPS,0,
TXN-0004117,ACC-00034,ACC-00193,209899.44,2025-10-14T04:40:47,UPI,0,
TXN-0004118,ACC-00235,ACC-00270,10183.5,2025-12-17T13:25:39,NEFT,0,
TXN-0004119,ACC-00386,ACC-00202,9696.91,2025-11-23T10:19:43,NEFT,0,
TXN-0004120,ACC-00206,ACC-00455,11360.82,2025-11-20T23:27:25,NEFT,0,
TXN-0004121,ACC-00331,ACC-00482,135774.57,2025-11-20T10:53:11,UPI,0,
TXN-0004122,ACC-00310,ACC-00295,6003.08,2025-12-09T17:53:25,IMPS,0,
TXN-0004123,ACC-00207,ACC-00384,69015.25,2025-10-25T09:52:26,NEFT,0,
TXN-0004124,ACC-00208,ACC-00085,139291.52,2025-11-18T20:25:49,RTGS,0,
TXN-0004125,ACC-00064,ACC-00412,30981.89,2025-10-04T12:51:25,UPI,0,
TXN-0004126,ACC-00307,ACC-00188,223711.97,2025-12-21T17:52:35,UPI,0,
TXN-0004127,ACC-00309,ACC-00462,20999.24,2025-11-10T00:59:31,UPI,0,
TXN-0004128,ACC-00153,ACC-00191,24712.39,2025-10-03T07:38:05,UPI,0,
TXN-0004129,ACC-00101,ACC-00384,6253.88,2025-10-02T13:22:46,UPI,0,
TXN-0004130,ACC-00396,ACC-00326,226594.92,2025-12-12T20:26:11,UPI,0,
TXN-0004131,ACC-00442,ACC-00302,9138.61,2025-12-16T18:03:18,IMPS,0,
TXN-0004132,ACC-00071,ACC-00332,68158.37,2025-12-17T01:35:45,UPI,0,
TXN-0004133,ACC-00125,ACC-00072,31940.53,2025-10-02T14:09:48,RTGS,0,
TXN-0004134,ACC-00462,ACC-00224,5458.83,2025-10-25T13:20:46,NEFT,0,
TXN-0004135,ACC-00238,ACC-00364,12132.15,2025-11-15T04:00:19,UPI,0,
TXN-0004136,ACC-00104,ACC-00237,437647.92,2025-10-13T15:53:12,NEFT,0,
TXN-0004137,ACC-00026,ACC-00125,52207.61,2025-10-15T03:07:36,RTGS,0,
TXN-0004138,ACC-00472,ACC-00051,5904.85,2025-10-29T16:22:26,UPI,0,
TXN-0004139,ACC-00179,ACC-00238,62918.21,2025-12-28T07:02:13,UPI,0,
TXN-0004140,ACC-00334,ACC-00446,27917.1,2025-11-12T01:51:14,UPI,0,
TXN-0004141,ACC-00150,ACC-00181,10000000.0,2025-12-19T17:17:17,NEFT,0,
TXN-0004142,ACC-00244,ACC-00020,60671.11,2025-12-24T08:03:08,IMPS,0,
TXN-0004143,ACC-00034,ACC-00180,18304.01,2025-11-02T04:20:24,UPI,0,
TXN-0004144,ACC-00472,ACC-00259,467918.89,2025-10-17T02:40:50,UPI,0,
TXN-0004145,ACC-00051,ACC-00074,1320.99,2025-12-12T06:25:57,IMPS,0,
TXN-0004146,ACC-00138,ACC-00030,43035.31,2025-10-03T09:31:00,NEFT,0,
TXN-0004147,ACC-00322,ACC-00266,1315820.9,2025-11-06T01:06:48,UPI,0,
TXN-0004148,ACC-00206,ACC-00171,29461.55,2025-12-17T12:39:57,NEFT,0,
TXN-0004149,ACC-00177,ACC-00318,1603.68,2025-11-01T16:54:15,UPI,0,
TXN-0004150,ACC-00026,ACC-00410,17807.01,2025-11-20T04:41:29,NEFT,0,
TXN-0004151,ACC-00452,ACC-00224,497889.02,2025-12-13T15:24:56,NEFT,0,
TXN-0004152,ACC-00390,ACC-00263,71462.3,2025-10-04T12:14:57,IMPS,0,
TXN-0004153,ACC-00280,ACC-00373,8022.93,2025-12-12T17:09:01,NEFT,0,
TXN-0004154,ACC-00034,ACC-00495,10578.33,2025-10-15T21:17:05,RTGS,0,
TXN-0004155,ACC-00193,ACC-00169,13260.43,2025-12-04T03:20:50,IMPS,0,
TXN-0004156,ACC-00374,ACC-00369,69574.69,2025-12-01T16:08:03,UPI,0,
TXN-0004157,ACC-00072,ACC-00390,403831.52,2025-12-28T20:05:32,UPI,0,
TXN-0004158,ACC-00315,ACC-00196,241436.41,2025-10-27T18:34:01,UPI,0,
TXN-0004159,ACC-00021,ACC-00022,82522.14,2025-10-30T09:49:55,UPI,0,
TXN-0004160,ACC-00068,ACC-00099,3304.5,2025-11-10T14:53:11,NEFT,0,
TXN-0004161,ACC-00213,ACC-00409,3326.65,2025-12-20T04:32:16,RTGS,0,
TXN-0004162,ACC-00218,ACC-00280,94831.19,2025-11-25T03:58:16,UPI,0,
TXN-0004163,ACC-00469,ACC-00107,3223.27,2025-10-01T01:19:16,ATM,0,
TXN-0004164,ACC-00083,ACC-00439,24196.89,2025-10-04T15:17:25,UPI,0,
TXN-0004165,ACC-00247,ACC-00402,62784.96,2025-10-07T09:59:55,UPI,0,
TXN-0004166,ACC-00468,ACC-00084,4685.98,2025-12-29T18:59:27,IMPS,0,
TXN-0004167,ACC-00058,ACC-00040,5746.39,2025-12-04T23:51:17,NEFT,0,
TXN-0004168,ACC-00460,ACC-00175,30655.95,2025-11-29T21:14:39,IMPS,0,
TXN-0004169,ACC-00190,ACC-00435,89910.55,2025-11-15T12:40:38,ATM,0,
TXN-0004170,ACC-00132,ACC-00295,245421.84,2025-11-24T05:33:32,NEFT,0,
TXN-0004171,ACC-00461,ACC-00416,108303.87,2025-12-12T01:14:41,UPI,0,
TXN-0004172,ACC-00340,ACC-00167,41464.04,2025-11-21T03:19:16,UPI,0,
TXN-0004173,ACC-00349,ACC-00427,9479.15,2025-12-09T13:42:55,NEFT,0,
TXN-0004174,ACC-00349,ACC-00142,5283.62,2025-12-18T06:33:23,NEFT,0,
TXN-0004175,ACC-00459,ACC-00125,14478.52,2025-10-22T23:04:53,IMPS,0,
TXN-0004176,ACC-00222,ACC-00247,75954.07,2025-10-27T10:14:42,UPI,0,
TXN-0004177,ACC-00260,ACC-00153,66564.23,2025-11-18T10:27:41,ATM,0,
TXN-0004178,ACC-00207,ACC-00026,828.96,2025-11-27T10:44:39,UPI,0,
TXN-0004179,ACC-00441,ACC-00131,8828.86,2025-10-11T08:09:19,IMPS,0,
TXN-0004180,ACC-00284,ACC-00114,317462.06,2025-12-21T23:48:00,IMPS,0,
TXN-0004181,ACC-00450,ACC-00489,41880.98,2025-10-25T03:36:05,NEFT,0,
TXN-0004182,ACC-00078,ACC-00474,2833.83,2025-10-10T13:44:53,IMPS,0,
TXN-0004183,ACC-00258,ACC-00185,2521786.47,2025-11-10T01:31:57,IMPS,0,
TXN-0004184,ACC-00214,ACC-00290,34472.08,2025-11-02T03:46:57,UPI,0,
TXN-0004185,ACC-00124,ACC-00083,72533.31,2025-11-30T11:49:50,NEFT,0,
TXN-0004186,ACC-00475,ACC-00339,74543.98,2025-10-07T10:32:17,IMPS,0,
TXN-0004187,ACC-00474,ACC-00455,18738.36,2025-10-06T12:35:37,NEFT,0,
TXN-0004188,ACC-00417,ACC-00221,9802.25,2025-10-15T22:57:11,NEFT,0,
TXN-0004189,ACC-00015,ACC-00170,1654509.21,2025-11-05T23:02:53,UPI,0,
TXN-0004190,ACC-00120,ACC-00249,220967.42,2025-12-25T08:27:54,ATM,0,
TXN-0004191,ACC-00475,ACC-00490,159450.21,2025-11-08T11:33:00,NEFT,0,
TXN-0004192,ACC-00207,ACC-00220,102469.51,2025-12-22T11:21:43,UPI,0,
TXN-0004193,ACC-00124,ACC-00312,5967.17,2025-12-18T02:41:22,UPI,0,
TXN-0004194,ACC-00081,ACC-00306,362056.06,2025-11-01T18:17:53,NEFT,0,
TXN-0004195,ACC-00436,ACC-00042,7961.41,2025-10-10T18:33:15,UPI,0,
TXN-0004196,ACC-00407,ACC-00377,60470.82,2025-10-01T19:46:58,UPI,0,
TXN-0004197,ACC-00219,ACC-00252,1899.03,2025-12-27T01:11:09,UPI,0,
TXN-0004198,ACC-00496,ACC-00406,921.92,2025-12-18T11:00:21,IMPS,0,
TXN-0004199,ACC-00077,ACC-00026,64403.56,2025-10-01T04:51:49,NEFT,0,
TXN-0004200,ACC-00016,ACC-00068,8464.37,2025-10-29T07:03:53,ATM,0,
TXN-0004201,ACC-00187,ACC-00347,1011.81,2025-12-06T13:42:27,RTGS,0,
TXN-0004202,ACC-00358,ACC-00182,96095.44,2025-12-04T16:01:41,NEFT,0,
TXN-0004203,ACC-00020,ACC-00084,1649768.26,2025-12-26T16:33:38,UPI,0,
TXN-0004204,ACC-00051,ACC-00019,442948.36,2025-11-26T14:10:13,UPI,0,
TXN-0004205,ACC-00020,ACC-00314,22852.77,2025-10-01T00:29:47,IMPS,0,
TXN-0004206,ACC-00098,ACC-00404,36898.33,2025-10-17T11:58:32,RTGS,0,
TXN-0004207,ACC-00421,ACC-00251,179489.37,2025-10-11T10:34:58,UPI,0,
TXN-0004208,ACC-00149,ACC-00315,273711.64,2025-12-21T06:00:05,NEFT,0,
TXN-0004209,ACC-00425,ACC-00313,19567.7,2025-10-28T14:48:16,UPI,0,
TXN-0004210,ACC-00236,ACC-00310,38619.78,2025-12-22T18:13:31,UPI,0,
TXN-0004211,ACC-00329,ACC-00397,62386.65,2025-12-07T22:59:05,NEFT,0,
TXN-0004212,ACC-00254,ACC-00310,98417.84,2025-10-22T17:28:22,IMPS,0,
TXN-0004213,ACC-00016,ACC-00201,28580.0,2025-12-22T17:40:06,UPI,0,
TXN-0004214,ACC-00083,ACC-00355,29256.19,2025-11-15T21:22:42,IMPS,0,
TXN-0004215,ACC-00183,ACC-00487,435259.72,2025-11-19T09:46:00,UPI,0,
TXN-0004216,ACC-00334,ACC-00361,320339.7,2025-12-19T02:14:39,NEFT,0,
TXN-0004217,ACC-00413,ACC-00476,85762.66,2025-10-23T19:52:52,IMPS,0,
TXN-0004218,ACC-00433,ACC-00158,801625.1,2025-12-04T16:29:15,UPI,0,
TXN-0004219,ACC-00123,ACC-00236,18113.23,2025-10-15T10:32:41,IMPS,0,
TXN-0004220,ACC-00018,ACC-00040,674247.28,2025-10-06T16:53:34,NEFT,0,
TXN-0004221,ACC-00060,ACC-00075,96425.68,2025-10-11T10:53:59,ATM,0,
TXN-0004222,ACC-00064,ACC-00076,10000000.0,2025-12-10T04:10:31,UPI,0,
TXN-0004223,ACC-00394,ACC-00170,4245.15,2025-12-06T18:31:02,UPI,0,
TXN-0004224,ACC-00122,ACC-00367,10500.5,2025-11-16T18:12:06,NEFT,0,
TXN-0004225,ACC-00062,ACC-00476,77175.4,2025-12-02T13:21:12,IMPS,0,
TXN-0004226,ACC-00343,ACC-00282,74237.25,2025-12-10T19:34:46,NEFT,0,
TXN-0004227,ACC-00479,ACC-00363,1214994.58,2025-10-21T08:48:14,RTGS,0,
TXN-0004228,ACC-00335,ACC-00017,10904.44,2025-11-05T08:40:09,UPI,0,
TXN-0004229,ACC-00098,ACC-00176,185137.36,2025-10-07T09:55:12,UPI,0,
TXN-0004230,ACC-00430,ACC-00436,294323.1,2025-12-18T00:35:15,UPI,0,
TXN-0004231,ACC-00095,ACC-00416,129103.04,2025-11-18T07:31:53,NEFT,0,
TXN-0004232,ACC-00494,ACC-00203,6439.5,2025-12-16T02:12:39,IMPS,0,
TXN-0004233,ACC-00165,ACC-00230,457698.45,2025-10-13T21:41:13,IMPS,0,
TXN-0004234,ACC-00381,ACC-00494,331965.02,2025-12-08T16:19:31,NEFT,0,
TXN-0004235,ACC-00161,ACC-00490,106857.57,2025-12-28T21:15:13,IMPS,0,
TXN-0004236,ACC-00444,ACC-00358,52461.03,2025-10-18T20:39:44,UPI,0,
TXN-0004237,ACC-00401,ACC-00084,54556.62,2025-10-25T07:56:28,NEFT,0,
TXN-0004238,ACC-00249,ACC-00448,31516.79,2025-11-02T11:34:21,UPI,0,
TXN-0004239,ACC-00452,ACC-00071,115083.5,2025-10-24T07:17:42,NEFT,0,
TXN-0004240,ACC-00253,ACC-00490,38408.83,2025-10-27T23:27:57,RTGS,0,
TXN-0004241,ACC-00369,ACC-00092,7884.51,2025-11-10T13:42:29,UPI,0,
TXN-0004242,ACC-00004,ACC-00323,5500.17,2025-11-05T00:33:21,IMPS,0,
TXN-0004243,ACC-00409,ACC-00314,9380.0,2025-11-06T05:12:31,UPI,0,
TXN-0004244,ACC-00053,ACC-00247,54167.59,2025-12-14T21:53:01,IMPS,0,
TXN-0004245,ACC-00256,ACC-00103,34595.52,2025-10-21T11:48:34,UPI,0,
TXN-0004246,ACC-00348,ACC-00337,53509.73,2025-12-23T06:45:30,IMPS,0,
TXN-0004247,ACC-00258,ACC-00140,89452.55,2025-11-21T13:00:52,UPI,0,
TXN-0004248,ACC-00270,ACC-00302,11740.77,2025-11-29T11:08:38,RTGS,0,
TXN-0004249,ACC-00100,ACC-00222,507975.4,2025-12-14T17:33:30,RTGS,0,
TXN-0004250,ACC-00409,ACC-00020,22429.23,2025-11-14T04:06:58,ATM,0,
TXN-0004251,ACC-00302,ACC-00280,16644.44,2025-10-29T04:11:57,NEFT,0,
TXN-0004252,ACC-00386,ACC-00233,86534.22,2025-10-05T07:43:27,UPI,0,
TXN-0004253,ACC-00009,ACC-00208,1331.79,2025-11-27T05:12:56,NEFT,0,
TXN-0004254,ACC-00405,ACC-00032,8752.0,2025-11-16T01:42:21,IMPS,0,
TXN-0004255,ACC-00213,ACC-00475,212337.24,2025-11-15T00:08:01,RTGS,0,
TXN-0004256,ACC-00311,ACC-00292,1591.83,2025-10-23T10:08:29,RTGS,0,
TXN-0004257,ACC-00427,ACC-00302,271477.23,2025-10-22T15:23:36,NEFT,0,
TXN-0004258,ACC-00153,ACC-00456,551306.29,2025-12-03T07:23:51,RTGS,0,
TXN-0004259,ACC-00418,ACC-00117,18675.74,2025-12-04T21:33:35,RTGS,0,
TXN-0004260,ACC-00130,ACC-00202,61406.01,2025-10-26T18:20:50,UPI,0,
TXN-0004261,ACC-00117,ACC-00020,272217.53,2025-10-22T12:50:01,ATM,0,
TXN-0004262,ACC-00230,ACC-00122,15674.33,2025-11-08T13:01:51,UPI,0,
TXN-0004263,ACC-00024,ACC-00490,173164.27,2025-10-08T09:20:20,IMPS,0,
TXN-0004264,ACC-00140,ACC-00274,10850.13,2025-12-19T01:44:49,RTGS,0,
TXN-0004265,ACC-00481,ACC-00213,15372.2,2025-10-02T14:04:58,NEFT,0,
TXN-0004266,ACC-00487,ACC-00375,8614.43,2025-12-17T03:37:17,IMPS,0,
TXN-0004267,ACC-00403,ACC-00156,67289.87,2025-12-14T15:40:07,NEFT,0,
TXN-0004268,ACC-00026,ACC-00254,291951.89,2025-11-26T07:54:31,UPI,0,
TXN-0004269,ACC-00338,ACC-00282,26071.47,2025-10-28T22:03:24,IMPS,0,
TXN-0004270,ACC-00437,ACC-00120,3683.99,2025-12-29T20:52:20,ATM,0,
TXN-0004271,ACC-00287,ACC-00371,5172.58,2025-11-01T21:39:50,UPI,0,
TXN-0004272,ACC-00335,ACC-00102,73886.02,2025-10-02T09:06:53,IMPS,0,
TXN-0004273,ACC-00040,ACC-00168,1003906.6,2025-12-02T19:15:12,UPI,0,
TXN-0004274,ACC-00245,ACC-00010,73769.82,2025-10-10T15:45:30,UPI,0,
TXN-0004275,ACC-00383,ACC-00374,18098.53,2025-10-26T01:38:01,UPI,0,
TXN-0004276,ACC-00149,ACC-00343,144225.18,2025-10-25T23:04:08,NEFT,0,
TXN-0004277,ACC-00463,ACC-00218,23597.65,2025-10-20T19:34:18,IMPS,0,
TXN-0004278,ACC-00185,ACC-00049,18381.25,2025-12-14T06:47:42,RTGS,0,
TXN-0004279,ACC-00158,ACC-00277,6468.98,2025-12-07T03:26:44,NEFT,0,
TXN-0004280,ACC-00035,ACC-00039,458267.3,2025-10-16T02:30:04,RTGS,0,
TXN-0004281,ACC-00436,ACC-00479,375.94,2025-10-01T07:45:19,ATM,0,
TXN-0004282,ACC-00033,ACC-00398,152687.18,2025-12-14T19:01:15,IMPS,0,
TXN-0004283,ACC-00483,ACC-00138,15760.45,2025-10-18T09:01:53,UPI,0,
TXN-0004284,ACC-00231,ACC-00172,17350.67,2025-10-12T18:58:24,NEFT,0,
TXN-0004285,ACC-00427,ACC-00399,763880.99,2025-11-21T21:41:21,NEFT,0,
TXN-0004286,ACC-00062,ACC-00246,10042.33,2025-12-04T20:32:56,NEFT,0,
TXN-0004287,ACC-00402,ACC-00042,10677.3,2025-11-04T14:08:37,IMPS,0,
TXN-0004288,ACC-00180,ACC-00090,28718.32,2025-11-07T15:49:38,IMPS,0,
TXN-0004289,ACC-00279,ACC-00483,76490.77,2025-10-25T07:11:06,IMPS,0,
TXN-0004290,ACC-00466,ACC-00467,16393.82,2025-11-30T05:30:05,IMPS,0,
TXN-0004291,ACC-00406,ACC-00392,2136.78,2025-10-09T09:22:58,ATM,0,
TXN-0004292,ACC-00083,ACC-00074,7644.51,2025-11-03T05:09:12,UPI,0,
TXN-0004293,ACC-00417,ACC-00353,364543.42,2025-11-21T22:11:44,UPI,0,
TXN-0004294,ACC-00473,ACC-00387,41547.73,2025-12-01T07:39:55,UPI,0,
TXN-0004295,ACC-00174,ACC-00436,81793.83,2025-11-07T19:05:02,IMPS,0,
TXN-0004296,ACC-00221,ACC-00053,22684.61,2025-12-18T09:05:13,NEFT,0,
TXN-0004297,ACC-00415,ACC-00206,11080.08,2025-10-21T14:50:04,UPI,0,
TXN-0004298,ACC-00317,ACC-00326,743872.56,2025-11-16T22:27:27,IMPS,0,
TXN-0004299,ACC-00382,ACC-00357,25880.75,2025-10-07T11:53:22,ATM,0,
TXN-0004300,ACC-00381,ACC-00116,16349.2,2025-12-21T00:33:07,IMPS,0,
TXN-0004301,ACC-00467,ACC-00399,261203.81,2025-11-17T23:58:39,NEFT,0,
TXN-0004302,ACC-00234,ACC-00198,9894.67,2025-11-01T06:48:46,NEFT,0,
TXN-0004303,ACC-00101,ACC-00460,12450.19,2025-10-05T01:47:04,UPI,0,
TXN-0004304,ACC-00096,ACC-00001,36991.52,2025-11-25T10:23:05,UPI,0,
TXN-0004305,ACC-00340,ACC-00478,36333.16,2025-11-06T04:04:30,NEFT,0,
TXN-0004306,ACC-00212,ACC-00383,57947.95,2025-12-21T07:33:39,UPI,0,
TXN-0004307,ACC-00161,ACC-00441,1567518.51,2025-11-14T23:59:22,UPI,0,
TXN-0004308,ACC-00431,ACC-00049,66519.26,2025-11-27T17:37:53,NEFT,0,
TXN-0004309,ACC-00392,ACC-00059,502.45,2025-11-27T13:31:24,UPI,0,
TXN-0004310,ACC-00253,ACC-00283,65338.59,2025-11-23T13:19:54,IMPS,0,
TXN-0004311,ACC-00174,ACC-00061,38878.01,2025-11-30T16:13:51,IMPS,0,
TXN-0004312,ACC-00402,ACC-00427,39269.76,2025-12-01T22:50:05,UPI,0,
TXN-0004313,ACC-00159,ACC-00274,56540.09,2025-12-19T19:46:56,NEFT,0,
TXN-0004314,ACC-00019,ACC-00439,34488.43,2025-10-11T08:20:09,UPI,0,
TXN-0004315,ACC-00153,ACC-00340,33034.19,2025-10-14T07:02:43,IMPS,0,
TXN-0004316,ACC-00417,ACC-00194,109478.07,2025-10-15T20:36:05,UPI,0,
TXN-0004317,ACC-00435,ACC-00210,13687.72,2025-10-08T05:21:29,ATM,0,
TXN-0004318,ACC-00186,ACC-00038,6595.64,2025-11-18T09:05:34,UPI,0,
TXN-0004319,ACC-00153,ACC-00208,8392144.22,2025-10-03T04:58:11,UPI,0,
TXN-0004320,ACC-00145,ACC-00167,10011.17,2025-10-18T22:33:34,IMPS,0,
TXN-0004321,ACC-00445,ACC-00070,43488.74,2025-11-20T23:13:56,NEFT,0,
TXN-0004322,ACC-00436,ACC-00051,2459.74,2025-11-05T04:45:40,UPI,0,
TXN-0004323,ACC-00499,ACC-00135,44785.65,2025-12-14T13:34:00,UPI,0,
TXN-0004324,ACC-00454,ACC-00063,6769.58,2025-10-18T17:31:58,NEFT,0,
TXN-0004325,ACC-00298,ACC-00409,16375.62,2025-10-08T15:42:28,UPI,0,
TXN-0004326,ACC-00141,ACC-00159,238259.67,2025-12-21T16:45:38,IMPS,0,
TXN-0004327,ACC-00386,ACC-00277,84932.93,2025-12-28T15:22:54,RTGS,0,
TXN-0004328,ACC-00415,ACC-00364,101026.4,2025-11-23T07:06:53,RTGS,0,
TXN-0004329,ACC-00445,ACC-00353,1497.92,2025-11-23T00:25:22,UPI,0,
TXN-0004330,ACC-00282,ACC-00336,990942.02,2025-10-29T21:19:57,UPI,0,
TXN-0004331,ACC-00206,ACC-00385,4249.74,2025-10-04T22:55:30,UPI,0,
TXN-0004332,ACC-00449,ACC-00215,568871.28,2025-10-10T00:37:47,IMPS,0,
TXN-0004333,ACC-00137,ACC-00379,228382.92,2025-10-06T01:17:36,UPI,0,
TXN-0004334,ACC-00048,ACC-00485,102662.17,2025-11-27T02:50:53,UPI,0,
TXN-0004335,ACC-00456,ACC-00244,7793.36,2025-10-05T03:05:24,NEFT,0,
TXN-0004336,ACC-00184,ACC-00207,47708.35,2025-11-22T14:52:07,UPI,0,
TXN-0004337,ACC-00081,ACC-00302,15558.17,2025-11-24T11:40:06,RTGS,0,
TXN-0004338,ACC-00126,ACC-00041,38264.25,2025-11-02T10:25:22,UPI,0,
TXN-0004339,ACC-00332,ACC-00470,23161.11,2025-11-25T05:54:05,IMPS,0,
TXN-0004340,ACC-00053,ACC-00322,925.65,2025-12-18T20:40:31,UPI,0,
TXN-0004341,ACC-00111,ACC-00373,273542.28,2025-12-08T18:08:09,UPI,0,
TXN-0004342,ACC-00377,ACC-00490,31382.54,2025-12-19T19:48:29,RTGS,0,
TXN-0004343,ACC-00260,ACC-00122,15174.31,2025-11-09T14:30:01,UPI,0,
TXN-0004344,ACC-00267,ACC-00448,13245.47,2025-10-27T12:52:07,NEFT,0,
TXN-0004345,ACC-00373,ACC-00397,69232.61,2025-12-21T17:37:47,UPI,0,
TXN-0004346,ACC-00280,ACC-00121,7268.02,2025-10-06T18:20:45,NEFT,0,
TXN-0004347,ACC-00313,ACC-00341,626.84,2025-11-07T17:08:00,UPI,0,
TXN-0004348,ACC-00270,ACC-00149,75571.43,2025-11-03T10:12:08,UPI,0,
TXN-0004349,ACC-00498,ACC-00302,92446.5,2025-11-09T22:57:53,RTGS,0,
TXN-0004350,ACC-00147,ACC-00137,25353.26,2025-10-25T04:17:00,NEFT,0,
TXN-0004351,ACC-00455,ACC-00063,4599.83,2025-12-08T15:12:23,NEFT,0,
TXN-0004352,ACC-00331,ACC-00309,42620.22,2025-11-18T07:40:19,UPI,0,
TXN-0004353,ACC-00058,ACC-00207,2601.5,2025-11-27T08:31:04,UPI,0,
TXN-0004354,ACC-00129,ACC-00353,5715.77,2025-10-13T10:42:24,NEFT,0,
TXN-0004355,ACC-00416,ACC-00328,9402.62,2025-11-26T07:58:24,UPI,0,
TXN-0004356,ACC-00343,ACC-00127,165891.68,2025-10-13T20:37:39,IMPS,0,
TXN-0004357,ACC-00118,ACC-00127,18907.24,2025-12-12T07:41:47,UPI,0,
TXN-0004358,ACC-00036,ACC-00350,16217.41,2025-11-08T07:45:41,UPI,0,
TXN-0004359,ACC-00111,ACC-00141,1224994.03,2025-10-11T22:24:30,NEFT,0,
TXN-0004360,ACC-00333,ACC-00107,68489.28,2025-12-09T15:16:55,UPI,0,
TXN-0004361,ACC-00356,ACC-00007,66848.9,2025-11-10T03:11:20,UPI,0,
TXN-0004362,ACC-00105,ACC-00228,18667.49,2025-10-15T00:26:18,UPI,0,
TXN-0004363,ACC-00331,ACC-00402,12413.39,2025-10-12T23:10:46,RTGS,0,
TXN-0004364,ACC-00166,ACC-00210,709.43,2025-11-06T18:29:32,IMPS,0,
TXN-0004365,ACC-00348,ACC-00140,207675.69,2025-11-13T01:13:27,IMPS,0,
TXN-0004366,ACC-00439,ACC-00325,81385.91,2025-10-15T04:00:27,UPI,0,
TXN-0004367,ACC-00180,ACC-00096,26304.66,2025-12-24T11:07:58,IMPS,0,
TXN-0004368,ACC-00484,ACC-00339,28367.29,2025-10-24T13:41:29,NEFT,0,
TXN-0004369,ACC-00485,ACC-00140,136633.81,2025-11-12T11:20:03,UPI,0,
TXN-0004370,ACC-00001,ACC-00221,2211.71,2025-11-15T00:13:31,UPI,0,
TXN-0004371,ACC-00400,ACC-00455,12559.26,2025-12-20T22:38:18,UPI,0,
TXN-0004372,ACC-00234,ACC-00268,4696.89,2025-10-29T01:35:19,UPI,0,
TXN-0004373,ACC-00056,ACC-00451,880915.26,2025-10-28T21:14:51,UPI,0,
TXN-0004374,ACC-00143,ACC-00090,175637.93,2025-11-11T09:00:24,IMPS,0,
TXN-0004375,ACC-00242,ACC-00402,688.94,2025-12-14T01:03:52,NEFT,0,
TXN-0004376,ACC-00300,ACC-00232,2380.89,2025-11-03T18:31:58,UPI,0,
TXN-0004377,ACC-00114,ACC-00230,28617.62,2025-10-20T12:11:12,IMPS,0,
TXN-0004378,ACC-00141,ACC-00429,15515.7,2025-11-16T07:06:23,ATM,0,
TXN-0004379,ACC-00138,ACC-00082,3347.98,2025-11-16T15:17:50,UPI,0,
TXN-0004380,ACC-00463,ACC-00068,1203292.4,2025-10-02T15:57:09,IMPS,0,
TXN-0004381,ACC-00330,ACC-00248,63740.27,2025-11-07T08:08:24,UPI,0,
TXN-0004382,ACC-00485,ACC-00282,85363.12,2025-11-19T11:40:54,NEFT,0,
TXN-0004383,ACC-00074,ACC-00056,10450.17,2025-10-26T23:43:47,IMPS,0,
TXN-0004384,ACC-00267,ACC-00130,133264.81,2025-12-06T23:36:06,UPI,0,
TXN-0004385,ACC-00441,ACC-00337,18310.34,2025-11-20T03:29:12,IMPS,0,
TXN-0004386,ACC-00382,ACC-00206,21806.91,2025-10-02T23:18:05,UPI,0,
TXN-0004387,ACC-00490,ACC-00453,109076.37,2025-10-11T09:36:20,UPI,0,
TXN-0004388,ACC-00144,ACC-00129,1934.89,2025-12-18T14:45:41,UPI,0,
TXN-0004389,ACC-00490,ACC-00342,643482.52,2025-11-23T23:28:35,RTGS,0,
TXN-0004390,ACC-00294,ACC-00409,50427.94,2025-12-29T18:04:46,NEFT,0,
TXN-0004391,ACC-00093,ACC-00321,364287.83,2025-11-18T06:10:45,ATM,0,
TXN-0004392,ACC-00001,ACC-00076,5240.88,2025-10-02T21:36:05,UPI,0,
TXN-0004393,ACC-00353,ACC-00394,6893.28,2025-11-23T18:36:58,NEFT,0,
TXN-0004394,ACC-00174,ACC-00000,4485.38,2025-11-16T16:51:21,UPI,0,
TXN-0004395,ACC-00055,ACC-00375,56984.57,2025-10-30T17:49:09,IMPS,0,
TXN-0004396,ACC-00217,ACC-00128,40895.28,2025-12-07T13:51:37,IMPS,0,
TXN-0004397,ACC-00300,ACC-00102,15741.55,2025-12-01T01:19:11,NEFT,0,
TXN-0004398,ACC-00431,ACC-00491,5852.8,2025-11-28T09:45:54,NEFT,0,
TXN-0004399,ACC-00182,ACC-00049,3714.97,2025-11-06T21:16:52,NEFT,0,
TXN-0004400,ACC-00100,ACC-00455,33280.57,2025-10-24T18:37:16,UPI,0,
TXN-0004401,ACC-00439,ACC-00172,15708.29,2025-11-04T15:35:31,NEFT,0,
TXN-0004402,ACC-00123,ACC-00272,10571.4,2025-11-02T08:56:46,NEFT,0,
TXN-0004403,ACC-00220,ACC-00490,588163.99,2025-11-24T14:34:09,UPI,0,
TXN-0004404,ACC-00039,ACC-00052,31313.79,2025-11-24T20:54:56,RTGS,0,
TXN-0004405,ACC-00118,ACC-00210,357209.34,2025-12-24T03:12:41,UPI,0,
TXN-0004406,ACC-00239,ACC-00211,13906.98,2025-11-21T22:35:43,ATM,0,
TXN-0004407,ACC-00037,ACC-00052,56421.03,2025-12-06T02:45:12,ATM,0,
TXN-0004408,ACC-00280,ACC-00225,32864.33,2025-12-09T18:03:55,UPI,0,
TXN-0004409,ACC-00377,ACC-00109,1710.05,2025-10-22T05:04:23,UPI,0,
TXN-0004410,ACC-00018,ACC-00131,474970.96,2025-10-02T03:15:28,RTGS,0,
TXN-0004411,ACC-00209,ACC-00061,28473.34,2025-10-28T05:24:17,NEFT,0,
TXN-0004412,ACC-00455,ACC-00230,139184.1,2025-12-26T17:04:48,UPI,0,
TXN-0004413,ACC-00174,ACC-00472,9380.12,2025-10-23T23:34:23,NEFT,0,
TXN-0004414,ACC-00047,ACC-00412,26991.58,2025-10-25T07:16:48,IMPS,0,
TXN-0004415,ACC-00274,ACC-00382,7628.65,2025-12-01T01:55:31,RTGS,0,
TXN-0004416,ACC-00123,ACC-00022,335976.76,2025-11-16T05:11:21,IMPS,0,
TXN-0004417,ACC-00277,ACC-00085,63610.69,2025-12-03T19:36:47,IMPS,0,
TXN-0004418,ACC-00373,ACC-00003,70311.9,2025-12-29T22:16:05,IMPS,0,
TXN-0004419,ACC-00418,ACC-00110,418625.27,2025-12-17T06:10:02,NEFT,0,
TXN-0004420,ACC-00169,ACC-00051,291097.73,2025-10-09T14:42:34,NEFT,0,
TXN-0004421,ACC-00117,ACC-00473,144006.91,2025-11-25T21:25:10,UPI,0,
TXN-0004422,ACC-00218,ACC-00356,2809.86,2025-11-03T21:07:58,RTGS,0,
TXN-0004423,ACC-00385,ACC-00231,10381.47,2025-11-24T00:14:32,IMPS,0,
TXN-0004424,ACC-00013,ACC-00378,5961.05,2025-10-10T11:13:03,ATM,0,
TXN-0004425,ACC-00292,ACC-00010,134532.44,2025-12-04T18:55:06,UPI,0,
TXN-0004426,ACC-00088,ACC-00421,49373.72,2025-10-16T05:43:46,UPI,0,
TXN-0004427,ACC-00023,ACC-00375,2972.26,2025-10-18T10:00:45,UPI,0,
TXN-0004428,ACC-00107,ACC-00101,25855.03,2025-10-13T21:02:45,UPI,0,
TXN-0004429,ACC-00031,ACC-00338,2466.6,2025-11-13T15:20:02,UPI,0,
TXN-0004430,ACC-00068,ACC-00016,33001.83,2025-10-12T10:40:17,IMPS,0,
TXN-0004431,ACC-00370,ACC-00104,1845.18,2025-11-05T14:20:19,NEFT,0,
TXN-0004432,ACC-00450,ACC-00389,94078.94,2025-10-30T02:06:13,IMPS,0,
TXN-0004433,ACC-00221,ACC-00078,71706.22,2025-12-06T18:57:47,UPI,0,
TXN-0004434,ACC-00461,ACC-00081,1126140.98,2025-11-15T23:52:15,UPI,0,
TXN-0004435,ACC-00087,ACC-00191,167070.63,2025-10-04T09:51:27,NEFT,0,
TXN-0004436,ACC-00350,ACC-00431,16962.4,2025-12-26T16:36:31,NEFT,0,
TXN-0004437,ACC-00043,ACC-00391,158344.16,2025-10-16T07:04:53,UPI,0,
TXN-0004438,ACC-00078,ACC-00212,2934.24,2025-10-11T12:40:58,NEFT,0,
TXN-0004439,ACC-00358,ACC-00416,6422.41,2025-10-17T03:14:55,UPI,0,
TXN-0004440,ACC-00266,ACC-00365,66148.44,2025-11-23T21:14:15,RTGS,0,
TXN-0004441,ACC-00271,ACC-00486,746.32,2025-12-27T11:16:53,RTGS,0,
TXN-0004442,ACC-00460,ACC-00492,33965.84,2025-12-29T01:05:10,NEFT,0,
TXN-0004443,ACC-00168,ACC-00453,5787.91,2025-11-13T23:41:42,UPI,0,
TXN-0004444,ACC-00304,ACC-00272,43579.96,2025-12-04T03:06:55,NEFT,0,
TXN-0004445,ACC-00488,ACC-00229,5219.07,2025-11-11T06:03:24,UPI,0,
TXN-0004446,ACC-00428,ACC-00406,77936.26,2025-11-13T05:06:06,UPI,0,
TXN-0004447,ACC-00133,ACC-00310,37601.13,2025-10-21T18:59:56,RTGS,0,
TXN-0004448,ACC-00408,ACC-00395,451648.12,2025-12-21T03:08:39,UPI,0,
TXN-0004449,ACC-00207,ACC-00151,36758.4,2025-11-06T11:02:21,IMPS,0,
TXN-0004450,ACC-00238,ACC-00474,9103.76,2025-10-09T20:06:10,RTGS,0,
TXN-0004451,ACC-00059,ACC-00407,23285.95,2025-12-07T10:20:36,UPI,0,
TXN-0004452,ACC-00027,ACC-00117,3230.44,2025-12-11T13:20:34,IMPS,0,
TXN-0004453,ACC-00486,ACC-00438,75436.54,2025-10-11T23:41:35,NEFT,0,
TXN-0004454,ACC-00202,ACC-00465,105001.56,2025-12-03T01:48:23,NEFT,0,
TXN-0004455,ACC-00377,ACC-00418,3092693.23,2025-10-14T03:04:52,UPI,0,
TXN-0004456,ACC-00092,ACC-00275,11857.26,2025-12-25T00:45:35,UPI,0,
TXN-0004457,ACC-00064,ACC-00123,22425.85,2025-12-28T03:47:46,UPI,0,
TXN-0004458,ACC-00439,ACC-00310,12882.62,2025-11-22T18:50:38,RTGS,0,
TXN-0004459,ACC-00123,ACC-00275,53199.52,2025-11-23T14:53:57,UPI,0,
TXN-0004460,ACC-00268,ACC-00275,72189.0,2025-10-10T01:57:21,UPI,0,
TXN-0004461,ACC-00170,ACC-00281,32988.86,2025-10-14T05:19:20,IMPS,0,
TXN-0004462,ACC-00022,ACC-00218,256628.98,2025-11-17T14:58:02,RTGS,0,
TXN-0004463,ACC-00105,ACC-00071,11961.36,2025-12-17T22:49:22,IMPS,0,
TXN-0004464,ACC-00357,ACC-00325,214295.95,2025-10-09T16:16:39,NEFT,0,
TXN-0004465,ACC-00319,ACC-00226,95730.87,2025-10-07T22:27:22,NEFT,0,
TXN-0004466,ACC-00324,ACC-00279,35537.58,2025-10-08T18:46:44,IMPS,0,
TXN-0004467,ACC-00164,ACC-00235,20601.39,2025-10-16T23:37:35,IMPS,0,
TXN-0004468,ACC-00433,ACC-00172,2864779.57,2025-10-03T21:48:43,UPI,0,
TXN-0004469,ACC-00005,ACC-00399,8344.72,2025-10-03T15:39:51,IMPS,0,
TXN-0004470,ACC-00353,ACC-00012,62086.24,2025-12-23T18:40:10,IMPS,0,
TXN-0004471,ACC-00015,ACC-00042,9410.73,2025-11-01T07:28:17,UPI,0,
TXN-0004472,ACC-00380,ACC-00413,903577.67,2025-12-01T20:24:32,NEFT,0,
TXN-0004473,ACC-00042,ACC-00352,179205.31,2025-10-19T11:42:55,NEFT,0,
TXN-0004474,ACC-00412,ACC-00050,10710.4,2025-11-12T14:53:43,IMPS,0,
TXN-0004475,ACC-00275,ACC-00331,91369.86,2025-11-06T01:44:59,UPI,0,
TXN-0004476,ACC-00322,ACC-00383,57748.48,2025-11-28T17:27:03,UPI,0,
TXN-0004477,ACC-00076,ACC-00180,14329.5,2025-10-31T08:58:45,UPI,0,
TXN-0004478,ACC-00058,ACC-00406,142158.17,2025-12-28T18:22:40,NEFT,0,
TXN-0004479,ACC-00148,ACC-00385,73185.29,2025-10-29T08:43:50,UPI,0,
TXN-0004480,ACC-00043,ACC-00279,53543.93,2025-12-18T21:52:54,UPI,0,
TXN-0004481,ACC-00342,ACC-00295,33676.13,2025-11-22T10:19:20,NEFT,0,
TXN-0004482,ACC-00251,ACC-00267,78896.97,2025-12-28T09:02:40,IMPS,0,
TXN-0004483,ACC-00077,ACC-00089,54879.64,2025-12-20T00:53:27,IMPS,0,
TXN-0004484,ACC-00256,ACC-00318,40391.23,2025-12-16T12:53:42,UPI,0,
TXN-0004485,ACC-00194,ACC-00240,11454.88,2025-10-04T22:05:58,NEFT,0,
TXN-0004486,ACC-00239,ACC-00013,765878.82,2025-10-05T06:52:06,NEFT,0,
TXN-0004487,ACC-00001,ACC-00338,5482.1,2025-10-26T08:50:19,RTGS,0,
TXN-0004488,ACC-00193,ACC-00176,78413.01,2025-12-01T19:32:37,UPI,0,
TXN-0004489,ACC-00185,ACC-00370,20405.64,2025-11-20T02:06:44,UPI,0,
TXN-0004490,ACC-00076,ACC-00207,862150.46,2025-11-06T16:09:14,NEFT,0,
TXN-0004491,ACC-00120,ACC-00211,7141.88,2025-10-15T11:49:53,IMPS,0,
TXN-0004492,ACC-00261,ACC-00116,9667.51,2025-11-01T05:28:35,UPI,0,
TXN-0004493,ACC-00025,ACC-00187,6338.06,2025-10-31T02:38:48,IMPS,0,
TXN-0004494,ACC-00401,ACC-00295,65006.15,2025-11-06T10:34:18,IMPS,0,
TXN-0004495,ACC-00282,ACC-00365,3067.16,2025-10-04T19:45:09,NEFT,0,
TXN-0004496,ACC-00027,ACC-00208,15346.59,2025-10-21T04:28:50,UPI,0,
TXN-0004497,ACC-00308,ACC-00438,754.26,2025-11-29T15:12:36,NEFT,0,
TXN-0004498,ACC-00316,ACC-00181,55980.49,2025-12-16T08:43:54,ATM,0,
TXN-0004499,ACC-00395,ACC-00319,14759.07,2025-12-15T14:18:05,NEFT,0,
TXN-0004500,ACC-00480,ACC-00438,2493.64,2025-12-29T18:34:22,NEFT,0,
TXN-0004501,ACC-00064,ACC-00033,256298.21,2025-10-06T21:28:07,UPI,0,
TXN-0004502,ACC-00024,ACC-00475,3450.24,2025-10-12T21:14:13,RTGS,0,
TXN-0004503,ACC-00129,ACC-00427,152435.78,2025-11-21T07:40:15,UPI,0,
TXN-0004504,ACC-00284,ACC-00468,10281.76,2025-11-21T09:20:03,IMPS,0,
TXN-0004505,ACC-00133,ACC-00320,648766.72,2025-12-11T04:40:40,UPI,0,
TXN-0004506,ACC-00438,ACC-00329,139971.06,2025-10-18T05:28:37,NEFT,0,
TXN-0004507,ACC-00242,ACC-00255,5916.58,2025-12-25T11:36:23,RTGS,0,
TXN-0004508,ACC-00264,ACC-00099,6969.17,2025-11-06T17:00:31,IMPS,0,
TXN-0004509,ACC-00096,ACC-00270,108006.36,2025-12-02T21:20:58,UPI,0,
TXN-0004510,ACC-00137,ACC-00124,22645.57,2025-10-16T00:51:07,IMPS,0,
TXN-0004511,ACC-00072,ACC-00356,26773.92,2025-11-08T20:15:36,NEFT,0,
TXN-0004512,ACC-00151,ACC-00371,358624.07,2025-10-17T14:09:30,NEFT,0,
TXN-0004513,ACC-00330,ACC-00342,9436.68,2025-12-04T18:10:25,IMPS,0,
TXN-0004514,ACC-00208,ACC-00152,42801.52,2025-10-16T09:32:53,UPI,0,
TXN-0004515,ACC-00450,ACC-00214,202466.56,2025-12-13T10:43:29,IMPS,0,
TXN-0004516,ACC-00188,ACC-00369,155812.94,2025-12-10T09:54:17,IMPS,0,
TXN-0004517,ACC-00220,ACC-00109,27246.96,2025-10-11T02:33:14,UPI,0,
TXN-0004518,ACC-00398,ACC-00128,21589.65,2025-10-08T23:27:57,NEFT,0,
TXN-0004519,ACC-00020,ACC-00420,1587.84,2025-11-07T21:11:41,UPI,0,
TXN-0004520,ACC-00323,ACC-00199,5424.92,2025-10-16T05:04:20,UPI,0,
TXN-0004521,ACC-00384,ACC-00191,64411.44,2025-12-13T13:28:16,UPI,0,
TXN-0004522,ACC-00447,ACC-00021,28333.84,2025-10-19T02:47:02,NEFT,0,
TXN-0004523,ACC-00117,ACC-00369,41558.97,2025-12-05T14:36:49,UPI,0,
TXN-0004524,ACC-00278,ACC-00349,235780.48,2025-10-19T03:38:14,UPI,0,
TXN-0004525,ACC-00491,ACC-00443,4284.75,2025-12-28T11:47:33,IMPS,0,
TXN-0004526,ACC-00342,ACC-00043,23739.02,2025-11-15T14:47:16,UPI,0,
TXN-0004527,ACC-00210,ACC-00405,51005.04,2025-10-28T03:57:08,RTGS,0,
TXN-0004528,ACC-00262,ACC-00294,10224.19,2025-12-19T02:26:22,NEFT,0,
TXN-0004529,ACC-00469,ACC-00470,477662.07,2025-10-03T04:24:36,IMPS,0,
TXN-0004530,ACC-00374,ACC-00055,186363.85,2025-11-05T18:22:06,UPI,0,
TXN-0004531,ACC-00357,ACC-00256,61220.66,2025-11-20T08:46:04,UPI,0,
TXN-0004532,ACC-00141,ACC-00169,917692.09,2025-12-10T10:31:30,ATM,0,
TXN-0004533,ACC-00238,ACC-00312,2445.46,2025-12-20T18:07:32,IMPS,0,
TXN-0004534,ACC-00344,ACC-00352,35813.95,2025-11-03T00:05:31,UPI,0,
TXN-0004535,ACC-00351,ACC-00327,70221.27,2025-10-06T14:02:21,ATM,0,
TXN-0004536,ACC-00149,ACC-00122,7000.95,2025-10-20T20:50:43,RTGS,0,
TXN-0004537,ACC-00106,ACC-00496,62397.85,2025-12-14T06:41:14,IMPS,0,
TXN-0004538,ACC-00099,ACC-00424,4955.0,2025-11-21T02:09:50,UPI,0,
TXN-0004539,ACC-00161,ACC-00452,125869.78,2025-12-08T19:48:20,UPI,0,
TXN-0004540,ACC-00372,ACC-00113,243799.78,2025-12-18T07:45:31,UPI,0,
TXN-0004541,ACC-00052,ACC-00046,59290.25,2025-10-10T04:22:31,IMPS,0,
TXN-0004542,ACC-00232,ACC-00269,1293.31,2025-11-15T06:54:26,IMPS,0,
TXN-0004543,ACC-00403,ACC-00063,6372.66,2025-11-22T20:29:32,UPI,0,
TXN-0004544,ACC-00499,ACC-00101,100355.89,2025-10-24T09:47:42,NEFT,0,
TXN-0004545,ACC-00323,ACC-00347,37727.99,2025-10-20T05:21:01,NEFT,0,
TXN-0004546,ACC-00068,ACC-00207,284.52,2025-12-02T12:41:40,UPI,0,
TXN-0004547,ACC-00115,ACC-00020,340133.92,2025-12-25T16:06:03,NEFT,0,
TXN-0004548,ACC-00017,ACC-00370,46443.03,2025-10-08T11:03:05,ATM,0,
TXN-0004549,ACC-00470,ACC-00384,8313.75,2025-11-29T09:46:20,IMPS,0,
TXN-0004550,ACC-00254,ACC-00388,217710.19,2025-11-01T18:59:34,ATM,0,
TXN-0004551,ACC-00048,ACC-00236,10726.02,2025-11-18T14:40:37,RTGS,0,
TXN-0004552,ACC-00398,ACC-00282,10517.4,2025-12-09T22:23:17,RTGS,0,
TXN-0004553,ACC-00456,ACC-00004,69219.28,2025-10-02T00:52:02,RTGS,0,
TXN-0004554,ACC-00106,ACC-00420,896155.5,2025-10-03T13:54:39,ATM,0,
TXN-0004555,ACC-00015,ACC-00300,674992.54,2025-10-11T08:44:08,UPI,0,
TXN-0004556,ACC-00212,ACC-00057,69388.8,2025-11-23T08:59:17,UPI,0,
TXN-0004557,ACC-00305,ACC-00268,83474.31,2025-12-29T17:50:12,UPI,0,
TXN-0004558,ACC-00352,ACC-00193,150949.12,2025-11-02T09:55:53,NEFT,0,
TXN-0004559,ACC-00359,ACC-00254,3779.81,2025-10-26T14:54:05,IMPS,0,
TXN-0004560,ACC-00421,ACC-00305,115782.3,2025-10-12T14:55:24,ATM,0,
TXN-0004561,ACC-00464,ACC-00212,9688.24,2025-12-29T00:00:03,UPI,0,
TXN-0004562,ACC-00317,ACC-00348,64425.22,2025-10-21T17:57:40,UPI,0,
TXN-0004563,ACC-00312,ACC-00405,24114.25,2025-11-03T13:45:18,UPI,0,
TXN-0004564,ACC-00029,ACC-00039,89516.21,2025-10-31T05:12:48,NEFT,0,
TXN-0004565,ACC-00413,ACC-00063,44917.66,2025-12-24T13:12:28,NEFT,0,
TXN-0004566,ACC-00395,ACC-00294,143.82,2025-10-28T20:22:36,UPI,0,
TXN-0004567,ACC-00149,ACC-00115,50111.46,2025-10-23T11:05:00,UPI,0,
TXN-0004568,ACC-00244,ACC-00175,115367.19,2025-12-21T08:50:00,UPI,0,
TXN-0004569,ACC-00071,ACC-00387,81037.8,2025-11-09T13:01:44,UPI,0,
TXN-0004570,ACC-00417,ACC-00370,30192.39,2025-10-16T07:24:59,RTGS,0,
TXN-0004571,ACC-00310,ACC-00308,697941.83,2025-11-19T02:43:19,UPI,0,
TXN-0004572,ACC-00122,ACC-00231,63606.54,2025-10-27T16:50:32,UPI,0,
TXN-0004573,ACC-00214,ACC-00039,79842.56,2025-10-09T22:53:57,UPI,0,
TXN-0004574,ACC-00018,ACC-00356,238014.15,2025-12-12T10:20:33,RTGS,0,
TXN-0004575,ACC-00150,ACC-00066,69749.63,2025-11-20T10:56:33,NEFT,0,
TXN-0004576,ACC-00481,ACC-00382,7212.48,2025-10-05T03:51:20,IMPS,0,
TXN-0004577,ACC-00322,ACC-00010,450.79,2025-12-15T12:54:51,IMPS,0,
TXN-0004578,ACC-00121,ACC-00252,15385.52,2025-11-08T09:34:25,NEFT,0,
TXN-0004579,ACC-00494,ACC-00404,142871.65,2025-12-12T05:04:47,UPI,0,
TXN-0004580,ACC-00355,ACC-00049,19233.84,2025-10-12T07:29:38,IMPS,0,
TXN-0004581,ACC-00218,ACC-00399,153602.15,2025-12-22T04:34:26,UPI,0,
TXN-0004582,ACC-00021,ACC-00483,47463.24,2025-10-19T17:34:46,RTGS,0,
TXN-0004583,ACC-00028,ACC-00266,368987.82,2025-12-25T22:03:12,UPI,0,
TXN-0004584,ACC-00199,ACC-00203,21345.79,2025-12-25T21:07:35,NEFT,0,
TXN-0004585,ACC-00418,ACC-00446,84263.72,2025-12-14T01:18:14,UPI,0,
TXN-0004586,ACC-00078,ACC-00350,90272.95,2025-11-14T05:41:31,UPI,0,
TXN-0004587,ACC-00481,ACC-00381,541925.26,2025-10-21T15:59:04,UPI,0,
TXN-0004588,ACC-00089,ACC-00393,1682.53,2025-10-22T05:23:03,UPI,0,
TXN-0004589,ACC-00174,ACC-00182,15912.58,2025-10-06T01:17:24,IMPS,0,
TXN-0004590,ACC-00260,ACC-00281,167264.05,2025-10-18T19:21:43,NEFT,0,
TXN-0004591,ACC-00055,ACC-00248,586902.31,2025-11-30T19:34:01,IMPS,0,
TXN-0004592,ACC-00217,ACC-00390,55945.24,2025-11-24T12:05:20,NEFT,0,
TXN-0004593,ACC-00073,ACC-00318,21442.55,2025-10-21T11:20:10,ATM,0,
TXN-0004594,ACC-00425,ACC-00135,141890.81,2025-10-29T04:40:58,IMPS,0,
TXN-0004595,ACC-00020,ACC-00059,173453.5,2025-10-24T12:08:02,UPI,0,
TXN-0004596,ACC-00283,ACC-00002,19007.88,2025-12-17T01:42:52,NEFT,0,
TXN-0004597,ACC-00229,ACC-00399,65811.72,2025-10-19T20:12:50,UPI,0,
TXN-0004598,ACC-00121,ACC-00244,304050.5,2025-12-23T18:32:53,IMPS,0,
TXN-0004599,ACC-00281,ACC-00377,1091241.05,2025-12-26T18:31:47,NEFT,0,
TXN-0004600,ACC-00208,ACC-00023,138232.03,2025-10-21T13:54:15,UPI,0,
TXN-0004601,ACC-00191,ACC-00314,39318.48,2025-12-10T06:42:35,UPI,0,
TXN-0004602,ACC-00052,ACC-00341,32947.3,2025-11-05T23:28:26,NEFT,0,
TXN-0004603,ACC-00355,ACC-00009,99043.44,2025-11-28T19:20:29,IMPS,0,
TXN-0004604,ACC-00259,ACC-00188,29489.48,2025-11-24T19:17:28,NEFT,0,
TXN-0004605,ACC-00033,ACC-00411,51090.45,2025-10-29T02:14:00,UPI,0,
TXN-0004606,ACC-00093,ACC-00478,5409.02,2025-10-02T12:45:15,IMPS,0,
TXN-0004607,ACC-00231,ACC-00130,375008.12,2025-11-26T14:15:12,IMPS,0,
TXN-0004608,ACC-00206,ACC-00387,4664.18,2025-11-28T01:05:32,IMPS,0,
TXN-0004609,ACC-00319,ACC-00482,16683.89,2025-11-30T18:35:53,NEFT,0,
TXN-0004610,ACC-00319,ACC-00293,43289.61,2025-12-18T10:56:22,UPI,0,
TXN-0004611,ACC-00399,ACC-00336,1307694.71,2025-10-29T18:41:21,IMPS,0,
TXN-0004612,ACC-00328,ACC-00309,16969.46,2025-12-13T17:45:02,NEFT,0,
TXN-0004613,ACC-00373,ACC-00346,10950.84,2025-12-05T20:30:19,IMPS,0,
TXN-0004614,ACC-00437,ACC-00233,13474.17,2025-10-09T16:54:37,RTGS,0,
TXN-0004615,ACC-00151,ACC-00074,719286.41,2025-11-21T23:15:24,IMPS,0,
TXN-0004616,ACC-00296,ACC-00196,229.93,2025-12-01T19:47:52,ATM,0,
TXN-0004617,ACC-00127,ACC-00075,5973.4,2025-11-02T01:46:48,NEFT,0,
TXN-0004618,ACC-00150,ACC-00010,4957041.64,2025-12-14T23:35:17,NEFT,0,
TXN-0004619,ACC-00158,ACC-00291,105196.75,2025-11-30T01:52:13,IMPS,0,
TXN-0004620,ACC-00438,ACC-00099,4960.33,2025-10-18T00:04:03,RTGS,0,
TXN-0004621,ACC-00055,ACC-00094,33676.23,2025-12-21T11:26:45,IMPS,0,
TXN-0004622,ACC-00419,ACC-00114,41003.73,2025-10-29T14:04:31,IMPS,0,
TXN-0004623,ACC-00397,ACC-00496,166545.77,2025-11-11T17:40:49,NEFT,0,
TXN-0004624,ACC-00286,ACC-00491,995602.74,2025-10-06T07:37:45,NEFT,0,
TXN-0004625,ACC-00358,ACC-00011,73086.07,2025-11-24T04:01:16,NEFT,0,
TXN-0004626,ACC-00203,ACC-00327,13744.32,2025-10-12T10:17:58,NEFT,0,
TXN-0004627,ACC-00213,ACC-00497,149754.41,2025-12-26T13:35:45,UPI,0,
TXN-0004628,ACC-00226,ACC-00089,10333.49,2025-12-12T17:56:27,UPI,0,
TXN-0004629,ACC-00287,ACC-00482,5653.29,2025-12-10T07:58:38,UPI,0,
TXN-0004630,ACC-00310,ACC-00112,1528.69,2025-11-01T15:07:04,IMPS,0,
TXN-0004631,ACC-00308,ACC-00464,2170.62,2025-11-05T03:03:32,IMPS,0,
TXN-0004632,ACC-00460,ACC-00486,7232.92,2025-11-20T12:10:25,UPI,0,
TXN-0004633,ACC-00459,ACC-00287,4358.91,2025-12-13T11:57:58,UPI,0,
TXN-0004634,ACC-00419,ACC-00145,63820.25,2025-12-20T09:24:41,UPI,0,
TXN-0004635,ACC-00176,ACC-00491,4192.6,2025-11-09T13:28:44,RTGS,0,
TXN-0004636,ACC-00060,ACC-00072,126.65,2025-12-27T14:23:29,IMPS,0,
TXN-0004637,ACC-00312,ACC-00222,5546.7,2025-11-03T03:22:45,UPI,0,
TXN-0004638,ACC-00411,ACC-00434,15531.92,2025-12-16T03:01:46,UPI,0,
TXN-0004639,ACC-00302,ACC-00390,12212.2,2025-11-04T19:52:59,NEFT,0,
TXN-0004640,ACC-00075,ACC-00222,559693.41,2025-12-04T04:03:07,UPI,0,
TXN-0004641,ACC-00401,ACC-00281,12035.59,2025-11-07T03:08:07,NEFT,0,
TXN-0004642,ACC-00176,ACC-00208,177311.3,2025-12-01T04:49:42,UPI,0,
TXN-0004643,ACC-00424,ACC-00110,35095.61,2025-10-02T10:47:47,NEFT,0,
TXN-0004644,ACC-00414,ACC-00218,33652.8,2025-10-10T12:56:44,IMPS,0,
TXN-0004645,ACC-00351,ACC-00451,8073.28,2025-10-15T03:32:47,IMPS,0,
TXN-0004646,ACC-00413,ACC-00270,32669.3,2025-10-31T10:57:41,NEFT,0,
TXN-0004647,ACC-00472,ACC-00384,9162.07,2025-10-12T16:03:12,UPI,0,
TXN-0004648,ACC-00098,ACC-00397,49317.97,2025-10-26T22:15:53,UPI,0,
TXN-0004649,ACC-00076,ACC-00123,23736.06,2025-11-27T01:14:00,IMPS,0,
TXN-0004650,ACC-00159,ACC-00435,6632.05,2025-11-19T10:07:43,UPI,0,
TXN-0004651,ACC-00460,ACC-00020,216513.85,2025-12-22T23:26:54,UPI,0,
TXN-0004652,ACC-00491,ACC-00084,78300.78,2025-11-16T10:47:35,IMPS,0,
TXN-0004653,ACC-00000,ACC-00003,16211.68,2025-12-04T19:53:30,RTGS,0,
TXN-0004654,ACC-00222,ACC-00307,47187.65,2025-11-07T22:20:02,RTGS,0,
TXN-0004655,ACC-00199,ACC-00032,31229.53,2025-10-06T08:30:39,UPI,0,
TXN-0004656,ACC-00390,ACC-00198,7618.51,2025-11-18T22:10:13,UPI,0,
TXN-0004657,ACC-00041,ACC-00342,41228.84,2025-10-19T18:29:53,IMPS,0,
TXN-0004658,ACC-00171,ACC-00421,11874.86,2025-12-19T22:29:08,RTGS,0,
TXN-0004659,ACC-00024,ACC-00484,6628.4,2025-10-07T10:18:34,UPI,0,
TXN-0004660,ACC-00028,ACC-00313,1956.71,2025-12-02T22:36:50,UPI,0,
TXN-0004661,ACC-00150,ACC-00322,19043.99,2025-11-28T21:19:33,UPI,0,
TXN-0004662,ACC-00377,ACC-00164,100765.08,2025-10-06T06:34:58,NEFT,0,
TXN-0004663,ACC-00396,ACC-00090,10400.54,2025-12-23T18:41:57,NEFT,0,
TXN-0004664,ACC-00100,ACC-00446,3393171.7,2025-11-26T13:14:09,RTGS,0,
TXN-0004665,ACC-00328,ACC-00210,178837.74,2025-11-30T20:57:49,UPI,0,
TXN-0004666,ACC-00373,ACC-00188,379949.73,2025-10-22T09:49:38,NEFT,0,
TXN-0004667,ACC-00138,ACC-00008,151969.85,2025-12-26T23:10:31,NEFT,0,
TXN-0004668,ACC-00226,ACC-00306,1019840.66,2025-10-28T07:56:41,UPI,0,
TXN-0004669,ACC-00029,ACC-00365,8807.83,2025-11-13T14:18:15,RTGS,0,
TXN-0004670,ACC-00371,ACC-00206,361.65,2025-12-14T01:50:25,RTGS,0,
TXN-0004671,ACC-00343,ACC-00066,16268.3,2025-11-27T21:30:27,UPI,0,
TXN-0004672,ACC-00009,ACC-00284,99190.09,2025-12-17T13:01:44,UPI,0,
TXN-0004673,ACC-00446,ACC-00251,47702.09,2025-12-10T09:20:41,NEFT,0,
TXN-0004674,ACC-00242,ACC-00472,59626.22,2025-11-07T07:53:14,RTGS,0,
TXN-0004675,ACC-00082,ACC-00289,391459.76,2025-12-07T21:26:28,RTGS,0,
TXN-0004676,ACC-00034,ACC-00393,72236.71,2025-12-15T12:15:54,UPI,0,
TXN-0004677,ACC-00203,ACC-00479,152977.06,2025-11-20T20:57:54,IMPS,0,
TXN-0004678,ACC-00134,ACC-00034,6692.8,2025-10-19T23:00:31,UPI,0,
TXN-0004679,ACC-00232,ACC-00118,5055.8,2025-10-09T15:49:13,RTGS,0,
TXN-0004680,ACC-00488,ACC-00476,663580.24,2025-10-31T12:08:21,UPI,0,
TXN-0004681,ACC-00476,ACC-00087,43548.16,2025-10-20T16:08:07,UPI,0,
TXN-0004682,ACC-00492,ACC-00205,11827.56,2025-10-11T13:19:13,NEFT,0,
TXN-0004683,ACC-00474,ACC-00040,11866.68,2025-11-15T01:47:33,UPI,0,
TXN-0004684,ACC-00434,ACC-00460,11288.94,2025-12-28T02:56:58,UPI,0,
TXN-0004685,ACC-00052,ACC-00040,10136.25,2025-11-28T12:55:19,UPI,0,
TXN-0004686,ACC-00194,ACC-00057,3605.93,2025-10-22T06:00:23,IMPS,0,
TXN-0004687,ACC-00121,ACC-00422,2438.76,2025-11-19T20:03:45,ATM,0,
TXN-0004688,ACC-00162,ACC-00067,25565.32,2025-11-15T09:53:04,NEFT,0,
TXN-0004689,ACC-00293,ACC-00499,12490.62,2025-11-03T11:49:38,UPI,0,
TXN-0004690,ACC-00097,ACC-00111,266435.3,2025-11-13T10:43:32,UPI,0,
TXN-0004691,ACC-00341,ACC-00279,61545.87,2025-10-29T19:25:36,UPI,0,
TXN-0004692,ACC-00303,ACC-00025,58546.22,2025-12-10T11:40:17,ATM,0,
TXN-0004693,ACC-00442,ACC-00296,9531.75,2025-11-01T08:41:50,UPI,0,
TXN-0004694,ACC-00442,ACC-00202,29206.57,2025-10-29T13:06:29,NEFT,0,
TXN-0004695,ACC-00498,ACC-00418,69550.05,2025-10-10T04:14:19,NEFT,0,
TXN-0004696,ACC-00145,ACC-00027,131814.69,2025-10-23T23:06:08,NEFT,0,
TXN-0004697,ACC-00349,ACC-00128,30668.6,2025-12-20T18:42:05,UPI,0,
TXN-0004698,ACC-00240,ACC-00273,253323.55,2025-10-11T12:19:00,RTGS,0,
TXN-0004699,ACC-00463,ACC-00237,36841.52,2025-12-11T22:27:37,IMPS,0,
TXN-0004700,ACC-00341,ACC-00262,151315.87,2025-10-17T12:52:12,RTGS,0,
TXN-0004701,ACC-00038,ACC-00007,15036.95,2025-12-20T23:15:45,UPI,0,
TXN-0004702,ACC-00047,ACC-00449,1390.39,2025-11-17T17:27:12,RTGS,0,
TXN-0004703,ACC-00301,ACC-00274,58867.6,2025-12-20T07:48:06,UPI,0,
TXN-0004704,ACC-00321,ACC-00099,133998.42,2025-10-26T08:24:11,NEFT,0,
TXN-0004705,ACC-00498,ACC-00214,102295.93,2025-10-17T15:54:09,NEFT,0,
TXN-0004706,ACC-00174,ACC-00376,77647.61,2025-12-20T13:27:05,NEFT,0,
TXN-0004707,ACC-00374,ACC-00351,19390.6,2025-11-28T21:14:01,NEFT,0,
TXN-0004708,ACC-00388,ACC-00218,8500.3,2025-12-24T03:17:09,IMPS,0,
TXN-0004709,ACC-00447,ACC-00421,98038.04,2025-11-22T08:47:58,UPI,0,
TXN-0004710,ACC-00058,ACC-00434,78245.4,2025-11-20T00:44:12,UPI,0,
TXN-0004711,ACC-00348,ACC-00163,13231.84,2025-11-09T15:41:58,UPI,0,
TXN-0004712,ACC-00117,ACC-00293,267523.73,2025-12-12T20:15:31,NEFT,0,
TXN-0004713,ACC-00378,ACC-00011,7411.9,2025-11-17T20:22:04,IMPS,0,
TXN-0004714,ACC-00301,ACC-00278,12703.82,2025-12-09T19:49:03,NEFT,0,
TXN-0004715,ACC-00206,ACC-00348,690772.2,2025-10-12T13:16:42,NEFT,0,
TXN-0004716,ACC-00358,ACC-00031,173415.81,2025-11-09T02:15:51,RTGS,0,
TXN-0004717,ACC-00254,ACC-00120,19064.5,2025-12-27T09:52:48,NEFT,0,
TXN-0004718,ACC-00399,ACC-00413,60918.08,2025-10-15T05:28:21,RTGS,0,
TXN-0004719,ACC-00007,ACC-00186,47984.15,2025-12-14T05:29:53,UPI,0,
TXN-0004720,ACC-00276,ACC-00073,259.28,2025-10-09T04:33:20,IMPS,0,
TXN-0004721,ACC-00087,ACC-00092,7103.53,2025-10-22T17:44:38,NEFT,0,
TXN-0004722,ACC-00167,ACC-00345,33139.33,2025-10-16T11:00:10,UPI,0,
TXN-0004723,ACC-00201,ACC-00347,19112.53,2025-12-24T19:17:15,IMPS,0,
TXN-0004724,ACC-00007,ACC-00397,56657.78,2025-11-02T12:43:31,NEFT,0,
TXN-0004725,ACC-00229,ACC-00479,277359.05,2025-10-11T04:26:12,IMPS,0,
TXN-0004726,ACC-00207,ACC-00291,20358.13,2025-10-15T14:19:07,IMPS,0,
TXN-0004727,ACC-00267,ACC-00333,5411.17,2025-12-14T18:26:24,RTGS,0,
TXN-0004728,ACC-00037,ACC-00292,65168.6,2025-10-14T11:17:49,UPI,0,
TXN-0004729,ACC-00203,ACC-00496,20172.55,2025-11-14T08:14:53,IMPS,0,
TXN-0004730,ACC-00488,ACC-00020,27421.58,2025-11-24T03:07:50,NEFT,0,
TXN-0004731,ACC-00395,ACC-00349,21478.49,2025-10-27T01:41:27,UPI,0,
TXN-0004732,ACC-00319,ACC-00311,2054017.19,2025-11-22T14:37:11,UPI,0,
TXN-0004733,ACC-00279,ACC-00444,643.38,2025-10-02T13:40:12,ATM,0,
TXN-0004734,ACC-00064,ACC-00456,18051.77,2025-12-29T04:27:37,UPI,0,
TXN-0004735,ACC-00169,ACC-00408,36075.16,2025-10-04T07:01:06,ATM,0,
TXN-0004736,ACC-00354,ACC-00373,8901.22,2025-10-23T07:28:14,IMPS,0,
TXN-0004737,ACC-00277,ACC-00221,183447.99,2025-12-09T19:49:54,NEFT,0,
TXN-0004738,ACC-00354,ACC-00128,156978.45,2025-11-19T06:14:14,ATM,0,
TXN-0004739,ACC-00331,ACC-00066,33324.28,2025-10-29T22:42:36,RTGS,0,
TXN-0004740,ACC-00172,ACC-00433,22309.93,2025-12-11T09:39:49,NEFT,0,
TXN-0004741,ACC-00283,ACC-00322,29687.39,2025-10-07T09:49:52,NEFT,0,
TXN-0004742,ACC-00145,ACC-00177,30073.03,2025-11-13T20:55:07,NEFT,0,
TXN-0004743,ACC-00259,ACC-00234,31537.37,2025-12-18T16:02:28,IMPS,0,
TXN-0004744,ACC-00018,ACC-00355,25889.73,2025-12-03T13:52:16,NEFT,0,
TXN-0004745,ACC-00182,ACC-00472,57205.7,2025-10-18T09:11:55,UPI,0,
TXN-0004746,ACC-00278,ACC-00205,140896.62,2025-11-13T10:56:06,UPI,0,
TXN-0004747,ACC-00100,ACC-00276,3966.07,2025-12-14T16:08:59,ATM,0,
TXN-0004748,ACC-00095,ACC-00013,5479.7,2025-11-29T18:24:43,NEFT,0,
TXN-0004749,ACC-00194,ACC-00399,1560.35,2025-10-08T13:44:03,ATM,0,
TXN-0004750,ACC-00032,ACC-00368,172735.24,2025-11-30T22:55:27,IMPS,0,
TXN-0004751,ACC-00236,ACC-00253,56987.2,2025-11-29T06:24:34,NEFT,0,
TXN-0004752,ACC-00196,ACC-00277,90172.66,2025-10-15T13:19:55,RTGS,0,
TXN-0004753,ACC-00294,ACC-00468,2770.83,2025-11-12T09:02:10,NEFT,0,
TXN-0004754,ACC-00367,ACC-00432,902484.34,2025-10-15T22:38:55,IMPS,0,
TXN-0004755,ACC-00066,ACC-00163,12137.66,2025-11-20T02:38:22,NEFT,0,
TXN-0004756,ACC-00252,ACC-00383,49156.8,2025-10-04T16:57:56,IMPS,0,
TXN-0004757,ACC-00272,ACC-00162,169040.29,2025-12-06T04:09:22,NEFT,0,
TXN-0004758,ACC-00204,ACC-00329,6145.26,2025-10-19T01:57:50,IMPS,0,
TXN-0004759,ACC-00405,ACC-00121,13583.57,2025-11-05T19:05:19,UPI,0,
TXN-0004760,ACC-00137,ACC-00452,50136.73,2025-10-03T21:40:00,IMPS,0,
TXN-0004761,ACC-00444,ACC-00184,6221064.15,2025-12-13T08:35:56,ATM,0,
TXN-0004762,ACC-00195,ACC-00372,62443.94,2025-11-30T03:37:51,UPI,0,
TXN-0004763,ACC-00233,ACC-00291,654384.3,2025-10-04T17:16:56,UPI,0,
TXN-0004764,ACC-00063,ACC-00085,318128.82,2025-10-28T03:30:30,RTGS,0,
TXN-0004765,ACC-00090,ACC-00398,70433.06,2025-12-12T11:24:27,UPI,0,
TXN-0004766,ACC-00191,ACC-00137,6120.8,2025-10-25T09:21:06,UPI,0,
TXN-0004767,ACC-00268,ACC-00201,244643.3,2025-11-14T17:28:32,NEFT,0,
TXN-0004768,ACC-00100,ACC-00071,2448.92,2025-11-04T06:35:45,IMPS,0,
TXN-0004769,ACC-00313,ACC-00150,647954.15,2025-10-19T00:41:11,NEFT,0,
TXN-0004770,ACC-00324,ACC-00487,52052.58,2025-10-13T22:08:26,IMPS,0,
TXN-0004771,ACC-00378,ACC-00294,307.85,2025-12-22T05:03:16,UPI,0,
TXN-0004772,ACC-00200,ACC-00425,19674.7,2025-12-24T02:47:42,UPI,0,
TXN-0004773,ACC-00481,ACC-00099,117842.71,2025-11-23T00:41:47,ATM,0,
TXN-0004774,ACC-00472,ACC-00293,23703.0,2025-10-11T00:14:47,UPI,0,
TXN-0004775,ACC-00084,ACC-00133,131532.66,2025-10-08T17:29:51,IMPS,0,
TXN-0004776,ACC-00468,ACC-00167,7863.26,2025-10-19T02:48:49,NEFT,0,
TXN-0004777,ACC-00172,ACC-00369,3460.72,2025-11-16T22:10:38,UPI,0,
TXN-0004778,ACC-00483,ACC-00175,31933.1,2025-11-07T18:36:50,UPI,0,
TXN-0004779,ACC-00294,ACC-00087,38438.63,2025-11-09T04:34:33,RTGS,0,
TXN-0004780,ACC-00113,ACC-00444,19397.67,2025-12-07T10:31:47,UPI,0,
TXN-0004781,ACC-00271,ACC-00311,330751.98,2025-12-15T21:27:08,IMPS,0,
TXN-0004782,ACC-00052,ACC-00114,7860.67,2025-12-23T12:59:39,ATM,0,
TXN-0004783,ACC-00258,ACC-00054,63812.1,2025-11-24T08:44:22,IMPS,0,
TXN-0004784,ACC-00189,ACC-00187,41041.78,2025-10-03T11:47:25,ATM,0,
TXN-0004785,ACC-00250,ACC-00265,2203.74,2025-10-26T12:29:00,ATM,0,
TXN-0004786,ACC-00486,ACC-00435,3380.39,2025-11-24T05:49:48,UPI,0,
TXN-0004787,ACC-00312,ACC-00164,37102.51,2025-12-13T09:34:46,NEFT,0,
TXN-0004788,ACC-00348,ACC-00147,1284859.58,2025-12-20T02:04:03,UPI,0,
TXN-0004789,ACC-00003,ACC-00099,103020.75,2025-10-30T18:28:29,NEFT,0,
TXN-0004790,ACC-00061,ACC-00449,1625.97,2025-12-05T13:51:29,RTGS,0,
TXN-0004791,ACC-00422,ACC-00295,134.44,2025-10-08T05:37:12,RTGS,0,
TXN-0004792,ACC-00057,ACC-00467,135875.79,2025-11-16T17:19:03,NEFT,0,
TXN-0004793,ACC-00084,ACC-00024,30540.71,2025-10-20T08:02:52,NEFT,0,
TXN-0004794,ACC-00360,ACC-00170,283304.83,2025-11-26T12:06:16,UPI,0,
TXN-0004795,ACC-00406,ACC-00019,7440.61,2025-10-09T08:25:05,IMPS,0,
TXN-0004796,ACC-00107,ACC-00201,68212.46,2025-10-30T20:42:52,UPI,0,
TXN-0004797,ACC-00150,ACC-00232,166560.22,2025-10-11T10:32:45,UPI,0,
TXN-0004798,ACC-00167,ACC-00103,16229.17,2025-10-11T09:50:45,UPI,0,
TXN-0004799,ACC-00088,ACC-00187,16865.85,2025-11-30T03:15:32,RTGS,0,
TXN-0004800,ACC-00418,ACC-00214,38005.0,2025-11-16T04:49:26,IMPS,0,
TXN-0004801,ACC-00486,ACC-00268,96453.61,2025-10-10T10:54:24,UPI,0,
TXN-0004802,ACC-00218,ACC-00229,35390.5,2025-12-22T16:16:37,UPI,0,
TXN-0004803,ACC-00008,ACC-00491,209649.72,2025-11-30T06:30:02,UPI,0,
TXN-0004804,ACC-00433,ACC-00076,15811.88,2025-12-07T16:25:16,RTGS,0,
TXN-0004805,ACC-00410,ACC-00055,3323.88,2025-10-28T12:33:12,ATM,0,
TXN-0004806,ACC-00405,ACC-00044,1275126.14,2025-10-04T10:00:13,IMPS,0,
TXN-0004807,ACC-00090,ACC-00233,12230.15,2025-11-07T04:17:49,NEFT,0,
TXN-0004808,ACC-00485,ACC-00062,13053.4,2025-12-07T13:58:52,NEFT,0,
TXN-0004809,ACC-00242,ACC-00287,32259.05,2025-10-06T20:08:30,NEFT,0,
TXN-0004810,ACC-00427,ACC-00067,40983.55,2025-12-13T13:43:11,NEFT,0,
TXN-0004811,ACC-00139,ACC-00184,18105.47,2025-10-13T14:23:59,UPI,0,
TXN-0004812,ACC-00263,ACC-00269,35193.58,2025-11-24T03:46:45,RTGS,0,
TXN-0004813,ACC-00178,ACC-00205,33807.16,2025-10-16T19:19:37,RTGS,0,
TXN-0004814,ACC-00478,ACC-00169,49745.48,2025-11-24T02:51:05,IMPS,0,
TXN-0004815,ACC-00414,ACC-00397,521.4,2025-11-11T13:39:57,NEFT,0,
TXN-0004816,ACC-00489,ACC-00166,1072579.82,2025-12-23T21:20:46,IMPS,0,
TXN-0004817,ACC-00259,ACC-00212,27858.16,2025-12-16T22:10:57,IMPS,0,
TXN-0004818,ACC-00275,ACC-00226,103271.91,2025-10-28T03:22:15,UPI,0,
TXN-0004819,ACC-00085,ACC-00070,3039.41,2025-11-17T20:06:06,IMPS,0,
TXN-0004820,ACC-00261,ACC-00172,15555.97,2025-12-11T22:11:36,RTGS,0,
TXN-0004821,ACC-00143,ACC-00277,10827.36,2025-12-01T09:04:06,UPI,0,
TXN-0004822,ACC-00301,ACC-00216,511704.6,2025-11-05T07:30:18,IMPS,0,
TXN-0004823,ACC-00162,ACC-00403,12651.56,2025-12-09T04:39:20,IMPS,0,
TXN-0004824,ACC-00147,ACC-00091,142136.62,2025-11-18T17:49:02,UPI,0,
TXN-0004825,ACC-00490,ACC-00314,11262.6,2025-12-28T09:35:16,UPI,0,
TXN-0004826,ACC-00042,ACC-00415,16079.27,2025-12-07T07:13:37,NEFT,0,
TXN-0004827,ACC-00170,ACC-00013,23342.0,2025-10-14T05:11:41,RTGS,0,
TXN-0004828,ACC-00003,ACC-00451,366194.99,2025-10-04T19:48:49,UPI,0,
TXN-0004829,ACC-00410,ACC-00157,1209.87,2025-11-06T03:59:46,NEFT,0,
TXN-0004830,ACC-00300,ACC-00331,3400.93,2025-12-25T06:50:18,UPI,0,
TXN-0004831,ACC-00490,ACC-00121,1091.0,2025-10-13T17:33:00,NEFT,0,
TXN-0004832,ACC-00422,ACC-00452,5128.13,2025-12-20T07:13:38,UPI,0,
TXN-0004833,ACC-00166,ACC-00444,8426.36,2025-10-31T19:32:30,UPI,0,
TXN-0004834,ACC-00002,ACC-00165,1986.11,2025-11-03T00:05:37,NEFT,0,
TXN-0004835,ACC-00267,ACC-00104,9686.94,2025-12-01T11:58:14,NEFT,0,
TXN-0004836,ACC-00284,ACC-00377,966.34,2025-10-18T16:26:16,IMPS,0,
TXN-0004837,ACC-00145,ACC-00155,5811.65,2025-10-28T14:36:49,RTGS,0,
TXN-0004838,ACC-00268,ACC-00315,315135.1,2025-11-07T04:36:43,UPI,0,
TXN-0004839,ACC-00317,ACC-00366,75091.19,2025-11-17T15:14:57,UPI,0,
TXN-0004840,ACC-00493,ACC-00435,50891.02,2025-12-07T00:39:24,ATM,0,
TXN-0004841,ACC-00113,ACC-00216,5972.96,2025-11-13T14:15:21,RTGS,0,
TXN-0004842,ACC-00403,ACC-00225,2287.12,2025-12-09T20:13:55,RTGS,0,
TXN-0004843,ACC-00329,ACC-00211,4672.82,2025-10-15T12:50:13,IMPS,0,
TXN-0004844,ACC-00066,ACC-00187,33598.02,2025-12-22T03:14:14,NEFT,0,
TXN-0004845,ACC-00378,ACC-00360,173289.38,2025-10-17T06:47:24,RTGS,0,
TXN-0004846,ACC-00147,ACC-00107,184289.16,2025-10-07T18:09:50,NEFT,0,
TXN-0004847,ACC-00412,ACC-00416,112995.38,2025-10-17T18:49:31,IMPS,0,
TXN-0004848,ACC-00413,ACC-00417,9627.68,2025-10-11T06:40:28,IMPS,0,
TXN-0004849,ACC-00097,ACC-00428,37956.26,2025-10-07T02:36:14,UPI,0,
TXN-0004850,ACC-00310,ACC-00073,20365.21,2025-12-25T07:26:08,IMPS,0,
TXN-0004851,ACC-00003,ACC-00320,25282.26,2025-10-30T14:23:50,NEFT,0,
TXN-0004852,ACC-00030,ACC-00193,1420941.47,2025-12-11T16:21:19,UPI,0,
TXN-0004853,ACC-00046,ACC-00266,1522.94,2025-10-24T18:18:19,NEFT,0,
TXN-0004854,ACC-00250,ACC-00081,23803.35,2025-10-20T19:15:15,IMPS,0,
TXN-0004855,ACC-00237,ACC-00176,321627.09,2025-10-03T08:26:57,NEFT,0,
TXN-0004856,ACC-00392,ACC-00241,2595.14,2025-11-09T05:26:50,NEFT,0,
TXN-0004857,ACC-00044,ACC-00340,11398.7,2025-11-14T06:37:15,UPI,0,
TXN-0004858,ACC-00092,ACC-00460,14012.86,2025-11-03T23:45:48,NEFT,0,
TXN-0004859,ACC-00164,ACC-00133,24296.28,2025-12-12T12:13:55,ATM,0,
TXN-0004860,ACC-00287,ACC-00321,2053.45,2025-10-26T18:57:48,NEFT,0,
TXN-0004861,ACC-00194,ACC-00079,106033.98,2025-12-23T18:19:28,NEFT,0,
TXN-0004862,ACC-00016,ACC-00166,120489.41,2025-10-14T19:55:21,NEFT,0,
TXN-0004863,ACC-00261,ACC-00418,90678.5,2025-12-15T07:05:16,RTGS,0,
TXN-0004864,ACC-00379,ACC-00232,7580.45,2025-11-07T03:05:10,RTGS,0,
TXN-0004865,ACC-00283,ACC-00123,42434.6,2025-12-10T19:59:21,UPI,0,
TXN-0004866,ACC-00027,ACC-00281,7194.04,2025-12-24T08:59:15,UPI,0,
TXN-0004867,ACC-00225,ACC-00491,19956.82,2025-10-12T17:47:12,NEFT,0,
TXN-0004868,ACC-00089,ACC-00032,1751953.96,2025-11-14T09:16:32,IMPS,0,
TXN-0004869,ACC-00101,ACC-00226,43141.97,2025-12-16T10:20:09,IMPS,0,
TXN-0004870,ACC-00111,ACC-00474,4283.18,2025-11-24T19:20:42,IMPS,0,
TXN-0004871,ACC-00494,ACC-00095,50241.85,2025-12-21T08:21:27,RTGS,0,
TXN-0004872,ACC-00166,ACC-00093,3186.78,2025-10-17T18:03:22,UPI,0,
TXN-0004873,ACC-00489,ACC-00290,4195.56,2025-12-28T07:37:06,NEFT,0,
TXN-0004874,ACC-00379,ACC-00210,5574.61,2025-12-25T14:10:50,UPI,0,
TXN-0004875,ACC-00051,ACC-00375,16321.57,2025-11-11T11:12:54,IMPS,0,
TXN-0004876,ACC-00336,ACC-00437,196132.2,2025-11-26T19:33:38,UPI,0,
TXN-0004877,ACC-00155,ACC-00120,102859.24,2025-11-23T16:54:04,NEFT,0,
TXN-0004878,ACC-00121,ACC-00459,93096.47,2025-10-17T04:07:18,UPI,0,
TXN-0004879,ACC-00186,ACC-00359,5023.77,2025-10-24T17:46:32,IMPS,0,
TXN-0004880,ACC-00438,ACC-00457,13706.62,2025-11-22T10:40:20,UPI,0,
TXN-0004881,ACC-00284,ACC-00481,59254.8,2025-10-30T21:50:06,UPI,0,
TXN-0004882,ACC-00062,ACC-00250,11719.67,2025-12-10T08:52:26,NEFT,0,
TXN-0004883,ACC-00377,ACC-00380,22003.14,2025-12-25T16:23:19,NEFT,0,
TXN-0004884,ACC-00082,ACC-00413,80373.97,2025-11-08T03:56:49,UPI,0,
TXN-0004885,ACC-00482,ACC-00010,19384.11,2025-11-25T10:37:41,UPI,0,
TXN-0004886,ACC-00443,ACC-00129,54551.87,2025-11-26T01:55:34,IMPS,0,
TXN-0004887,ACC-00396,ACC-00255,638521.88,2025-11-29T08:13:44,IMPS,0,
TXN-0004888,ACC-00059,ACC-00092,26652.92,2025-12-26T17:28:27,NEFT,0,
TXN-0004889,ACC-00422,ACC-00434,303400.22,2025-12-23T13:22:35,NEFT,0,
TXN-0004890,ACC-00001,ACC-00095,99395.9,2025-11-25T10:37:37,UPI,0,
TXN-0004891,ACC-00035,ACC-00082,2588.84,2025-10-06T09:10:43,UPI,0,
TXN-0004892,ACC-00341,ACC-00461,4994.8,2025-11-27T20:32:16,NEFT,0,
TXN-0004893,ACC-00269,ACC-00466,8099.26,2025-11-18T07:43:37,IMPS,0,
TXN-0004894,ACC-00109,ACC-00251,7795.46,2025-12-08T17:34:12,RTGS,0,
TXN-0004895,ACC-00167,ACC-00070,30868.1,2025-11-26T06:30:57,ATM,0,
TXN-0004896,ACC-00484,ACC-00468,109793.79,2025-11-20T09:13:45,UPI,0,
TXN-0004897,ACC-00076,ACC-00014,347766.01,2025-12-18T20:50:40,IMPS,0,
TXN-0004898,ACC-00497,ACC-00050,63241.45,2025-10-14T01:54:42,IMPS,0,
TXN-0004899,ACC-00203,ACC-00373,16281.37,2025-12-16T18:11:53,IMPS,0,
TXN-0004900,ACC-00027,ACC-00280,855.74,2025-10-19T07:05:53,UPI,0,
TXN-0004901,ACC-00452,ACC-00022,41235.76,2025-10-26T18:13:14,IMPS,0,
TXN-0004902,ACC-00250,ACC-00310,38039.73,2025-12-18T17:22:38,RTGS,0,
TXN-0004903,ACC-00453,ACC-00238,50476.93,2025-11-20T08:28:53,NEFT,0,
TXN-0004904,ACC-00442,ACC-00291,1609175.57,2025-11-12T13:28:33,UPI,0,
TXN-0004905,ACC-00107,ACC-00354,338769.02,2025-12-11T20:16:51,IMPS,0,
TXN-0004906,ACC-00449,ACC-00190,149209.95,2025-12-04T19:01:59,NEFT,0,
TXN-0004907,ACC-00094,ACC-00121,6426.99,2025-12-01T21:18:46,NEFT,0,
TXN-0004908,ACC-00473,ACC-00031,14423.43,2025-12-17T13:05:14,IMPS,0,
TXN-0004909,ACC-00384,ACC-00404,30616.05,2025-12-18T23:51:00,IMPS,0,
TXN-0004910,ACC-00103,ACC-00008,8993.59,2025-10-28T00:05:25,ATM,0,
TXN-0004911,ACC-00120,ACC-00472,89396.44,2025-11-07T15:45:30,NEFT,0,
TXN-0004912,ACC-00417,ACC-00293,69039.63,2025-12-23T00:43:36,IMPS,0,
TXN-0004913,ACC-00164,ACC-00056,5120.7,2025-11-14T16:22:41,UPI,0,
TXN-0004914,ACC-00427,ACC-00446,313097.55,2025-10-16T19:49:42,ATM,0,
TXN-0004915,ACC-00446,ACC-00372,43658.73,2025-11-25T09:23:56,RTGS,0,
TXN-0004916,ACC-00444,ACC-00047,1615.94,2025-10-03T05:13:20,IMPS,0,
TXN-0004917,ACC-00329,ACC-00295,33109.74,2025-10-17T06:15:24,IMPS,0,
TXN-0004918,ACC-00373,ACC-00482,60244.8,2025-11-26T23:31:42,IMPS,0,
TXN-0004919,ACC-00339,ACC-00012,209195.87,2025-10-09T23:28:57,UPI,0,
TXN-0004920,ACC-00244,ACC-00141,19782.29,2025-12-03T11:21:31,RTGS,0,
TXN-0004921,ACC-00261,ACC-00098,161181.91,2025-10-06T12:05:38,NEFT,0,
TXN-0004922,ACC-00100,ACC-00466,50861.2,2025-10-01T11:26:48,NEFT,0,
TXN-0004923,ACC-00240,ACC-00042,3404.66,2025-10-21T10:18:26,IMPS,0,
TXN-0004924,ACC-00255,ACC-00047,2843.24,2025-11-29T02:22:02,ATM,0,
TXN-0004925,ACC-00074,ACC-00203,273924.49,2025-10-05T16:49:06,NEFT,0,
TXN-0004926,ACC-00374,ACC-00077,312628.71,2025-10-12T05:16:24,UPI,0,
TXN-0004927,ACC-00060,ACC-00443,64941.14,2025-12-06T16:19:38,RTGS,0,
TXN-0004928,ACC-00491,ACC-00235,536205.14,2025-11-09T19:37:44,NEFT,0,
TXN-0004929,ACC-00338,ACC-00071,243262.83,2025-10-06T04:40:19,UPI,0,
TXN-0004930,ACC-00394,ACC-00381,124309.75,2025-12-05T09:13:24,UPI,0,
TXN-0004931,ACC-00057,ACC-00195,7041.94,2025-11-09T02:21:01,UPI,0,
TXN-0004932,ACC-00467,ACC-00092,819600.05,2025-10-05T01:31:12,UPI,0,
TXN-0004933,ACC-00369,ACC-00016,95353.14,2025-11-13T08:23:58,UPI,0,
TXN-0004934,ACC-00175,ACC-00338,18133.03,2025-12-12T02:20:09,RTGS,0,
TXN-0004935,ACC-00389,ACC-00224,10906.5,2025-10-25T03:27:07,UPI,0,
TXN-0004936,ACC-00318,ACC-00382,57653.76,2025-12-10T20:16:47,UPI,0,
TXN-0004937,ACC-00150,ACC-00292,1793.8,2025-10-19T16:25:42,NEFT,0,
TXN-0004938,ACC-00172,ACC-00106,127952.18,2025-11-22T01:18:59,UPI,0,
TXN-0004939,ACC-00091,ACC-00233,6526.15,2025-12-03T04:04:10,RTGS,0,
TXN-0004940,ACC-00415,ACC-00154,70763.22,2025-12-15T09:43:21,NEFT,0,
TXN-0004941,ACC-00076,ACC-00391,14201.22,2025-12-16T05:11:05,UPI,0,
TXN-0004942,ACC-00051,ACC-00046,22562.54,2025-10-28T14:49:03,UPI,0,
TXN-0004943,ACC-00285,ACC-00349,9298.07,2025-11-08T07:54:45,NEFT,0,
TXN-0004944,ACC-00071,ACC-00472,27167.78,2025-11-02T17:37:46,RTGS,0,
TXN-0004945,ACC-00295,ACC-00340,1089122.83,2025-11-01T17:07:28,ATM,0,
TXN-0004946,ACC-00076,ACC-00305,439374.47,2025-10-28T20:05:22,UPI,0,
TXN-0004947,ACC-00008,ACC-00430,68738.32,2025-12-19T22:17:02,NEFT,0,
TXN-0004948,ACC-00358,ACC-00433,34699.14,2025-11-05T14:32:10,ATM,0,
TXN-0004949,ACC-00179,ACC-00369,165969.97,2025-11-06T22:37:08,IMPS,0,
TXN-0004950,ACC-00033,ACC-00414,277602.83,2025-12-12T01:14:47,IMPS,0,
TXN-0004951,ACC-00000,ACC-00412,8154.51,2025-10-21T20:05:47,IMPS,0,
TXN-0004952,ACC-00291,ACC-00305,31590.45,2025-11-03T12:27:52,UPI,0,
TXN-0004953,ACC-00355,ACC-00298,1367.14,2025-11-18T05:03:50,IMPS,0,
TXN-0004954,ACC-00397,ACC-00049,274191.98,2025-10-23T05:17:23,ATM,0,
TXN-0004955,ACC-00060,ACC-00072,1494113.58,2025-10-27T17:52:22,UPI,0,
TXN-0004956,ACC-00478,ACC-00183,41946.43,2025-11-23T08:52:55,UPI,0,
TXN-0004957,ACC-00187,ACC-00198,792.33,2025-10-30T19:14:02,IMPS,0,
TXN-0004958,ACC-00066,ACC-00108,108662.6,2025-12-22T04:07:12,UPI,0,
TXN-0004959,ACC-00482,ACC-00038,7134.09,2025-12-26T05:25:42,IMPS,0,
TXN-0004960,ACC-00079,ACC-00013,11003.53,2025-10-14T16:11:40,ATM,0,
TXN-0004961,ACC-00476,ACC-00027,112177.48,2025-11-11T00:24:09,UPI,0,
TXN-0004962,ACC-00314,ACC-00082,57422.84,2025-11-16T12:52:27,UPI,0,
TXN-0004963,ACC-00253,ACC-00142,15084.22,2025-10-06T20:31:48,UPI,0,
TXN-0004964,ACC-00317,ACC-00031,11279.14,2025-11-13T00:31:54,IMPS,0,
TXN-0004965,ACC-00493,ACC-00043,45547.22,2025-11-11T20:49:11,NEFT,0,
TXN-0004966,ACC-00302,ACC-00011,17378.03,2025-11-10T00:49:28,UPI,0,
TXN-0004967,ACC-00064,ACC-00440,4931.38,2025-10-28T07:42:24,NEFT,0,
TXN-0004968,ACC-00483,ACC-00461,19958.02,2025-10-11T09:25:13,UPI,0,
TXN-0004969,ACC-00133,ACC-00487,66920.91,2025-12-23T21:23:40,UPI,0,
TXN-0004970,ACC-00449,ACC-00350,26355.01,2025-12-01T08:02:55,NEFT,0,
TXN-0004971,ACC-00113,ACC-00359,2851.74,2025-12-08T23:11:34,RTGS,0,
TXN-0004972,ACC-00016,ACC-00127,215413.85,2025-10-06T16:39:33,UPI,0,
TXN-0004973,ACC-00315,ACC-00185,262.47,2025-12-28T03:44:52,RTGS,0,
TXN-0004974,ACC-00489,ACC-00254,16261.29,2025-11-24T19:12:47,RTGS,0,
TXN-0004975,ACC-00327,ACC-00231,11892.26,2025-11-05T18:49:16,NEFT,0,
TXN-0004976,ACC-00402,ACC-00157,47416.33,2025-11-30T11:28:37,UPI,0,
TXN-0004977,ACC-00226,ACC-00302,99806.77,2025-12-05T17:41:01,IMPS,0,
TXN-0004978,ACC-00178,ACC-00190,276005.66,2025-10-28T16:11:59,NEFT,0,
TXN-0004979,ACC-00088,ACC-00484,10073.58,2025-10-24T21:26:55,UPI,0,
TXN-0004980,ACC-00430,ACC-00054,104385.72,2025-10-14T06:54:17,IMPS,0,
TXN-0004981,ACC-00128,ACC-00236,51661.76,2025-11-12T03:43:26,UPI,0,
TXN-0004982,ACC-00022,ACC-00284,1667.75,2025-10-06T18:24:30,IMPS,0,
TXN-0004983,ACC-00408,ACC-00401,1111223.77,2025-11-19T22:07:59,UPI,0,
TXN-0004984,ACC-00106,ACC-00013,2724.95,2025-12-18T06:20:29,RTGS,0,
TXN-0004985,ACC-00405,ACC-00211,77272.63,2025-11-23T18:32:54,UPI,0,
TXN-0004986,ACC-00230,ACC-00204,73271.57,2025-10-27T19:31:21,IMPS,0,
TXN-0004987,ACC-00046,ACC-00250,59643.84,2025-10-16T17:11:40,NEFT,0,
TXN-0004988,ACC-00021,ACC-00278,14909.62,2025-10-02T06:35:34,NEFT,0,
TXN-0004989,ACC-00415,ACC-00372,160983.12,2025-12-05T01:39:58,UPI,0,
TXN-0004990,ACC-00054,ACC-00075,2189.3,2025-11-27T13:12:05,UPI,0,
TXN-0004991,ACC-00368,ACC-00055,32257.58,2025-11-03T06:35:35,IMPS,0,
TXN-0004992,ACC-00237,ACC-00043,13161.16,2025-10-19T23:30:53,NEFT,0,
TXN-0004993,ACC-00209,ACC-00231,10730.7,2025-10-10T20:53:59,UPI,0,
TXN-0004994,ACC-00236,ACC-00364,78570.06,2025-10-23T06:02:56,UPI,0,
TXN-0004995,ACC-00496,ACC-00024,252574.46,2025-12-18T22:25:14,RTGS,0,
TXN-0004996,ACC-00184,ACC-00496,19577.57,2025-11-21T12:36:25,ATM,0,
TXN-0004997,ACC-00251,ACC-00153,148038.25,2025-10-20T08:51:21,IMPS,0,
TXN-0004998,ACC-00089,ACC-00058,39716.94,2025-12-08T08:35:23,UPI,0,
TXN-0004999,ACC-00008,ACC-00289,7281.43,2025-11-12T05:50:50,UPI,0,
TXN-0005000,RING-CF-00,RING-CF-01,500000.0,2025-11-15T08:00:00,NEFT,1,circular_flow
TXN-0005001,RING-CF-00,RING-CF-01,500000.0,2025-11-16T20:00:00,NEFT,1,circular_flow
TXN-0005002,RING-CF-00,RING-CF-01,500000.0,2025-11-16T06:00:00,NEFT,1,circular_flow
TXN-0005003,RING-CF-01,RING-CF-02,500000.0,2025-11-15T01:00:00,NEFT,1,circular_flow
TXN-0005004,RING-CF-01,RING-CF-02,500000.0,2025-11-15T02:00:00,NEFT,1,circular_flow
TXN-0005005,RING-CF-01,RING-CF-02,500000.0,2025-11-15T03:00:00,NEFT,1,circular_flow
TXN-0005006,RING-CF-02,RING-CF-03,500000.0,2025-11-15T17:00:00,NEFT,1,circular_flow
TXN-0005007,RING-CF-02,RING-CF-03,500000.0,2025-11-16T01:00:00,NEFT,1,circular_flow
TXN-0005008,RING-CF-02,RING-CF-03,500000.0,2025-11-16T02:00:00,NEFT,1,circular_flow
TXN-0005009,RING-CF-03,RING-CF-04,500000.0,2025-11-16T03:00:00,NEFT,1,circular_flow
TXN-0005010,RING-CF-03,RING-CF-04,500000.0,2025-11-15T06:00:00,NEFT,1,circular_flow
TXN-0005011,RING-CF-03,RING-CF-04,500000.0,2025-11-15T19:00:00,NEFT,1,circular_flow
TXN-0005012,RING-CF-04,RING-CF-00,500000.0,2025-11-15T21:00:00,NEFT,1,circular_flow
TXN-0005013,RING-CF-04,RING-CF-00,500000.0,2025-11-16T16:00:00,NEFT,1,circular_flow
TXN-0005014,RING-CF-04,RING-CF-00,500000.0,2025-11-16T13:00:00,NEFT,1,circular_flow
TXN-0005015,RING-LY-00,RING-LY-01,1800000.0,2025-10-21T00:00:00,RTGS,1,layering
TXN-0005016,RING-LY-01,RING-LY-02,1300000.0,2025-10-21T08:00:00,RTGS,1,layering
TXN-0005017,RING-LY-02,RING-LY-03,950000.0,2025-10-21T16:00:00,RTGS,1,layering
TXN-0005018,RING-LY-03,RING-LY-04,680000.0,2025-10-22T00:00:00,RTGS,1,layering
TXN-0005019,RING-LY-04,RING-LY-05,490000.0,2025-10-22T08:00:00,RTGS,1,layering
TXN-0005020,RING-ST-00,RING-ST-01,950000.0,2025-11-30T00:19:00,UPI,1,structuring
TXN-0005021,RING-ST-00,RING-ST-02,950000.0,2025-11-30T02:16:00,UPI,1,structuring
TXN-0005022,RING-ST-00,RING-ST-03,950000.0,2025-11-30T04:53:00,UPI,1,structuring
TXN-0005023,RING-ST-00,RING-ST-01,950000.0,2025-11-30T06:25:00,UPI,1,structuring
TXN-0005024,RING-MU-01,RING-MU-00,103819.0,2025-11-05T02:00:00,NEFT,1,mule
TXN-0005025,RING-MU-02,RING-MU-00,195968.0,2025-11-05T04:00:00,RTGS,1,mule
TXN-0005026,RING-MU-03,RING-MU-00,172013.0,2025-11-05T05:00:00,UPI,1,mule
TXN-0005027,RING-MU-04,RING-MU-00,159930.0,2025-11-05T03:00:00,UPI,1,mule
TXN-0005028,RING-MU-05,RING-MU-00,112591.0,2025-11-05T05:00:00,UPI,1,mule
TXN-0005029,RING-MU-06,RING-MU-00,160190.0,2025-11-05T03:00:00,UPI,1,mule
TXN-0005030,RING-MU-07,RING-MU-00,139383.0,2025-11-05T04:00:00,UPI,1,mule
TXN-0005031,RING-MU-08,RING-MU-00,88488.0,2025-11-05T03:00:00,UPI,1,mule
TXN-0005032,RING-MU-09,RING-MU-00,153509.0,2025-11-05T02:00:00,UPI,1,mule
TXN-0005033,RING-MU-10,RING-MU-00,98656.0,2025-11-05T01:00:00,ATM,1,mule
TXN-0005034,RING-MU-11,RING-MU-00,126605.0,2025-11-05T04:00:00,IMPS,1,mule
TXN-0005035,RING-MU-12,RING-MU-00,188202.0,2025-11-05T05:00:00,NEFT,1,mule
TXN-0005036,RING-MU-00,RING-MU-13,242244.0,2025-11-05T16:00:00,UPI,1,mule
TXN-0005037,RING-MU-00,RING-MU-14,231735.0,2025-11-05T17:00:00,ATM,1,mule
TXN-0005038,RING-MU-00,RING-MU-15,158196.0,2025-11-05T12:00:00,NEFT,1,mule
TXN-0005039,RING-MU-00,RING-MU-16,239645.0,2025-11-05T16:00:00,UPI,1,mule
TXN-0005040,RING-MU-00,RING-MU-17,110770.0,2025-11-05T14:00:00,UPI,1,mule
TXN-0005041,RING-MU-00,RING-MU-18,167772.0,2025-11-05T14:00:00,NEFT,1,mule
TXN-0005042,RING-MU-00,RING-MU-19,297366.0,2025-11-05T16:00:00,NEFT,1,mule
TXN-0005043,RING-MU-00,RING-MU-20,250929.0,2025-11-05T09:00:00,NEFT,1,mule
TXN-0005044,RING-DB-00,RING-DB-01,800000.0,2025-12-28T01:31:00,IMPS,1,dormant_burst
TXN-0005045,RING-DB-00,RING-DB-02,800000.0,2025-12-28T02:09:00,IMPS,1,dormant_burst
TXN-0005046,RING-DB-00,RING-DB-03,800000.0,2025-12-28T03:16:00,IMPS,1,dormant_burst
TXN-0005047,RING-DB-00,RING-DB-04,800000.0,2025-12-28T04:07:00,IMPS,1,dormant_burst
TXN-0005048,RING-DB-00,RING-DB-05,800000.0,2025-12-28T05:39:00,IMPS,1,dormant_burst
